避難收容處所名稱,地址,縣市及鄉鎮市區,所在鄉鎮,經度,緯度,預計收容人數,室內設施,最近AQI測站,最近AQI值,距離測站(km),風險等級
五峰活動中心,,新竹縣,苗栗縣泰安鄉,121.073,24.386,110,True,三義,35.0,31.75,Low Risk
金門縣烈嶼鄉林湖村辦公處,東林24號,金門縣烈嶼鄉,金門縣烈嶼鄉,118.248571,24.428328,30,True,金門,48.0,6.46,Low Risk
南坑村集會所暨南外社區活動中心,9鄰大南坑1-5號,新竹縣北埔鄉,新竹縣北埔鄉,121.0561,24.6725,20,True,竹東,49.0,8.3,Low Risk
烏坵鄉小坵村活動中心,無門牌號碼,金門縣烏坵鄉,金門縣烏坵鄉,119.47,24.98,20,True,金門,48.0,131.87,Low Risk
金門縣烏坵鄉公所大廳,1號,金門縣烏坵鄉,金門縣烏坵鄉,119.453178,24.988739,30,True,金門,48.0,130.81,Low Risk
霞雲社區活動中心,6鄰22-1號,桃園市復興區,桃園市復興區,121.406238,24.814018,36,True,新北（樹林）,55.0,15.19,Low Risk
澤仁里辦公處,14鄰中正路168之1號,桃園市復興區,桃園市復興區,121.351987,24.820601,40,True,龍潭,92.0,14.5,Low Risk
奎輝里活動中心,3鄰羅馬路3段355號,桃園市復興區,桃園市復興區,121.334302,24.797047,50,True,龍潭,92.0,14.03,Low Risk
高義教會,6鄰48號,桃園市復興區,桃園市復興區,121.354462,24.706112,61,True,龍潭,92.0,22.41,Low Risk
東莒老人活動中心,57-1號,連江縣莒光鄉,連江縣莒光鄉,119.977206,25.956666,0,True,馬祖,32.0,22.05,Low Risk
莒光指揮部國軍文康中心,莒光指揮部國軍文康中心,連江縣莒光鄉,連江縣莒光鄉,119.932125,25.97828,0,True,馬祖,32.0,19.62,Low Risk
青帆老人活動中心,1號,連江縣莒光鄉,連江縣莒光鄉,119.933712,25.969995,150,True,馬祖,32.0,20.52,Low Risk
敬恆國中小禮堂,18號,連江縣莒光鄉,連江縣莒光鄉,119.933934,25.970819,200,True,馬祖,32.0,20.43,Low Risk
東莒國小綜合教室,4號,連江縣莒光鄉,連江縣莒光鄉,119.97711,25.957484,200,True,馬祖,32.0,21.96,Low Risk
上大社區活動中心,8鄰大湖路一段510號,桃園市觀音區,桃園市觀音區,121.147333,24.978234,0,True,平鎮,72.0,6.37,Low Risk
武威社區活動中心,4鄰武威一路10號,桃園市觀音區,桃園市觀音區,121.073317,25.028242,0,True,觀音,45.0,1.26,Low Risk
塔腳社區活動中心,4鄰塔腳路116號,桃園市觀音區,桃園市觀音區,121.154708,25.049298,0,True,大園,58.0,4.99,Low Risk
廣福社區活動中心,福山路二段403巷6號,桃園市觀音區,桃園市觀音區,121.153383,25.019018,0,True,大園,58.0,6.8,Low Risk
草漯國民小學,新生路1462號,桃園市觀音區,桃園市觀音區,121.142939,25.045941,100,True,觀音,45.0,6.16,Low Risk
上大國民小學,8鄰大湖路一段540號,桃園市觀音區,桃園市觀音區,121.146755,24.979129,100,True,平鎮,72.0,6.47,Low Risk
崙坪國民小學,崙坪里297之1號,桃園市觀音區,桃園市觀音區,121.162676,24.999596,100,True,平鎮,72.0,6.67,Low Risk
富林國民小學,大觀路三段466號,桃園市觀音區,桃園市觀音區,121.1285,25.062195,100,True,觀音,45.0,5.47,Low Risk
樹林國民小學,觀音鄉樹林村新村路二段十二號,桃園市觀音區,桃園市觀音區,121.128468,25.062176,100,True,觀音,45.0,5.47,Low Risk
觀音區公所綠資源中心,觀新路56號,桃園市觀音區,桃園市觀音區,121.083597,25.028281,0,True,觀音,45.0,0.81,Low Risk
高雄市前鎮區光華國民小學,廣西路57號,高雄市前鎮區,高雄市前鎮區,120.32,22.615,300,True,復興,108.0,1.08,High Risk
大武國小,民族街2巷49號,臺東縣大武鄉,臺東縣大武鄉,120.905497,22.365009,350,True,屏東（枋山）,70.0,28.58,Low Risk
尖山國小操場,尖豐路305號,苗栗縣頭份市,苗栗縣頭份市,120.894048,24.64686,200,True,頭份,62.0,5.58,Low Risk
高雄市小港區鳳林國民小學,鳳林路207號,高雄市小港區,高雄市小港區,120.343,22.527,300,True,小港,105.0,4.35,High Risk
大武社區活動中心,2鄰小山巷7號,屏東縣霧臺鄉,屏東縣霧臺鄉,120.754782,22.757534,30,True,美濃,83.0,26.92,Low Risk
和平國小,和平112號,花蓮縣秀林鄉,花蓮縣秀林鄉,121.748879,24.308073,250,True,冬山,46.0,36.32,Low Risk
佳義社區活動中心,泰平巷11號,屏東縣瑪家鄉,屏東縣內埔鄉,120.630874,22.653475,0,True,屏東,109.0,14.82,High Risk
中東社區活動中心,山腳路五段185巷20號,彰化縣員林市,彰化縣員林市,120.599689,23.971414,30,True,員林,65.0,3.87,Low Risk
崇實高工體育館,育英路103號,彰化縣員林市,彰化縣員林市,120.574848,23.961057,80,True,員林,65.0,1.19,Low Risk
東芳國小,彰馬路45號,彰化縣彰化市,彰化縣彰化市,120.516345,24.062538,145,True,彰化,65.0,2.58,Low Risk
三義社區活動中心,員鹿路245巷112號,彰化縣員林市,彰化縣員林市,120.563531,23.95268,200,True,員林,65.0,0.99,Low Risk
大同國中,大同路一段345號,彰化縣員林市,彰化縣員林市,120.579502,23.963213,200,True,員林,65.0,1.67,Low Risk
員林農工體育館,員水路二段313號,彰化縣員林市,彰化縣員林市,120.581692,23.955187,200,True,員林,65.0,2.01,Low Risk
員林市員東國小,員東路二段12號,彰化縣員林市,彰化縣員林市,120.587309,23.961879,200,True,員林,65.0,2.45,Low Risk
員林市員林國中活動中心,南潭路2號,彰化縣員林市,彰化縣員林市,120.557085,23.979184,200,True,員林,65.0,2.05,Low Risk
員林市員林國小,三民東街221號,彰化縣員林市,彰化縣員林市,120.57921,23.960059,300,True,員林,65.0,1.64,Low Risk
健康公園,忠明南路與五權南路交叉口,臺中市南區,臺中市南區,120.667553,24.119757,7500,False,大里,56.0,2.5,Warning
屏東市信義國小,信義路262號,屏東縣屏東市,屏東縣屏東市,120.49197,22.68523,965,True,屏東,109.0,1.41,High Risk
光隆營區,光興路1001號,臺中市太平區,臺中市太平區,120.7305,24.1112,80,True,大里,56.0,5.44,Low Risk
大快官藝文館,彰南路五段8號,彰化縣彰化市,彰化縣彰化市,120.613159,24.068651,45,True,彰化,65.0,7.28,Low Risk
彰德國中勤學樓、育英樓穿堂,彰南路二段512巷97號,彰化縣彰化市,彰化縣彰化市,120.589342,24.08054,45,True,彰化,65.0,5.12,Low Risk
介壽社區活動中心,介壽新村21號,彰化縣彰化市,彰化縣彰化市,120.551727,24.070873,45,True,彰化,65.0,1.17,Low Risk
國聖國小,中山路三段608號,彰化縣彰化市,彰化縣彰化市,120.568089,24.092292,54,True,彰化,65.0,3.98,Low Risk
石牌國小,田坑路一段9號,彰化縣彰化市,彰化縣彰化市,120.614942,24.058558,63,True,彰化,65.0,7.5,Low Risk
茄苳社區活動中心,茄苳路二段292號,彰化縣彰化市,彰化縣彰化市,120.547944,24.10378,64,True,彰化,65.0,4.25,Low Risk
三民國小,田中路125號,彰化縣彰化市,彰化縣彰化市,120.604547,24.085743,77,True,彰化,65.0,6.76,Low Risk
南北管戲曲音樂館,平和七街66號,彰化縣彰化市,彰化縣彰化市,120.529851,24.068206,77,True,彰化,65.0,1.21,Low Risk
牛埔社區活動中心,彰南路三段226號,彰化縣彰化市,彰化縣彰化市,120.597531,24.081368,78,True,彰化,65.0,5.94,Low Risk
桃源社區活動中心,公園路二段102之1號,彰化縣彰化市,彰化縣彰化市,120.559047,24.072547,90,True,彰化,65.0,1.92,Low Risk
南興社區活動中心,中山路一段189巷49號,彰化縣彰化市,彰化縣彰化市,120.533189,24.056604,93,True,彰化,65.0,1.34,Low Risk
快官社區活動中心,彰南路四段566號之1,彰化縣彰化市,彰化縣彰化市,120.612013,24.068422,115,True,彰化,65.0,7.16,Low Risk
福山社區活動中心,福山街168號,彰化縣彰化市,彰化縣彰化市,120.571394,24.082668,177,True,彰化,65.0,3.55,Low Risk
延和社區活動中心,埔西街111號,彰化縣彰化市,彰化縣彰化市,120.538252,24.059306,184,True,彰化,65.0,0.81,Low Risk
泰和國小,泰和路二段145巷1號,彰化縣彰化市,彰化縣彰化市,120.55168,24.092496,203,True,彰化,65.0,3.12,Low Risk
彰興國中,埔西街107號,彰化縣彰化市,彰化縣彰化市,120.538251,24.059274,242,True,彰化,65.0,0.82,Low Risk
信義國中小,向陽街168號,彰化縣彰化市,彰化縣彰化市,120.52814,24.062723,399,True,彰化,65.0,1.41,Low Risk
雅溝社區活動中心,南軒路359巷7號,彰化縣和美鎮,彰化縣和美鎮,120.492521,24.099707,150,True,線西,64.0,4.28,Low Risk
港口社區活動中心,港口路42號,屏東縣滿州鄉,屏東縣滿州鄉,120.8271,21.9912,50,True,恆春,39.0,5.39,Low Risk
恆春國中收容所,文化路79號,屏東縣恆春鎮,屏東縣恆春鎮,120.7475,22.0031,1400,True,恆春,39.0,6.58,Low Risk
恆春鎮公所,天文路1號,屏東縣恆春鎮,屏東縣恆春鎮,120.7474,22.0038,220,True,恆春,39.0,6.65,Low Risk
永靖社區活動中心,庄內路33巷8-1號,屏東縣滿州鄉,屏東縣滿州鄉,120.8092,22.0052,30,True,恆春,39.0,5.64,Low Risk
永港國民小學,新庄路25號,屏東縣滿州鄉,屏東縣滿州鄉,120.817377,22.005679,100,True,恆春,39.0,6.05,Low Risk
恒春國小收容所,北門路39巷26號,屏東縣恆春鎮,屏東縣恆春鎮,120.7466,22.0064,200,True,恆春,39.0,6.92,Low Risk
僑勇國小收容所,西門路146號,屏東縣恆春鎮,屏東縣恆春鎮,120.7442,22.0087,430,True,恆春,39.0,7.28,Low Risk
滿州國民小學,中山路39號,屏東縣滿州鄉,屏東縣滿州鄉,120.838101,22.020382,100,True,恆春,39.0,8.59,Low Risk
屏東縣滿州鄉公所,中山路43號,屏東縣滿州鄉,屏東縣滿州鄉,120.8386,22.0209,30,True,恆春,39.0,8.66,Low Risk
滿州社區活動中心,中山路107號,屏東縣滿州鄉,屏東縣滿州鄉,120.8371,22.0233,30,True,恆春,39.0,8.79,Low Risk
屏東縣滿州鄉圖書館,中山路152號,屏東縣滿州鄉,屏東縣滿州鄉,120.8377,22.0243,100,True,恆春,39.0,8.92,Low Risk
滿州國民中學,文化路32號,屏東縣滿州鄉,屏東縣滿州鄉,120.839695,22.024499,100,True,恆春,39.0,9.05,Low Risk
蘭恩活動中心,臺東縣蘭嶼鄉紅頭村漁人147號,臺東縣蘭嶼鄉,臺東縣蘭嶼鄉,121.539,22.026,500,True,恆春,39.0,77.7,Low Risk
響林活動中心,福德路64巷3號,屏東縣滿州鄉,屏東縣滿州鄉,120.8335,22.0377,50,True,恆春,39.0,9.98,Low Risk
椰油國民小學,1號,臺東縣蘭嶼鄉,臺東縣蘭嶼鄉,121.5176,22.0453,100,True,恆春,39.0,75.75,Low Risk
蘭嶼完全高級中學,臺東縣蘭嶼鄉椰油村34號,臺東縣蘭嶼鄉,臺東縣蘭嶼鄉,121.5126,22.0494,500,True,恆春,39.0,75.3,Low Risk
屏東縣立車城國小保力分校,保力路30號,屏東縣車城鄉,屏東縣車城鄉,120.7275,22.0561,63,True,恆春,39.0,12.61,Low Risk
屏東縣立車城國小射寮分校,埔墘路38號,屏東縣車城鄉,屏東縣車城鄉,120.7118,22.0567,63,True,恆春,39.0,13.55,Low Risk
屏東縣立車城國中,新興路42號,屏東縣車城鄉,屏東縣車城鄉,120.7165,22.0729,350,True,恆春,39.0,14.79,Low Risk
高士國小牡林分校,四林路80號,屏東縣牡丹鄉,屏東縣牡丹鄉,120.8139,22.0731,304,True,恆春,39.0,13.05,Low Risk
長樂村長壽俱樂部,和平路21號,屏東縣滿州鄉,屏東縣滿州鄉,120.8258,22.0742,50,True,恆春,39.0,13.46,Low Risk
屏東縣立車城國小,中山路66號,屏東縣車城鄉,屏東縣車城鄉,120.7146,22.0749,250,True,恆春,39.0,15.08,Low Risk
長樂國小,大公路35號,屏東縣滿州鄉,屏東縣滿州鄉,120.8286,22.0755,120,True,恆春,39.0,13.68,Low Risk
車城福安宮香客大樓,福安路5之1號,屏東縣車城鄉,屏東縣車城鄉,120.7119,22.0766,100,True,恆春,39.0,15.39,Low Risk
朗島國小,臺東縣蘭嶼鄉朗島村17號,臺東縣蘭嶼鄉,臺東縣蘭嶼鄉,121.5286,22.0792,100,True,恆春,39.0,77.43,Low Risk
屏東縣立車城國小溫泉分校,文化路23號,屏東縣車城鄉,屏東縣車城鄉,120.7487,22.096,63,True,恆春,39.0,15.89,Low Risk
九棚永久屋大愛基地活動中心,九棚路大愛巷6號,屏東縣滿州鄉,屏東縣滿州鄉,120.87378,22.111079,100,True,恆春,39.0,19.13,Low Risk
高士國小,高士路29號,屏東縣牡丹鄉,屏東縣牡丹鄉,120.847,22.1248,350,True,恆春,39.0,19.48,Low Risk
石門村活動中心,石門路18號,屏東縣牡丹鄉,屏東縣牡丹鄉,120.774,22.1254,100,True,恆春,39.0,18.67,Low Risk
港仔活動中心,港仔路67號,屏東縣滿州鄉,屏東縣滿州鄉,120.8815,22.1334,50,True,恆春,39.0,21.71,Low Risk
竹坑活動中心,竹坑一巷1鄰8號,屏東縣獅子鄉,屏東縣獅子鄉,120.7012,22.1454,40,True,屏東（枋山）,70.0,13.83,Low Risk
牡丹國小,牡丹路93號,屏東縣牡丹鄉,屏東縣牡丹鄉,120.8377,22.1766,350,True,屏東（枋山）,70.0,21.34,Low Risk
楓港國民小學,光復24號,屏東縣枋山鄉,屏東縣枋山鄉,120.6922,22.1902,90,True,屏東（枋山）,70.0,8.91,Low Risk
旭海村活動中心,旭海路93-1號,屏東縣牡丹鄉,屏東縣牡丹鄉,120.8786,22.1917,250,True,屏東（枋山）,70.0,24.61,Low Risk
楓港老人文康中心,村舊庄1-2號,屏東縣枋山鄉,屏東縣枋山鄉,120.6895,22.193,80,True,屏東（枋山）,70.0,8.5,Low Risk
楓林國小,楓林二巷22之2號,屏東縣獅子鄉,屏東縣獅子鄉,120.7038,22.2022,50,True,屏東（枋山）,70.0,8.46,Low Risk
丹路國小,丹路一巷39號,屏東縣獅子鄉,屏東縣獅子鄉,120.7515,22.2034,50,True,屏東（枋山）,70.0,12.12,Low Risk
獅子鄉立綜合體育館,舊庄280號,屏東縣獅子鄉,屏東縣枋山鄉,120.7014,22.2051,100,True,屏東（枋山）,70.0,8.06,Low Risk
東源村活動中心,東源路6號,屏東縣牡丹鄉,屏東縣牡丹鄉,120.851,22.2052,250,True,屏東（枋山）,70.0,21.45,Low Risk
內文活動中心,3鄰26號,屏東縣獅子鄉,屏東縣獅子鄉,120.8507,22.2183,40,True,屏東（枋山）,70.0,21.05,Low Risk
獅子活動中心,3鄰35號,屏東縣獅子鄉,屏東縣獅子鄉,120.6805,22.2323,0,True,屏東（枋山）,70.0,4.36,Low Risk
草埔活動中心,6鄰64號,屏東縣獅子鄉,屏東縣獅子鄉,120.8014,22.2341,40,True,屏東（枋山）,70.0,15.72,Low Risk
枋山鄉公所,枋山路82號,屏東縣枋山鄉,屏東縣枋山鄉,120.6524235,22.26396799,50,True,屏東（枋山）,70.0,0.36,Low Risk
枋寮高中正成分校,國中路1號,屏東縣枋山鄉,屏東縣枋山鄉,120.6606,22.2643,150,True,屏東（枋山）,70.0,1.01,Low Risk
南田基督教會,臺東縣達仁鄉南田村3鄰20號,臺東縣達仁鄉,臺東縣達仁鄉,120.890256,22.276682,50,True,屏東（枋山）,70.0,24.63,Low Risk
森永活動中心,臺東縣達仁鄉森永村3鄰31號,臺東縣達仁鄉,臺東縣達仁鄉,120.864826,22.280641,100,True,屏東（枋山）,70.0,22.06,Low Risk
南田活動中心,臺東縣達仁鄉南田村10之2號,臺東縣達仁鄉,臺東縣達仁鄉,120.888972,22.286514,100,True,屏東（枋山）,70.0,24.6,Low Risk
安朔基督教會,臺東縣達仁鄉安朔村2鄰20號,臺東縣達仁鄉,臺東縣達仁鄉,120.866016,22.292996,50,True,屏東（枋山）,70.0,22.36,Low Risk
安朔集會所,6鄰安朔路114號,臺東縣達仁鄉,臺東縣達仁鄉,120.867753,22.293497,50,True,屏東（枋山）,70.0,22.55,Low Risk
安朔國小,臺東縣達仁鄉安朔村8鄰113號,臺東縣達仁鄉,臺東縣達仁鄉,120.868276,22.294292,200,True,屏東（枋山）,70.0,22.61,Low Risk
達仁鄉公所禮堂,9鄰復興路14號,臺東縣達仁鄉,臺東縣達仁鄉,120.883062,22.297005,100,True,屏東（枋山）,70.0,24.17,Low Risk
內獅國小,內獅村1號,屏東縣獅子鄉,屏東縣枋山鄉,120.6427,22.3052,0,True,屏東（枋山）,70.0,5.01,Low Risk
南興村社區活動中心,達興路173號,臺東縣大武鄉,臺東縣大武鄉,120.8867,22.3104,200,True,屏東（枋山）,70.0,24.82,Low Risk
南福社區活動中心,忠孝路1-10號,屏東縣琉球鄉,屏東縣琉球鄉,120.3634,22.3284,50,True,屏東（琉球）,78.0,3.01,Low Risk
加祿國民小學,會社28號,屏東縣枋山鄉,屏東縣枋山鄉,120.6211,22.3302,60,True,屏東（枋山）,70.0,8.32,Low Risk
大福社區活動中心,和平路3巷14-1號,屏東縣琉球鄉,屏東縣琉球鄉,120.3708,22.3338,100,True,屏東（琉球）,78.0,2.15,Low Risk
琉球國中,中正路158號,屏東縣琉球鄉,屏東縣琉球鄉,120.3685,22.336,200,True,屏東（琉球）,78.0,2.01,Low Risk
琉球國小,中正路293號,屏東縣琉球鄉,屏東縣琉球鄉,120.3683,22.3371,200,True,屏東（琉球）,78.0,1.92,Low Risk
尚武村社區活動中心,政通3街1號,臺東縣大武鄉,臺東縣大武鄉,120.8818,22.342,100,True,屏東（枋山）,70.0,25.35,Low Risk
大武鄉立托兒所,政通5街6-1號,臺東縣大武鄉,臺東縣大武鄉,120.8806,22.3425,100,True,屏東（枋山）,70.0,25.26,Low Risk
全德國小,復興路97號,屏東縣琉球鄉,屏東縣琉球鄉,120.3692,22.3462,200,True,屏東（琉球）,78.0,1.06,Low Risk
琉球鄉公所,行政路12號,屏東縣琉球鄉,屏東縣琉球鄉,120.3837,22.3501,150,True,屏東（琉球）,78.0,0.71,Low Risk
老人文康活動中心,海邊路6號,屏東縣枋寮鄉,屏東縣枋寮鄉,120.5997,22.3562,150,True,屏東（枋山）,70.0,11.86,Low Risk
大武老人會館,大武街110號,臺東縣大武鄉,臺東縣大武鄉,120.9038,22.3564,150,True,屏東（枋山）,70.0,28.05,Low Risk
大武鄉多功能綜合活動中心暨避難收容所,大武街21巷1號,臺東縣大武鄉,臺東縣大武鄉,120.9064,22.3581,300,True,屏東（枋山）,70.0,28.36,Low Risk
古華社區活動中心,古華路6鄰2巷46號,屏東縣春日鄉,屏東縣春日鄉,120.6281,22.3596,100,True,屏東（枋山）,70.0,11.24,Low Risk
大武村社區活動中心,大武街56號,臺東縣大武鄉,臺東縣大武鄉,120.8975,22.3596,100,True,屏東（枋山）,70.0,27.59,Low Risk
古華國民小學,3巷63號,屏東縣春日鄉,屏東縣春日鄉,120.626,22.361,200,True,屏東（枋山）,70.0,11.43,Low Risk
僑德國小,僑德路186號,屏東縣枋寮鄉,屏東縣枋寮鄉,120.6,22.3631,320,True,屏東（枋山）,70.0,12.54,Low Risk
枋寮國小,德興路197號,屏東縣枋寮鄉,屏東縣枋寮鄉,120.5908,22.3678,189,True,屏東（枋山）,70.0,13.43,Low Risk
士文聚會所,64-2號,屏東縣春日鄉,屏東縣春日鄉,120.6639,22.3685,50,True,屏東（枋山）,70.0,12.03,Low Risk
古華國民小學-士文分校,65號,屏東縣春日鄉,屏東縣春日鄉,120.6635,22.3689,60,True,屏東（枋山）,70.0,12.07,Low Risk
春日社區活動中心,春日路13號,屏東縣春日鄉,屏東縣春日鄉,120.6243,22.3703,50,True,屏東（枋山）,70.0,12.48,Low Risk
春日國民小學,春日路314號,屏東縣春日鄉,屏東縣春日鄉,120.627,22.3703,200,True,屏東（枋山）,70.0,12.42,Low Risk
枋寮高中,義民路3號,屏東縣枋寮鄉,屏東縣枋寮鄉,120.5908,22.3711,1136,True,屏東（枋山）,70.0,13.75,Low Risk
臺東縣立安朔國小新化分校,57號,臺東縣達仁鄉,臺東縣達仁鄉,120.856773,22.381551,200,True,屏東（枋山）,70.0,25.02,Low Risk
建興國小,建興路39號,屏東縣枋寮鄉,屏東縣枋寮鄉,120.6019,22.387,162,True,屏東（枋山）,70.0,14.92,Low Risk
東海國小,東海路486號,屏東縣枋寮鄉,屏東縣枋寮鄉,120.5773,22.4013,524,True,潮州,143.0,13.65,High Risk
東海國小太源分校,太源路2-10號,屏東縣枋寮鄉,屏東縣枋寮鄉,120.593,22.4082,90,True,潮州,143.0,13.19,High Risk
國立佳冬高農,佳農街17號,屏東縣佳冬鄉,屏東縣佳冬鄉,120.5584,22.409,239,True,潮州,143.0,12.69,High Risk
加津林活動中心,加津林50號,臺東縣大武鄉,臺東縣大武鄉,120.9223,22.4162,200,True,屏東（枋山）,70.0,32.77,Low Risk
佳冬鄉立幼兒園,文化一路240號,屏東縣佳冬鄉,屏東縣佳冬鄉,120.5669,22.423,200,True,潮州,143.0,11.15,High Risk
力里國民小學,自強1路92號,屏東縣春日鄉,屏東縣枋寮鄉,120.629,22.4277,200,True,潮州,143.0,12.69,High Risk
春日鄉立老人文康中心,9鄰自強1路18號,屏東縣春日鄉,屏東縣枋寮鄉,120.6279,22.428,120,True,潮州,143.0,12.6,High Risk
佳冬國中,大同路1號,屏東縣佳冬鄉,屏東縣佳冬鄉,120.5668,22.4285,300,True,潮州,143.0,10.54,High Risk
屏東縣林邊鄉崎峰活動中心,成功路600號,屏東縣林邊鄉,屏東縣林邊鄉,120.4902,22.4298,200,True,林園,107.0,9.77,High Risk
來義鄉文物館,19鄰289號,屏東縣來義鄉,屏東縣來義鄉,120.6379,22.435,100,True,潮州,143.0,12.57,High Risk
南和國小,51號,屏東縣來義鄉,屏東縣來義鄉,120.6426,22.4364,200,True,潮州,143.0,12.77,High Risk
屏東縣林邊鄉仁和國民小學,中山路417號,屏東縣林邊鄉,屏東縣林邊鄉,120.5114,22.4374,200,True,潮州,143.0,10.82,High Risk
土?天主堂,1鄰22號,臺東縣達仁鄉,臺東縣達仁鄉,120.886914,22.453848,50,True,屏東（枋山）,70.0,32.35,Low Risk
臺東縣立土?國小,2鄰10 號,臺東縣達仁鄉,臺東縣達仁鄉,120.887664,22.453853,200,True,屏東（枋山）,70.0,32.41,Low Risk
達仁鄉立土?托兒所,1鄰106號,臺東縣達仁鄉,臺東縣達仁鄉,120.885982,22.454897,160,True,屏東（枋山）,70.0,32.36,Low Risk
大潭國小,大潭路93號,屏東縣東港鎮,屏東縣東港鎮,120.495771,22.456799,150,True,林園,107.0,8.99,High Risk
愛國蒲分校,愛國蒲6鄰92號,臺東縣大武鄉,臺東縣大武鄉,120.9227,22.4575,100,True,屏東（枋山）,70.0,35.44,Low Risk
以栗國小,船頭路25號,屏東縣東港鎮,屏東縣東港鎮,120.4629,22.4624,300,True,林園,107.0,5.59,High Risk
東隆宮香客大樓,東隆街21-1號,屏東縣東港鎮,屏東縣東港鎮,120.4488,22.4631,300,True,林園,107.0,4.22,High Risk
太麻里鄉多良村辦公處,18鄰大溪251號,臺東縣太麻里鄉,臺東縣太麻里鄉,120.9414,22.4631,80,True,屏東（枋山）,70.0,37.34,Low Risk
東隆國小,共和街45號,屏東縣東港鎮,屏東縣東港鎮,120.449937,22.463386,500,True,林園,107.0,4.31,High Risk
望嘉警察派出所,114-1號,屏東縣來義鄉,屏東縣來義鄉,120.6218,22.4636,100,True,潮州,143.0,9.09,High Risk
屏東縣林邊鄉竹林國民小學,中興122號,屏東縣林邊鄉,屏東縣林邊鄉,120.5331,22.4642,100,True,潮州,143.0,7.16,High Risk
東港高中,船頭路1號,屏東縣東港鎮,屏東縣東港鎮,120.4555,22.4652,450,True,林園,107.0,4.77,High Risk
東光國小,長春二路15號,屏東縣東港鎮,屏東縣東港鎮,120.4596,22.4694,150,True,林園,107.0,5.04,High Risk
東港國小,中正路一段10號,屏東縣東港鎮,屏東縣東港鎮,120.4547,22.4707,300,True,林園,107.0,4.52,High Risk
新埤鄉立幼兒園,民眾路103號,屏東縣新埤鄉,屏東縣新埤鄉,120.611,22.4754,250,True,潮州,143.0,7.37,High Risk
臺東縣台?國民小學,10鄰59-1號,臺東縣達仁鄉,臺東縣達仁鄉,120.9077,22.47755,200,True,屏東（枋山）,70.0,35.7,Low Risk
台?活動中心,10鄰56號,臺東縣達仁鄉,臺東縣達仁鄉,120.9081,22.47805,100,True,屏東（枋山）,70.0,35.77,Low Risk
東興國小,興東路43-1號,屏東縣東港鎮,屏東縣東港鎮,120.4657,22.4784,461,True,林園,107.0,5.54,High Risk
北市大附小,公園路29號,臺北市中正區,臺東縣達仁鄉,120.913,22.4797,157,True,屏東（枋山）,70.0,36.26,Low Risk
台?基督教會,8鄰24號,臺東縣達仁鄉,臺東縣達仁鄉,120.913513,22.479837,50,True,屏東（枋山）,70.0,36.31,Low Risk
啦里吧活動中心,9鄰啦里吧49號,臺東縣達仁鄉,臺東縣達仁鄉,120.9136,22.48099,100,True,屏東（枋山）,70.0,36.41,Low Risk
新埤國小,新華路165號,屏東縣新埤鄉,屏東縣新埤鄉,120.5653,22.4844,450,True,潮州,143.0,4.32,High Risk
高雄市立中芸國民中學,中芸路3-100號,高雄市林園區,高雄市林園區,120.395311,22.485875,700,True,林園,107.0,1.83,High Risk
中芸國小,中芸路1號,高雄市林園區,高雄市林園區,120.3967,22.4871,500,True,林園,107.0,1.76,High Risk
烏龍國小,南興路217號,屏東縣新園鄉,屏東縣新園鄉,120.4581,22.4877,100,True,林園,107.0,4.85,High Risk
鹽洲國小,鹽洲路379號,屏東縣新園鄉,屏東縣新園鄉,120.4408,22.4883,50,True,林園,107.0,3.14,High Risk
溪北社區活動中心,仁里路93號,屏東縣南州鄉,屏東縣南州鄉,120.5111,22.4945,50,True,潮州,143.0,6.05,High Risk
溪北國小,仁里路102號,屏東縣南州鄉,屏東縣南州鄉,120.5111,22.4957,95,True,潮州,143.0,5.98,High Risk
文樂活動中心,新樂路1號,屏東縣來義鄉,屏東縣來義鄉,120.6243,22.4999,50,True,潮州,143.0,6.98,High Risk
高雄市林園區港埔國民小學,校前路1號,高雄市林園區,高雄市林園區,120.378585,22.504297,690,True,林園,107.0,4.38,High Risk
高雄市林園區王公國民小學,王公二路100號,高雄市林園區,高雄市林園區,120.388254,22.504698,1100,True,林園,107.0,3.7,High Risk
高雄市林園區林園國民小學,忠孝西路20號,高雄市林園區,高雄市林園區,120.394303,22.506778,2000,True,林園,107.0,3.52,High Risk
林園區長青文康活動中心,林園北路191號,高雄市林園區,高雄市林園區,120.3945,22.5087,260,True,林園,107.0,3.7,High Risk
港西國小,中和路101號,屏東縣新園鄉,屏東縣新園鄉,120.4556,22.5087,30,True,林園,107.0,5.55,High Risk
來義鄉新來義部落多功能活動中心,來新路21號,屏東縣來義鄉,屏東縣新埤鄉,120.5825,22.5087,500,True,潮州,143.0,2.71,High Risk
潮南國小,興美路24號,屏東縣潮州鎮,屏東縣潮州鎮,120.534672,22.512958,1126,True,潮州,143.0,2.95,High Risk
南榮國中,田寮路1-15號,屏東縣崁頂鄉,屏東縣崁頂鄉,120.5184,22.5134,200,True,潮州,143.0,4.52,High Risk
崁頂國小,中正路119號,屏東縣崁頂鄉,屏東縣崁頂鄉,120.5118,22.5141,200,True,潮州,143.0,5.17,High Risk
高雄市小港區鳳鳴國民小學,鳳鳴路191號,高雄市小港區,高雄市小港區,120.357564,22.515082,200,True,小港,105.0,6.0,High Risk
崁頂老人文康中心,興農路29-12號,屏東縣崁頂鄉,屏東縣崁頂鄉,120.5069,22.5152,150,True,潮州,143.0,5.64,High Risk
高雄市立林園高級中學,林園北路481號,高雄市林園區,高雄市林園區,120.395661,22.516726,2600,True,林園,107.0,4.46,High Risk
丹林活動中心,丹林路25-1號,屏東縣來義鄉,屏東縣來義鄉,120.6348,22.5174,50,True,潮州,143.0,7.59,High Risk
高雄市小港區鳳林國民中學,龍鳳路559號,高雄市小港區,高雄市小港區,120.348385,22.52185,50,True,小港,105.0,5.01,High Risk
潮東國小,復興路66號,屏東縣潮州鎮,屏東縣潮州鎮,120.5609105,22.52309297,85,True,潮州,143.0,0.03,High Risk
新園國小,媽祖路49號,屏東縣新園鄉,屏東縣新園鄉,120.4519,22.5241,100,True,大寮,123.0,5.22,High Risk
歷坵活動中心 Liqiu Activity Center,"1鄰12號No.12,Liqiu,Jinfeng Township,Taitung County 964,TaiwanR.O.C.",臺東縣金峰鄉,臺東縣金峰鄉,120.926439,22.526384,100,True,臺東,46.0,34.3,Low Risk
古樓國小,育英路2號,屏東縣來義鄉,屏東縣來義鄉,120.6258,22.5275,200,True,潮州,143.0,6.66,High Risk
高雄市林園區金潭國民小學,金潭路40號,高雄市林園區,高雄市林園區,120.396078,22.528055,260,True,大寮,123.0,5.01,High Risk
金崙溫泉長老教會,16鄰40號,臺東縣太麻里鄉,臺東縣太麻里鄉,120.937667,22.530918,20,True,臺東,46.0,33.16,Low Risk
賓茂國小 Binmao Elementary School,"68號No.68,Binmao,Jinfeng Township,Taitung County 964,TaiwanR.O.C.",臺東縣金峰鄉,臺東縣太麻里鄉,120.95583,22.532403,100,True,臺東,46.0,31.84,Low Risk
賓茂活動中心 Binmao Activity Center,"1鄰3-2號No.3-2,Binmao,Jinfeng Township,Taitung County 964,TaiwanR.O.C.",臺東縣金峰鄉,臺東縣金峰鄉,120.961712,22.532592,100,True,臺東,46.0,31.44,Low Risk
金崙活動中心,太麻里鄉6鄰金崙283號,臺東縣太麻里鄉,臺東縣太麻里鄉,120.964363,22.533379,80,True,臺東,46.0,31.21,Low Risk
光春國中,光春路290號,屏東縣潮州鎮,屏東縣潮州鎮,120.539763,22.534662,600,True,潮州,143.0,2.55,High Risk
力社國小,力社路36號,屏東縣崁頂鄉,屏東縣崁頂鄉,120.5092,22.5388,200,True,潮州,143.0,5.62,High Risk
義仁里社區活動中心,鳳林一路48號,高雄市大寮區,高雄市大寮區,120.403252,22.539227,100,True,大寮,123.0,3.58,High Risk
光春國小,志成路201號,屏東縣潮州鎮,屏東縣潮州鎮,120.536872,22.540379,550,True,潮州,143.0,3.15,High Risk
高雄市大寮區昭明國小,鳳林一路300巷80號,高雄市大寮區,高雄市大寮區,120.408514,22.54239,350,True,大寮,123.0,2.97,High Risk
新園鄉公所,仙吉路148號,屏東縣新園鄉,屏東縣新園鄉,120.4615,22.5438,30,True,大寮,123.0,4.35,High Risk
仙吉國小,仙吉路91號,屏東縣新園鄉,屏東縣新園鄉,120.4611,22.5443,100,True,大寮,123.0,4.29,High Risk
四林國小,開元路2巷1號,屏東縣潮州鎮,屏東縣潮州鎮,120.569267,22.544592,50,True,潮州,143.0,2.53,High Risk
新園國中,仙吉路111號,屏東縣新園鄉,屏東縣新園鄉,120.461,22.5452,300,True,大寮,123.0,4.23,High Risk
光華國小,南進路2號,屏東縣潮州鎮,屏東縣潮州鎮,120.543657,22.547268,240,True,潮州,143.0,3.23,High Risk
鎮立幼兒園,三星路39-2號,屏東縣潮州鎮,屏東縣潮州鎮,120.550815,22.547719,300,True,潮州,143.0,2.94,High Risk
潮州國小,育英路31號,屏東縣潮州鎮,屏東縣潮州鎮,120.541139,22.548406,285,True,潮州,143.0,3.49,High Risk
佳佐國小中興分校,中興路27號,屏東縣萬巒鄉,屏東縣萬巒鄉,120.6123,22.5491,60,True,潮州,143.0,5.99,High Risk
瓦?國小,四環路3號,屏東縣新園鄉,屏東縣新園鄉,120.4747,22.5523,50,True,大寮,123.0,5.24,High Risk
平和活動中心,1鄰1號,屏東縣泰武鄉,屏東縣泰武鄉,120.6293,22.5527,200,True,潮州,143.0,7.73,High Risk
潮州國中,文化路66號,屏東縣潮州鎮,屏東縣潮州鎮,120.542947,22.554008,250,True,潮州,143.0,3.91,High Risk
會結里社區活動中心,會結路14-3號,高雄市大寮區,高雄市大寮區,120.424982,22.554827,100,True,大寮,123.0,1.04,High Risk
潮和國小,華嚴街1號,屏東縣潮州鎮,屏東縣潮州鎮,120.538038,22.556803,630,True,潮州,143.0,4.44,High Risk
潮昇國小,北門路25號,屏東縣潮州鎮,屏東縣潮州鎮,120.547724,22.557031,875,True,潮州,143.0,4.02,High Risk
新厝里社區活動中心,新三街50號,高雄市大寮區,高雄市大寮區,120.40918,22.560361,20,True,大寮,123.0,1.71,High Risk
高雄市小港區小港國民小學,平和路1號,高雄市小港區,高雄市小港區,120.336089,22.56103,300,True,小港,105.0,0.56,High Risk
志成佛寺,永康路31號,屏東縣萬巒鄉,屏東縣萬巒鄉,120.5629,22.5614,200,True,潮州,143.0,4.26,High Risk
高雄市小港區鳳陽國民小學,鳳陽街2號,高雄市小港區,高雄市小港區,120.370393,22.561551,600,True,小港,105.0,3.39,High Risk
潮寮老人活動中心,潮龍路151號,高雄市大寮區,高雄市大寮區,120.430298,22.562091,35,True,大寮,123.0,0.56,High Risk
新庄國小,屏東縣萬丹鄉新庄村新鐘路410號,屏東縣萬丹鄉,屏東縣萬丹鄉,120.4803,22.5622,60,True,大寮,123.0,5.65,High Risk
高雄市立潮寮國民中學,潮寮路51-9號,高雄市大寮區,高雄市大寮區,120.425175,22.563415,60,True,大寮,123.0,0.08,High Risk
高雄市小港區二苓國民小學,立群路6號,高雄市小港區,高雄市小港區,120.3533,22.5638,1000,True,小港,105.0,1.61,High Risk
高雄市立小港高級中學,學府路117號,高雄市小港區,高雄市小港區,120.357413,22.565249,100,True,小港,105.0,2.02,High Risk
高雄市大寮區潮寮國小,潮寮路61號,高雄市大寮區,高雄市大寮區,120.425144,22.565716,240,True,大寮,123.0,0.18,High Risk
國立高雄餐旅大學附屬餐旅高級中等學校,松和路40號,高雄市小港區,高雄市小港區,120.371763,22.566216,200,True,小港,105.0,3.49,High Risk
高雄市小港區漢民國民小學,漢民路500號,高雄市小港區,高雄市小港區,120.35926,22.566473,200,True,小港,105.0,2.21,High Risk
高雄市立中山國民中學,漢民路352號,高雄市小港區,高雄市小港區,120.356421,22.56665,700,True,小港,105.0,1.92,High Risk
高雄市立小港國民中學,平和南路185號,高雄市小港區,高雄市小港區,120.338056,22.566732,720,True,小港,105.0,0.11,High Risk
高雄市小港區華山國民小學,華仁街1號,高雄市小港區,高雄市小港區,120.3657,22.5677,901,True,小港,105.0,2.88,High Risk
高雄市小港區港和國民小學,平和南路300號,高雄市小港區,高雄市小港區,120.3379,22.5681,250,True,小港,105.0,0.25,High Risk
佳興活動中心,1鄰1號,屏東縣泰武鄉,屏東縣泰武鄉,120.6631,22.5703,100,True,潮州,143.0,11.71,High Risk
佳佐國小,佳興路59號,屏東縣萬巒鄉,屏東縣萬巒鄉,120.5956,22.5712,100,True,潮州,143.0,6.41,High Risk
萬巒鄉公所展覽廳,中正路36號,屏東縣萬巒鄉,屏東縣萬巒鄉,120.5678,22.5725,100,True,潮州,143.0,5.53,High Risk
高雄市前鎮區佛公國民小學,后平路135號,高雄市前鎮區,高雄市前鎮區,120.320909,22.572651,655,True,小港,105.0,1.89,High Risk
萬巒國小,褒忠路28號,屏東縣萬巒鄉,屏東縣萬巒鄉,120.5723,22.5727,100,True,潮州,143.0,5.63,High Risk
大明國小,洲中路40號,屏東縣竹田鄉,屏東縣竹田鄉,120.5251,22.5756,200,True,潮州,143.0,6.91,High Risk
過溪里社區活動中心,過溪路130號,高雄市大寮區,高雄市大寮區,120.418885,22.576183,150,True,大寮,123.0,1.49,High Risk
武潭活動中心,潭北巷51號,屏東縣泰武鄉,屏東縣泰武鄉,120.6361,22.578,200,True,潮州,143.0,9.82,High Risk
西方道堂,富山路1號,屏東縣萬巒鄉,屏東縣萬巒鄉,120.6297,22.5802,300,True,潮州,143.0,9.48,High Risk
高雄市前鎮區明正國民小學,明道路2號,高雄市前鎮區,高雄市前鎮區,120.326581,22.580243,345,True,小港,105.0,1.97,High Risk
高雄市立明義國民中學,明義街2號,高雄市小港區,高雄市小港區,120.368282,22.582027,1000,True,小港,105.0,3.62,High Risk
清山寺,拷潭路126-1號,高雄市大寮區,高雄市大寮區,120.385461,22.582377,80,False,大寮,123.0,4.57,High Risk
萬丹國小,屏東縣萬丹鄉寶厝村萬新路1497號,屏東縣萬丹鄉,屏東縣萬丹鄉,120.4887,22.5826,150,True,大寮,123.0,6.82,High Risk
竹田國小,公正路35號,屏東縣竹田鄉,屏東縣竹田鄉,120.544,22.5828,200,True,潮州,143.0,6.87,High Risk
高雄市小港區桂林國民小學,桂陽路390號,高雄市小港區,高雄市小港區,120.350425,22.583128,1255,True,小港,105.0,2.32,High Risk
高雄市立前鎮國民中學,新衙路17號,高雄市前鎮區,高雄市前鎮區,120.321031,22.583367,1200,True,小港,105.0,2.6,High Risk
高雄市小港區明義國民小學,明義街77號,高雄市小港區,高雄市小港區,120.3678,22.5834,200,True,小港,105.0,3.65,High Risk
竹田鄉公所,中正路123號,屏東縣竹田鄉,屏東縣竹田鄉,120.544,22.5847,60,True,潮州,143.0,7.07,High Risk
富翔天廈,拷潭路163-1號,高雄市大寮區,高雄市大寮區,120.380306,22.584752,70,True,小港,105.0,4.85,High Risk
高雄市前鎮區前鎮國民小學,新生路200號,高雄市前鎮區,高雄市前鎮區,120.308702,22.585437,473,True,前鎮,105.0,2.11,High Risk
高雄市立興仁國民中學,德昌路345號,高雄市前鎮區,高雄市前鎮區,120.3139,22.5863,945,True,前鎮,105.0,2.1,High Risk
高雄市立前鎮高級中學,鎮中路132號,高雄市前鎮區,高雄市前鎮區,120.32001,22.586862,2236,True,前鎮,105.0,2.29,High Risk
香蘭國小,舊香蘭四鄰28號,臺東縣太麻里鄉,臺東縣太麻里鄉,120.993452,22.587759,80,True,臺東,46.0,24.63,Low Risk
高雄市旗津區大汕國民小學,中洲二路203號,高雄市旗津區,高雄市旗津區,120.2877,22.5879,250,True,前鎮,105.0,2.81,High Risk
高雄市立旗津國民中學,中洲二路207號,高雄市旗津區,高雄市旗津區,120.286,22.5885,600,True,前鎮,105.0,2.9,High Risk
萬巒鄉立幼兒園泗溝分班,永平路53-1號,屏東縣萬巒鄉,屏東縣萬巒鄉,120.58,22.5885,60,True,潮州,143.0,7.52,High Risk
圖書館,屏東縣萬丹鄉和平西路157號,屏東縣萬丹鄉,屏東縣萬丹鄉,120.4849,22.589,40,True,大寮,123.0,6.71,High Risk
萬丹鄉行政中心,屏東縣萬丹鄉和平西路155號,屏東縣萬丹鄉,屏東縣萬丹鄉,120.485,22.5894,100,True,大寮,123.0,6.74,High Risk
高雄市旗津區公所5樓大禮堂,旗津三路2號5樓,高雄市旗津區,高雄市旗津區,120.284774,22.589974,250,True,前鎮,105.0,2.91,High Risk
佛聖宮,內坑路148號,高雄市大寮區,高雄市大寮區,120.381144,22.590008,200,True,鳳山,111.0,4.89,High Risk
高雄市鳳山區過埤國民小學,過埤路176號,高雄市鳳山區,高雄市鳳山區,120.362405,22.590382,393,True,小港,105.0,3.72,High Risk
高雄市立福誠高級中學,五甲三路176號,高雄市鳳山區,高雄市鳳山區,120.323885,22.590487,1139,True,前鎮,105.0,2.23,High Risk
高雄市前鎮區鎮昌國民小學,樹人路261號,高雄市前鎮區,高雄市前鎮區,120.317983,22.590548,1200,True,前鎮,105.0,1.84,High Risk
五溝國小,西盛路89號,屏東縣萬巒鄉,屏東縣萬巒鄉,120.594,22.5908,30,True,潮州,143.0,8.25,High Risk
高雄市大寮區大寮國民小學,大寮路740號,高雄市大寮區,高雄市大寮區,120.416445,22.590861,420,True,大寮,123.0,3.11,High Risk
佳平活動中心,佳平巷12號,屏東縣泰武鄉,屏東縣泰武鄉,120.628948,22.591406,100,True,潮州,143.0,10.3,High Risk
大寮里社區活動中心,大寮路781號,高雄市大寮區,高雄市大寮區,120.416643,22.591471,150,True,大寮,123.0,3.17,High Risk
泰武國中,5鄰120號,屏東縣泰武鄉,屏東縣泰武鄉,120.6333,22.5915,300,True,潮州,143.0,10.62,High Risk
澳洲特區,仁德路16巷31弄12號,高雄市大寮區,高雄市大寮區,120.396834,22.591949,100,True,大寮,123.0,4.26,High Risk
荷蘭町,仁德路10號之1,高雄市大寮區,高雄市大寮區,120.399701,22.591993,200,True,大寮,123.0,4.06,High Risk
興華國小,屏東縣萬丹鄉崙頂村崙頂路860號,屏東縣萬丹鄉,屏東縣萬丹鄉,120.4615,22.5929,400,True,大寮,123.0,4.9,High Risk
高雄市政府社會局無障礙之家,翠亨北路392號,高雄市前鎮區,高雄市前鎮區,120.3153,22.5941,3,True,前鎮,105.0,1.36,High Risk
高雄市鳳山區南成國民小學,南和街101號,高雄市鳳山區,高雄市鳳山區,120.335487,22.594316,1484,True,復興,108.0,2.89,High Risk
龍成宮,五甲二路730巷6號,高雄市鳳山區,高雄市鳳山區,120.3283,22.5945,100,True,復興,108.0,2.3,High Risk
米蘭特區,內坑路108-67號,高雄市大寮區,高雄市大寮區,120.388157,22.594653,80,True,鳳山,111.0,4.88,High Risk
四維國小,屏東縣萬丹鄉四維村四維東路567號,屏東縣萬丹鄉,屏東縣萬丹鄉,120.49,22.595,50,True,大寮,123.0,7.48,High Risk
僑智國小,學人路55號,屏東縣內埔鄉,屏東縣內埔鄉,120.5566,22.595,120,True,潮州,143.0,8.01,High Risk
萬金天主教堂,萬興路24號,屏東縣萬巒鄉,屏東縣萬巒鄉,120.6112,22.5951,250,True,潮州,143.0,9.51,High Risk
嘉蘭國小 Jialan Elementary School,"3鄰132號No.132,Jialan,Jinfeng Township,Taitung County 964,TaiwanR.O.C.",臺東縣金峰鄉,臺東縣金峰鄉,120.961523,22.595308,100,True,臺東,46.0,26.31,Low Risk
高雄市鳳山區鳳翔國民小學,鳳育路63號,高雄市鳳山區,高雄市鳳山區,120.340798,22.595332,3106,True,小港,105.0,3.3,High Risk
高雄市立鳳翔國民中學,保義街100號,高雄市鳳山區,高雄市鳳山區,120.348197,22.59641,385,True,小港,105.0,3.57,High Risk
萬丹國中,屏東縣萬丹鄉萬丹路2段5號,屏東縣萬丹鄉,屏東縣萬丹鄉,120.4881,22.5966,500,True,大寮,123.0,7.39,High Risk
嘉蘭村活動中心 Jialan Activity Center,"4鄰嘉蘭219號No.9,Jialan,Jinfeng Township,Taitung County 964,TaiwanR.O.C.",臺東縣金峰鄉,臺東縣金峰鄉,120.959985,22.596696,100,True,臺東,46.0,26.33,Low Risk
高雄市鳳山區福誠國民小學,忠誠路145號,高雄市鳳山區,高雄市鳳山區,120.325055,22.596813,1267,True,復興,108.0,1.88,High Risk
高雄市立五甲國民中學,龍成路111號,高雄市鳳山區,高雄市鳳山區,120.328691,22.598112,1178,True,復興,108.0,2.08,High Risk
高雄市鳳山區中崙國民小學,中崙四路25號,高雄市鳳山區,高雄市鳳山區,120.350798,22.599431,3054,True,鳳山,111.0,3.26,High Risk
大發公有市場3樓,鳳林三路315之22號,高雄市大寮區,高雄市大寮區,120.397972,22.600592,120,True,大寮,123.0,4.93,High Risk
高雄市前鎮區瑞祥國民小學,班超路20號,高雄市前鎮區,高雄市前鎮區,120.326798,22.600692,1636,True,復興,108.0,1.76,High Risk
高雄市旗津區中洲國民小學,旗津三路275號,高雄市旗津區,高雄市旗津區,120.2764,22.6008,600,True,前鎮,105.0,3.3,High Risk
高雄市立瑞祥高級中學,班超路63號,高雄市前鎮區,高雄市前鎮區,120.324758,22.602208,1000,True,復興,108.0,1.49,High Risk
高雄市立大寮幼兒園,上寮路208之25號,高雄市大寮區,高雄市大寮區,120.422136,22.602808,150,True,大寮,123.0,4.31,High Risk
高雄市立大寮國民中學,進學路150號,高雄市大寮區,高雄市大寮區,120.39266,22.602926,150,True,鳳山,111.0,4.58,High Risk
高雄市立中崙國民中學,中崙二路487號,高雄市鳳山區,高雄市鳳山區,120.353555,22.603304,469,True,鳳山,111.0,2.79,High Risk
三隆里社區活動中心,正隆街45號,高雄市大寮區,高雄市大寮區,120.406342,22.60349,40,True,大寮,123.0,4.79,High Risk
高雄市鳳山區正義國民小學,南昌街55號,高雄市鳳山區,高雄市鳳山區,120.340127,22.603997,1025,True,復興,108.0,2.93,High Risk
正興村活動中心Zhengxing Activity Center,"2鄰28號No.28,Zhengxing,Jinfeng Township,Taitung County 964,TaiwanR.O.C.",臺東縣金峰鄉,臺東縣金峰鄉,120.996484,22.604086,100,True,臺東,46.0,23.08,Low Risk
泰武活動中心,大武山一街30號,屏東縣泰武鄉,屏東縣萬巒鄉,120.6117,22.6046,300,True,潮州,143.0,10.44,High Risk
高雄市立獅甲國民中學,中山三路43號,高雄市前鎮區,高雄市前鎮區,120.3083,22.6051,1200,True,前鎮,105.0,0.07,High Risk
竹田鄉立幼兒園,龍崗路130號,屏東縣竹田鄉,屏東縣竹田鄉,120.5476216,22.60513,200,True,潮州,143.0,9.23,High Risk
高雄市大寮區永芳國民小學,鳳林三路499號,高雄市大寮區,高雄市大寮區,120.395195,22.605277,600,True,鳳山,111.0,4.64,High Risk
高雄市前鎮區瑞豐國民小學,瑞隆路100號,高雄市前鎮區,高雄市前鎮區,120.337,22.6061,1781,True,復興,108.0,2.58,High Risk
金湯營區,凱旋路1號,高雄市鳳山區,高雄市鳳山區,120.3623,22.6077,400,True,鳳山,111.0,2.33,High Risk
中正營區,凱旋路1號,高雄市鳳山區,高雄市鳳山區,120.3623,22.6077,500,True,鳳山,111.0,2.33,High Risk
高雄市大寮區山頂國民小學,山頂路211號,高雄市大寮區,高雄市大寮區,120.388806,22.607807,200,True,鳳山,111.0,3.93,High Risk
高雄市前鎮區復興國民小學,民權二路331號,高雄市前鎮區,高雄市前鎮區,120.311425,22.608203,800,True,復興,108.0,0.08,High Risk
高雄市前鎮區樂群國民小學,育樂路61號,高雄市前鎮區,高雄市前鎮區,120.322489,22.608234,300,True,復興,108.0,1.08,High Risk
山頂里社區活動中心,山頂路178號,高雄市大寮區,高雄市大寮區,120.388518,22.608247,250,True,鳳山,111.0,3.88,High Risk
高雄市前鎮區民權國民小學,沱江街200號,高雄市前鎮區,高雄市前鎮區,120.314444,22.608482,1568,True,復興,108.0,0.25,High Risk
高雄市旗津區旗津國民小學,中洲三路623號,高雄市旗津區,高雄市旗津區,120.2715,22.609,120,True,前金,90.0,3.18,Low Risk
高雄市竹西里活動中心,廣東三街73號3樓,高雄市前鎮區,高雄市前鎮區,120.3198654,22.60930404,100,True,復興,108.0,0.81,High Risk
內埔國小,廣濟路2號,屏東縣內埔鄉,屏東縣內埔鄉,120.5659,22.61,120,True,潮州,143.0,9.67,High Risk
高雄市立中正高級工業職業學校,光華二路80號,高雄市前鎮區,高雄市前鎮區,120.317629,22.610595,1000,True,復興,108.0,0.61,High Risk
高雄市立光華國民中學,和平二路170號,高雄市前鎮區,高雄市前鎮區,120.322944,22.61083,600,True,復興,108.0,1.15,High Risk
內埔鄉文康中心,文化路183號,屏東縣內埔鄉,屏東縣內埔鄉,120.5695,22.611,120,True,潮州,143.0,9.81,High Risk
高雄市立瑞豐國民中學,瑞興街99號,高雄市前鎮區,高雄市前鎮區,120.331091,22.611085,200,True,復興,108.0,1.98,High Risk
內埔國中,文化路262號,屏東縣內埔鄉,屏東縣內埔鄉,120.5705,22.6113,120,True,潮州,143.0,9.85,High Risk
大王國小,文化路60號,臺東縣太麻里鄉,臺東縣太麻里鄉,121.003685,22.613304,100,True,臺東,46.0,21.82,Low Risk
高雄市鳳山區新甲國民小學,新富路255號,高雄市鳳山區,高雄市鳳山區,120.339923,22.613771,2199,True,鳳山,111.0,2.4,High Risk
高雄市苓雅區成功國民小學,華新街59號,高雄市苓雅區,高雄市苓雅區,120.297064,22.613929,920,True,前鎮,105.0,1.56,High Risk
高雄市前鎮區愛群國民小學,二聖二路194號,高雄市前鎮區,高雄市前鎮區,120.312716,22.61396,1000,True,復興,108.0,0.59,High Risk
武侯宮,琉球路64號,高雄市大寮區,高雄市大寮區,120.411173,22.613987,200,True,大寮,123.0,5.73,High Risk
光武里社區活動中心,民生路317-1號,高雄市大寮區,高雄市大寮區,120.384658,22.614458,20,True,鳳山,111.0,3.18,High Risk
高雄市苓洲國民小學,四維四路61號,高雄市苓雅區,高雄市苓雅區,120.3005,22.6145,855,True,復興,108.0,1.35,High Risk
順安府,11鄰順安路39號,臺東縣太麻里鄉,臺東縣太麻里鄉,120.993368,22.614936,50,True,臺東,46.0,22.44,Low Risk
太麻里鄉老人會館,11鄰順安路33號,臺東縣太麻里鄉,臺東縣太麻里鄉,120.993368,22.614936,100,True,臺東,46.0,22.44,Low Risk
社皮國小,屏東縣萬丹鄉社皮路二段550號,屏東縣萬丹鄉,屏東縣萬丹鄉,120.4681,22.615,100,True,屏東,109.0,6.77,High Risk
高雄市立英明國民中學,英明路147號,高雄市苓雅區,高雄市苓雅區,120.324395,22.615251,1382,True,復興,108.0,1.46,High Risk
東寧國小,自強路85號,屏東縣內埔鄉,屏東縣內埔鄉,120.5629,22.6155,120,True,屏東,109.0,10.0,High Risk
老人文康活動中心,屏東縣萬丹鄉大昌路495號,屏東縣萬丹鄉,屏東縣萬丹鄉,120.4691,22.6157,150,True,屏東,109.0,6.67,High Risk
老人文康活動中心,屏東縣萬丹鄉大昌路495號,屏東縣萬丹鄉,屏東縣萬丹鄉,120.4691,22.6157,150,True,屏東,109.0,6.67,High Risk
廣安國小,屏東縣萬丹鄉廣安村廣志街8巷15號,屏東縣萬丹鄉,屏東縣萬丹鄉,120.4905,22.6157,30,True,屏東,109.0,6.39,High Risk
竹田國中,龍南路26號,屏東縣竹田鄉,屏東縣竹田鄉,120.524088,22.615722,600,True,屏東,109.0,7.37,High Risk
黃厝北極上帝殿,黃厝路35之10號,高雄市大寮區,高雄市大寮區,120.410497,22.616179,200,True,鳳山,111.0,5.61,High Risk
富田國小,里仁路202號,屏東縣內埔鄉,屏東縣內埔鄉,120.5401,22.6163,120,True,屏東,109.0,8.27,High Risk
高雄市大寮區忠義國民小學,忠義路1號,高雄市大寮區,高雄市大寮區,120.384143,22.616353,200,True,鳳山,111.0,3.04,High Risk
高雄市立鳳甲國民中學,輜汽路300號,高雄市鳳山區,高雄市鳳山區,120.342588,22.616576,1917,True,鳳山,111.0,1.99,High Risk
高雄市鳳山區誠正國民小學,黃埔新村國校巷78號,高雄市鳳山區,高雄市鳳山區,120.363867,22.616848,641,True,鳳山,111.0,1.42,High Risk
高雄市鳳山區鳳西國民小學,光華東路100號,高雄市鳳山區,高雄市鳳山區,120.358728,22.61715,1711,True,鳳山,111.0,1.23,High Risk
高雄市鳳山區忠孝國民小學,新富路630號,高雄市鳳山區,高雄市鳳山區,120.349428,22.617854,1898,True,鳳山,111.0,1.41,High Risk
高雄市立苓雅國民中學,四維三路176號,高雄市苓雅區,高雄市苓雅區,120.30541,22.618047,945,True,復興,108.0,1.24,High Risk
忠義里里辦公處2樓,商協福利路59-1號,高雄市大寮區,高雄市大寮區,120.382478,22.618515,20,True,鳳山,111.0,2.78,High Risk
中興里社區活動中心,文化路2巷2號,高雄市大寮區,高雄市大寮區,120.387461,22.618811,25,True,鳳山,111.0,3.25,High Risk
高雄市苓雅區福康國民小學,漢陽街17號,高雄市苓雅區,高雄市苓雅區,120.32935,22.618957,1764,True,復興,108.0,2.11,High Risk
黃埔營區,維武路1號,高雄市鳳山區,高雄市鳳山區,120.3656,22.6192,600,True,鳳山,111.0,1.3,High Risk
高雄市立忠孝國民中學,國泰路2段81號,高雄市鳳山區,高雄市鳳山區,120.346448,22.619923,1800,True,鳳山,111.0,1.45,High Risk
新濱營區,鼓山一路1號,高雄市鼓山區,高雄市鼓山區,120.2745,22.6202,230,True,前金,90.0,1.98,Low Risk
高雄市政府社會局安琪兒家園,四維三路2號9樓,高雄市苓雅區,高雄市苓雅區,120.312,22.6205,3,True,復興,108.0,1.31,High Risk
高雄市政府社會局陽光家園,四維三路2號9樓,高雄市苓雅區,高雄市苓雅區,120.312,22.6205,3,True,復興,108.0,1.31,High Risk
高雄市苓雅區五權國民小學,三多二路100號,高雄市苓雅區,高雄市苓雅區,120.324166,22.62062,582,True,復興,108.0,1.82,High Risk
育英國小,育文路73號,屏東縣內埔鄉,屏東縣內埔鄉,120.5815,22.6207,120,True,潮州,143.0,11.05,High Risk
高雄市立高雄高級女子中學,五福三路122號,高雄市前金區,高雄市前金區,120.2927,22.6209,1145,True,前金,90.0,1.57,Low Risk
高雄市鹽埕區光榮國民小學,大智路150號,高雄市鹽埕區,高雄市鹽埕區,120.288,22.621,200,True,前金,90.0,1.44,Low Risk
謝府元帥廟,前庄路49號,高雄市大寮區,高雄市大寮區,120.393778,22.621389,50,True,鳳山,111.0,3.81,High Risk
高雄市鹽埕區忠孝國民小學,大智路71號,高雄市鹽埕區,高雄市鹽埕區,120.2852,22.6216,563,True,前金,90.0,1.38,Low Risk
沙鹿幼兒園埔子分班,正義路218號,臺中市沙鹿區,高雄市苓雅區,120.3381,22.6219,116,True,鳳山,111.0,2.1,High Risk
高雄市苓雅區四維國民小學,青年一路103號,高雄市苓雅區,高雄市苓雅區,120.312653,22.623092,2236,True,復興,108.0,1.6,High Risk
翁園里社區活動中心,翁園路79之1號,高雄市大寮區,高雄市大寮區,120.408663,22.623246,60,True,鳳山,111.0,5.29,High Risk
高雄市大寮區翁園國民小學,翁園路79號,高雄市大寮區,高雄市大寮區,120.408663,22.623246,400,True,鳳山,111.0,5.29,High Risk
高雄市鼓山區鼓山國民小學,臨海二路50號,高雄市鼓山區,高雄市鼓山區,120.2713,22.6236,745,True,前金,90.0,1.96,Low Risk
高雄市立鹽埕國民中學,新樂街46號,高雄市鹽埕區,高雄市鹽埕區,120.2879,22.6236,300,True,前金,90.0,1.15,Low Risk
高雄市鹽埕區鹽埕國民小學,五福四路183號,高雄市鹽埕區,高雄市鹽埕區,120.2829,22.6237,100,True,前金,90.0,1.2,Low Risk
高雄市鳳山區大東國民小學,大東一路1號,高雄市鳳山區,高雄市鳳山區,120.362625,22.623852,367,True,鳳山,111.0,0.71,High Risk
高雄市苓雅區福東國民小學,福德三路96號,高雄市苓雅區,高雄市苓雅區,120.3269,22.6241,1087,True,復興,108.0,2.29,High Risk
高雄市立新興高級中學,五福二路218號,高雄市新興區,高雄市新興區,120.304,22.6244,1091,True,復興,108.0,1.93,High Risk
鹽埕區公所11樓大禮堂,大仁路6號8樓,高雄市鹽埕區,高雄市鹽埕區,120.2868,22.6248,50,True,前金,90.0,1.01,Low Risk
高雄市鳳山區鳳山國民小學,中山路231號,高雄市鳳山區,高雄市鳳山區,120.356507,22.624823,873,True,鳳山,111.0,0.38,High Risk
鳳山區公所大禮堂,經武路30號,高雄市鳳山區,高雄市鳳山區,120.3592,22.6252,200,True,鳳山,111.0,0.37,High Risk
高雄市立鳳山國民中學,中山東路227號,高雄市鳳山區,高雄市鳳山區,120.372009,22.625285,2327,True,鳳山,111.0,1.53,High Risk
高雄市立高雄高級高商職業學校,五福二路3號,高雄市新興區,高雄市新興區,120.3095,22.6257,1036,True,復興,108.0,1.91,High Risk
高雄市前金區前金國民小學,大同二路61號,高雄市前金區,高雄市前金區,120.293922,22.626351,1564,True,前金,90.0,1.12,Low Risk
高雄市立中正高級中學,中正一路8號,高雄市苓雅區,高雄市苓雅區,120.338791,22.626491,3294,True,鳳山,111.0,1.92,High Risk
高雄市新興區新興國民小學,民生一路321號,高雄市新興區,高雄市新興區,120.305317,22.627003,1182,True,前金,90.0,2.05,Low Risk
萬安活動中心,1鄰3號,屏東縣泰武鄉,屏東縣泰武鄉,120.6384,22.6274,100,True,潮州,143.0,14.05,High Risk
前金區公所5樓大禮堂,自強二路169號三、四樓,高雄市前金區,高雄市前金區,120.2943,22.6276,25,True,前金,90.0,1.04,Low Risk
高雄市新興區大同國民小學,大同一路231號,高雄市新興區,高雄市新興區,120.2985,22.628,964,True,前金,90.0,1.37,Low Risk
高雄市鳳山區中正國民小學,勝利路2號,高雄市鳳山區,高雄市鳳山區,120.37408,22.628249,0,True,鳳山,111.0,1.71,High Risk
溪寮里社區活動中心,溪寮路54之1號,高雄市大寮區,高雄市大寮區,120.420494,22.628398,60,True,鳳山,111.0,6.47,High Risk
基督教鳳山長老教會,中正路172號,高雄市鳳山區,高雄市鳳山區,120.361,22.6284,150,True,鳳山,111.0,0.37,High Risk
高雄市立前金國民中學,六合二路278號,高雄市前金區,高雄市前金區,120.2905,22.6294,1218,True,前金,90.0,0.63,Low Risk
國立鳳山高級中學,光復路二段130號,高雄市鳳山區,高雄市鳳山區,120.345723,22.629893,200,True,鳳山,111.0,1.22,High Risk
排灣社區活動中心,5鄰58號,屏東縣瑪家鄉,屏東縣瑪家鄉,120.6264,22.63,148,True,潮州,143.0,13.64,High Risk
高雄市苓雅區中正國民小學,輔仁路100號,高雄市苓雅區,高雄市苓雅區,120.333309,22.630177,1855,True,鳳山,111.0,2.49,High Risk
高雄市鳳山區瑞興國民小學,博愛路271號,高雄市鳳山區,高雄市鳳山區,120.368353,22.63018,1309,True,鳳山,111.0,1.14,High Risk
鳳山街友服務中心,博愛路477巷18號,高雄市鳳山區,高雄市鳳山區,120.3648,22.6303,32,True,鳳山,111.0,0.79,High Risk
高雄市大寮區溪寮國民小學,溪寮路69號,高雄市大寮區,高雄市大寮區,120.420439,22.630524,100,True,鳳山,111.0,6.47,High Risk
高雄市鳳山區中山國民小學,光復路一段120巷8號,高雄市鳳山區,高雄市鳳山區,120.349906,22.630617,1759,True,鳳山,111.0,0.82,High Risk
高雄市立青年國民中學,青年路二段89號,高雄市鳳山區,高雄市鳳山區,120.349,22.630785,376,True,鳳山,111.0,0.91,High Risk
泰安國小,壽比路116號,屏東縣內埔鄉,屏東縣內埔鄉,120.5943,22.6308,120,True,屏東,109.0,11.88,High Risk
北里活動中心,三鄰北太麻里二0-四號,臺東縣太麻里鄉,臺東縣金峰鄉,120.9994,22.6313,30,True,臺東,46.0,20.75,Low Risk
高雄市新興區信義國民小學,中正三路32號,高雄市新興區,高雄市新興區,120.311,22.6316,1091,True,前金,90.0,2.5,Low Risk
高雄市鼓山區壽山國民小學,鼓山二路37巷24號,高雄市鼓山區,高雄市鼓山區,120.280013,22.631757,345,True,前金,90.0,0.73,Low Risk
高雄市前金區建國國民小學,自立二路111號,高雄市前金區,高雄市前金區,120.2979,22.6324,516,True,前金,90.0,1.16,Low Risk
高雄市立壽山國民中學,鼓山二路37巷108號,高雄市鼓山區,高雄市鼓山區,120.278437,22.633012,745,True,前金,90.0,0.86,Low Risk
高雄市三民區河濱國民小學,市中一路339號,高雄市三民區,高雄市三民區,120.2878,22.634,745,True,前金,90.0,0.11,Low Risk
高雄市新興區七賢國民小學,七賢一路393號,高雄市新興區,高雄市新興區,120.307,22.634,1091,True,前金,90.0,2.08,Low Risk
高雄市鳳山區文華國民小學,文化路52號,高雄市鳳山區,高雄市鳳山區,120.352746,22.6344,3170,True,鳳山,111.0,0.85,High Risk
高雄市大寮區中庄國民小學,中庄路59號,高雄市大寮區,高雄市大寮區,120.397497,22.634717,100,True,鳳山,111.0,4.18,High Risk
"千歲,千北,立德,鳳南聯合里活動中心",三民街222號,高雄市三民區,高雄市三民區,120.2906,22.6354,200,True,前金,90.0,0.43,Low Risk
三塊厝聯合里活動中心,三民街39-1號,高雄市三民區,高雄市三民區,120.2958,22.6361,500,True,前金,90.0,0.96,Low Risk
高雄市苓雅區凱旋國民小學,憲政路235號,高雄市苓雅區,高雄市苓雅區,120.319935,22.636415,1273,True,復興,108.0,3.19,High Risk
高雄市立中庄國民中學,光明路三段1437號,高雄市大寮區,高雄市大寮區,120.401844,22.636416,800,True,鳳山,111.0,4.65,High Risk
高雄市三民區三民國民小學,建國三路216號,高雄市三民區,高雄市三民區,120.2911,22.6367,818,True,前金,90.0,0.54,Low Risk
鼓山區行政中心七樓大禮堂,鼓山二路166號,高雄市鼓山區,高雄市鼓山區,120.281,22.6368,20,True,前金,90.0,0.67,Low Risk
江山里社區活動中心,江山路51號,高雄市大寮區,高雄市大寮區,120.411378,22.63768,30,True,鳳山,111.0,5.64,High Risk
高雄市大寮區後庄國民小學,民揚路28號,高雄市大寮區,高雄市大寮區,120.389503,22.637822,360,True,鳳山,111.0,3.46,High Risk
屏東市公館國小,公華街182號,屏東縣屏東市,屏東縣屏東市,120.4822,22.6379,630,True,屏東,109.0,3.96,High Risk
高雄市立高雄高級中學,建國三路50號,高雄市三民區,高雄市三民區,120.298,22.6382,2794,True,前金,90.0,1.25,Low Risk
高雄市三民區光武國民小學,光武路35號,高雄市三民區,高雄市三民區,120.3343,22.6388,1564,True,鳳山,111.0,2.65,High Risk
北辰宮,北辰街1號,高雄市鳳山區,高雄市鳳山區,120.3658,22.6393,100,True,鳳山,111.0,1.51,High Risk
高雄市鼓山區鼓岩國民小學,河邊街155號,高雄市鼓山區,高雄市鼓山區,120.283,22.6401,364,True,前金,90.0,0.79,Low Risk
高雄市立民族國民中學,覺民路363號,高雄市三民區,高雄市三民區,120.33318,22.640511,1673,True,鳳山,111.0,2.84,High Risk
"德北,十全,十美聯合里活動中心",德北街170號,高雄市三民區,高雄市三民區,120.2951,22.6406,200,True,前金,90.0,1.13,Low Risk
高雄市鳳山區文德國民小學,文衡路356號,高雄市鳳山區,高雄市鳳山區,120.353925,22.640693,250,True,鳳山,111.0,1.44,High Risk
寶安里活動中心,覺明路585號,高雄市三民區,高雄市三民區,120.3289,22.6407,50,True,鳳山,111.0,3.24,High Risk
後庄老人活動中心,成功路188號,高雄市大寮區,高雄市大寮區,120.390201,22.640743,150,True,鳳山,111.0,3.64,High Risk
麟洛鄉公所,中山路158號,屏東縣麟洛鄉,屏東縣麟洛鄉,120.536,22.641,50,True,屏東,109.0,6.08,High Risk
國立屏東科技大學孟祥體育館,學府路1號,屏東縣內埔鄉,屏東縣內埔鄉,120.5960839,22.64119569,500,True,屏東,109.0,11.64,High Risk
屏東縣立公正國中,公興路11號,屏東縣屏東市,屏東縣屏東市,120.4842,22.6412,2413,True,屏東,109.0,3.57,High Risk
義和代天府,義和路166號,高雄市大寮區,高雄市大寮區,120.420934,22.641423,30,True,鳳山,111.0,6.68,High Risk
高雄市鳳山區鎮北國民小學,鳳北路170號,高雄市鳳山區,高雄市鳳山區,120.368052,22.642652,1767,True,鳳山,111.0,1.95,High Risk
新興國小 Xingxing Elementary School,"1鄰1號No.1,Xingxing,Jinfeng Township,Taitung County 964,TaiwanR.O.C.",臺東縣金峰鄉,臺東縣太麻里鄉,121.002857,22.64298,100,True,臺東,46.0,19.63,Low Risk
"德智,德仁里活動中心",自由一路52號,高雄市三民區,高雄市三民區,120.3088,22.643,200,True,前金,90.0,2.48,Low Risk
寶珠溝里活動中心,壽昌路2號,高雄市三民區,高雄市三民區,120.3339,22.6431,500,True,鳳山,111.0,2.93,High Risk
高雄市立陽明國民中學,義華路166號,高雄市三民區,高雄市三民區,120.340424,22.643129,2130,True,鳳山,111.0,2.41,High Risk
高雄市三民區民族國民小學,平等路197號,高雄市三民區,高雄市三民區,120.3202,22.6435,1582,True,前金,90.0,3.59,Low Risk
高雄市避難收容暨備災訓練中心,鳳松路442號,高雄市鳳山區,高雄市鳳山區,120.3648,22.6436,400,True,鳳山,111.0,1.88,High Risk
中都地區聯合里活動中心,同盟三路442號,高雄市三民區,高雄市三民區,120.283,22.6442,500,True,前金,90.0,1.21,Low Risk
高雄市立正興國民中學,覺民路850號,高雄市三民區,高雄市三民區,120.319684,22.644461,1455,True,前金,90.0,3.58,Low Risk
高雄市三民區愛國國民小學,十全一路1號,高雄市三民區,高雄市三民區,120.3137,22.6445,709,True,前金,90.0,3.01,Low Risk
高雄市三民區博愛國民小學,十全一路202號,高雄市三民區,高雄市三民區,120.3067,22.6453,982,True,前金,90.0,2.41,Low Risk
高雄市三民區陽明國民小學,義德路52號,高雄市三民區,高雄市三民區,120.3356,22.6457,1527,True,鳳山,111.0,2.97,High Risk
高雄市三民區正興國民小學,大豐二路20號,高雄市三民區,高雄市三民區,120.3261,22.6463,1818,True,鳳山,111.0,3.8,High Risk
高雄市立三民國民中學,十全一路200號,高雄市三民區,高雄市三民區,120.306679,22.64653,964,True,前金,90.0,2.48,Low Risk
高雄市三民區十全國民小學,十全二路162號,高雄市三民區,高雄市三民區,120.2987,22.6467,1509,True,前金,90.0,1.88,Low Risk
"安東,安和,達明聯合里活動中心",松江街250號（三民公園內）,高雄市三民區,高雄市三民區,120.304,22.6467,100,True,前金,90.0,2.27,Low Risk
高雄市三民區公所,哈爾濱街215號9樓,高雄市三民區,高雄市三民區,120.2998,22.6476,100,True,前金,90.0,2.03,Low Risk
麟洛國中,中山路2號,屏東縣麟洛鄉,屏東縣麟洛鄉,120.5227,22.648,150,True,屏東,109.0,4.52,High Risk
高雄市立文山高級中學,大埤路31號,高雄市鳥松區,高雄市鳥松區,120.352786,22.64819,1020,True,鳳山,111.0,2.28,High Risk
寶盛里活動中心,大順陸橋下,高雄市三民區,高雄市三民區,120.3263,22.6483,100,True,鳳山,111.0,3.9,High Risk
高雄市三民區東光國民小學,黃興路206號,高雄市三民區,高雄市三民區,120.3397,22.649,2036,True,鳳山,111.0,2.95,High Risk
安宜里活動中心,自立一路535號,高雄市三民區,高雄市三民區,120.2967,22.6498,300,True,前金,90.0,2.04,Low Risk
屏東市前進國小,建國路405巷100弄39號,屏東縣屏東市,屏東縣屏東市,120.4583,22.6502,439,True,屏東,109.0,3.97,High Risk
高雄市立高雄高級工業職業學校,建工路419號,高雄市三民區,高雄市三民區,120.326452,22.65063,1309,True,鳳山,111.0,4.05,High Risk
麟洛鄉圖書館,中山路158號,屏東縣麟洛鄉,屏東縣麟洛鄉,120.5272,22.6507,30,True,屏東,109.0,4.73,High Risk
麟洛國小,中華路86號,屏東縣麟洛鄉,屏東縣麟洛鄉,120.5272,22.6507,150,True,屏東,109.0,4.73,High Risk
老人文康活動中心,仁德路１１號,高雄市鳥松區,高雄市鳥松區,120.3953,22.6511,150,True,鳳山,111.0,4.65,High Risk
高雄市立鼓山高級中學,明德路2號,高雄市鼓山區,高雄市鼓山區,120.27469,22.651425,1222,True,前金,90.0,2.31,Low Risk
高雄市鼓山區九如國民小學,九如四路763號,高雄市鼓山區,高雄市鼓山區,120.278711,22.652148,836,True,前金,90.0,2.19,Low Risk
佳義基督長老教會教育館,泰平巷76號,屏東縣瑪家鄉,屏東縣內埔鄉,120.6311,22.6536,100,True,屏東,109.0,14.84,High Risk
高雄市鳥松區大華國民小學,大華路200號,高雄市鳥松區,高雄市鳥松區,120.340501,22.653733,160,True,鳳山,111.0,3.34,High Risk
高雄市鼓山區龍華國民小學,大順一路858號,高雄市鼓山區,高雄市鼓山區,120.2977,22.655,1400,True,左營,91.0,2.26,Low Risk
本和里活動中心,大和街190號,高雄市三民區,高雄市三民區,120.3261,22.6555,300,True,仁武,109.0,3.79,High Risk
高雄市立鼎金國民中學,鼎山街445號,高雄市三民區,高雄市三民區,120.320505,22.655593,1273,True,左營,91.0,3.55,Low Risk
本館里集會所,昌裕街55號,高雄市三民區,高雄市三民區,120.3315,22.6557,50,True,仁武,109.0,3.71,High Risk
高雄市大樹區九曲國民小學,九曲路498號,高雄市大樹區,高雄市大樹區,120.423343,22.655886,2075,True,屏東,109.0,6.91,High Risk
高雄市立鼎金國民中學,鼎山街375號,高雄市三民區,高雄市三民區,120.322,22.6561,1345,True,左營,91.0,3.64,Low Risk
台灣基督教長老教會仁美教會短期收,介壽路14號,高雄市鳥松區,高雄市鳥松區,120.3933,22.6562,96,True,鳳山,111.0,4.83,High Risk
高雄市三民區莊敬國民小學,大昌一路200號,高雄市三民區,高雄市三民區,120.3241,22.6563,2036,True,仁武,109.0,3.75,High Risk
高雄市鼓山區內惟國民小學,內惟路73號,高雄市鼓山區,高雄市鼓山區,120.2762,22.6565,1091,True,左營,91.0,2.67,Low Risk
大樹區綜合體育館,九大路639號,高雄市大樹區,高雄市大樹區,120.4245,22.6569,200,True,屏東,109.0,6.76,High Risk
高雄市立大樹國民中學,九曲路500號,高雄市大樹區,高雄市大樹區,120.422752,22.657006,1200,True,屏東,109.0,6.93,High Risk
高雄市立七賢國民中學,美術東三路110號,高雄市鼓山區,高雄市鼓山區,120.28928,22.657594,1036,True,左營,91.0,1.96,Low Risk
灣愛里活動中心,大昌一路270巷2號,高雄市三民區,高雄市三民區,120.3213,22.6579,200,True,左營,91.0,3.47,Low Risk
仁美營區,久堂路195-20號,高雄市大樹區,高雄市大樹區,120.4137,22.6579,200,True,鳳山,111.0,6.66,High Risk
高雄市立龍華國民中學,自由二路2號,高雄市左營區,高雄市左營區,120.309546,22.658147,1600,True,左營,91.0,2.52,Low Risk
高雄市鳥松區仁美國民小學,學堂路2號,高雄市鳥松區,高雄市鳥松區,120.394141,22.658433,520,True,鳳山,111.0,5.06,High Risk
屏東大學屏商校區活動中心,民生東路51號,屏東縣屏東市,屏東縣屏東市,120.5122037,22.65860765,89,True,屏東,109.0,2.96,High Risk
屏東縣立鶴聲國中,大武路225號,屏東縣屏東市,屏東縣屏東市,120.4725,22.6595,1098,True,屏東,109.0,2.2,High Risk
屏東市復興國小,復興路376號,屏東縣屏東市,屏東縣屏東市,120.4862,22.6599,535,True,屏東,109.0,1.48,High Risk
鳥松區公所三樓,中正路98號,高雄市鳥松區,高雄市鳥松區,120.3643,22.66,50,True,鳳山,111.0,3.61,High Risk
屏東市民生國小,安心四橫巷139-1號,屏東縣屏東市,屏東縣屏東市,120.509,22.6609,265,True,屏東,109.0,2.54,High Risk
高雄市立明華國民中學,明誠三路582號,高雄市鼓山區,高雄市鼓山區,120.301532,22.661903,927,True,左營,91.0,1.69,Low Risk
華源活動中心,一鄰大坑一五號,臺東縣太麻里鄉,臺東縣太麻里鄉,121.027792,22.66241819,70,True,臺東,46.0,16.28,Low Risk
屏東市公所,台糖街61號,屏東縣屏東市,屏東縣屏東市,120.4915,22.6626,734,True,屏東,109.0,1.22,High Risk
高雄市鳥松區鳥松國民小學（備用）,文前路32號,高雄市鳥松區,高雄市鳥松區,120.361721,22.663078,50,True,鳳山,111.0,3.91,High Risk
高雄市立三民高級中學,金鼎路81號,高雄市三民區,高雄市三民區,120.32672,22.663103,886,True,仁武,109.0,2.95,High Risk
空軍綠島探空分隊,火燒山41號,臺東縣綠島鄉,臺東縣綠島鄉,121.4718,22.6644,300,True,臺東,46.0,34.48,Low Risk
屏東大學民生校區體育館,民生路4-18號,屏東縣屏東市,屏東縣屏東市,120.5044684,22.66539013,178,True,屏東,109.0,1.89,High Risk
屏東市建國國小,建興路36號,屏東縣屏東市,屏東縣屏東市,120.4866,22.6654,593,True,屏東,109.0,0.87,High Risk
屏東市鶴聲國小,建國路121號,屏東縣屏東市,屏東縣屏東市,120.4797,22.6656,1459,True,屏東,109.0,1.19,High Risk
高雄市立三民高級家事商業職業學校,高雄市左營區裕誠路1102號,高雄市左營區,高雄市左營區,120.300608,22.666009,1018,True,左營,91.0,1.26,Low Risk
高雄市立鳥松國民中學,松埔北巷5之1號,高雄市鳥松區,高雄市鳥松區,120.371072,22.666471,844,True,鳳山,111.0,4.49,High Risk
"鼎中,鼎力,鼎膝,鼎金,鼎強,鼎盛聯合里",鼎力路125-1號地下1樓,高雄市三民區,高雄市三民區,120.3217,22.6667,400,True,仁武,109.0,2.73,High Risk
屏東市大同國小,建國路二0二號,屏東縣屏東市,屏東縣屏東市,120.476,22.6668,846,True,屏東,109.0,1.42,High Risk
崇文國小,原勝路6號,屏東縣內埔鄉,屏東縣內埔鄉,120.6002,22.6669,120,True,屏東,109.0,11.53,High Risk
新生國小,大新路109號,屏東縣內埔鄉,屏東縣內埔鄉,120.5909,22.6673,120,True,屏東,109.0,10.57,High Risk
高雄市大樹區水寮國民小學,中華路國小巷1號,高雄市大樹區,高雄市大樹區,120.407847,22.667994,1079,True,鳳山,111.0,6.81,High Risk
三民街友服務中心,天祥二路31號,高雄市三民區,高雄市三民區,120.3157,22.6684,80,True,左營,91.0,2.45,Low Risk
南寮社區活動中心,南寮190號,臺東縣綠島鄉,臺東縣綠島鄉,121.4687,22.6686,50,True,臺東,46.0,34.04,Low Risk
財團法人玄光聖堂短期收容,松埔北巷29號之10,高雄市鳥松區,高雄市鳥松區,120.389996,22.668784,100,True,鳳山,111.0,5.62,High Risk
高雄市鼓山區中山國民小學,美術東二路252號,高雄市鼓山區,高雄市鼓山區,120.2848,22.6691,1364,True,左營,91.0,1.05,Low Risk
高雄市左營區新莊國民小學,自由三路1號,高雄市左營區,高雄市左營區,120.309875,22.669267,1582,True,左營,91.0,1.85,Low Risk
太麻里鄉三和村辦公處,2鄰漁場131號,臺東縣太麻里鄉,臺東縣太麻里鄉,121.0354,22.6695,70,True,臺東,46.0,15.18,Low Risk
屏東市民和國小,自立路213號,屏東縣屏東市,屏東縣屏東市,120.4958,22.6706,418,True,屏東,109.0,0.84,High Risk
高雄新莊天后宮備用,重清路278巷51號,高雄市左營區,高雄市左營區,120.3117,22.6716,120,True,左營,91.0,1.96,Low Risk
屏東市唐榮國小,中山路41號,屏東縣屏東市,屏東縣屏東市,120.4852,22.6716,490,True,屏東,109.0,0.33,High Risk
仁慈活動中心,仁慈路75號,高雄市仁武區,高雄市仁武區,120.3587,22.6717,150,True,仁武,109.0,3.3,High Risk
和平營區,武功巷52號,高雄市三民區,高雄市三民區,120.3314,22.6718,200,True,仁武,109.0,1.92,High Risk
高雄市左營區勝利國民小學,南屏路1號,高雄市左營區,高雄市左營區,120.295103,22.672458,500,True,左營,91.0,0.35,Low Risk
高雄市三民區獅湖國民小學,鼎金後路495號,高雄市三民區,高雄市三民區,120.3224,22.6726,1582,True,仁武,109.0,2.11,High Risk
屏東縣立中正國中,民學路2路,屏東縣屏東市,屏東縣屏東市,120.5088,22.6726,2138,True,屏東,109.0,2.13,High Risk
綠島國中,臺東縣綠島鄉9鄰中寮4號,臺東縣綠島鄉,臺東縣綠島鄉,121.4701,22.6731,200,True,臺東,46.0,34.04,Low Risk
綠島國民小學,中寮1鄰3號,臺東縣綠島鄉,臺東縣綠島鄉,121.4699,22.6737,200,True,臺東,46.0,34.0,Low Risk
高雄市立大義國民中學,翠華路687號,高雄市左營區,高雄市左營區,120.2928,22.6742,50,True,左營,91.0,0.07,Low Risk
中寮社區活動中心,中寮1鄰31號,臺東縣綠島鄉,臺東縣綠島鄉,121.4702,22.6747,30,True,臺東,46.0,34.0,Low Risk
高雄市立海青高級工商職業學校,左營大路1號,高雄市左營區,高雄市左營區,120.2856,22.6752,100,True,左營,91.0,0.75,Low Risk
國立屏東女中,仁愛路94號,屏東縣屏東市,屏東縣屏東市,120.4942,22.6753,2332,True,屏東,109.0,0.68,High Risk
瑪家社區活動中心,馬卡札亞札亞街 1號,屏東縣瑪家鄉,屏東縣瑪家鄉,120.6869,22.6756,150,True,屏東,109.0,20.41,High Risk
崇聖殿備用,井腳路118號,高雄市大樹區,高雄市大樹區,120.4074,22.6757,200,True,鳳山,111.0,7.37,High Risk
高雄市立大灣國民中學,仁雄路99號,高雄市仁武區,高雄市仁武區,120.341612,22.676023,500,True,仁武,109.0,1.72,High Risk
公館國民小學,公館98號,臺東縣綠島鄉,臺東縣綠島鄉,121.4848,22.6764,200,True,臺東,46.0,35.4,Low Risk
高雄市左營區新民國民小學,自由三路478號,高雄市左營區,高雄市左營區,120.313158,22.676691,921,True,左營,91.0,2.09,Low Risk
屏東市仁愛國小,仁愛路98號,屏東縣屏東市,屏東縣屏東市,120.4948,22.6767,1204,True,屏東,109.0,0.8,High Risk
屏東市忠孝國小,建豐路204號,屏東縣屏東市,屏東縣屏東市,120.5039,22.6769,650,True,屏東,109.0,1.68,High Risk
綠島鄉社會福利活動中心,柴口1鄰62號,臺東縣綠島鄉,臺東縣綠島鄉,121.4847,22.6769,60,True,臺東,46.0,35.38,Low Risk
長興國小,潭頭路50號,屏東縣長治鄉,屏東縣長治鄉,120.5261,22.6772,200,True,屏東,109.0,3.93,High Risk
菜公豐谷宮備用,菜公一路91號,高雄市左營區,高雄市左營區,120.3155,22.6774,50,True,仁武,109.0,2.18,High Risk
屏東縣立大同高中,和平路429號,屏東縣屏東市,屏東縣屏東市,120.4777,22.678,1380,True,屏東,109.0,1.19,High Risk
崇文國中,昭勝路438號,屏東縣內埔鄉,屏東縣內埔鄉,120.6021,22.6786,120,True,屏東,109.0,11.72,High Risk
高雄市立左營國民中學,高雄市左營區曾子路281號,高雄市左營區,高雄市左營區,120.306724,22.679456,836,True,左營,91.0,1.51,Low Risk
高雄市仁武區登發國民小學,仁忠路191號,高雄市仁武區,高雄市仁武區,120.354051,22.679647,1815,True,仁武,109.0,2.43,High Risk
高雄市左營區新光國民小學,華夏路800號,高雄市左營區,高雄市左營區,120.304805,22.67983,200,True,左營,91.0,1.34,Low Risk
屏東縣立明正國中,大連路70號,屏東縣屏東市,屏東縣屏東市,120.4976,22.6799,4113,True,屏東,109.0,1.24,High Risk
埤子頭鎮福廟,左營大路6巷81號3樓,高雄市左營區,高雄市左營區,120.289652,22.680335,30,True,左營,91.0,0.69,Low Risk
屏東市勝利國小,蘭州街2號,屏東縣屏東市,屏東縣屏東市,120.4857,22.6807,1579,True,屏東,109.0,0.88,High Risk
屏東市瑞光國小,興豐路86號,屏東縣屏東市,屏東縣屏東市,120.5091,22.6808,1415,True,屏東,109.0,2.33,High Risk
高雄市立新莊高級中學,文慈路99號,高雄市左營區,高雄市左營區,120.3176,22.6812,3305,True,仁武,109.0,1.77,High Risk
啟明堂備用,蓮潭路36號,高雄市左營區,高雄市左營區,120.2923,22.682,100,True,左營,91.0,0.8,Low Risk
舊城城隍廟,店仔頂路1號,高雄市左營區,高雄市左營區,120.290474,22.682196,30,True,左營,91.0,0.85,Low Risk
左營元帝廟,左營大路87號,高雄市左營區,高雄市左營區,120.288158,22.682521,40,True,左營,91.0,0.98,Low Risk
高雄市仁武區灣內國民小學,仁心路31號,高雄市仁武區,高雄市仁武區,120.357281,22.683088,330,True,仁武,109.0,2.61,High Risk
高雄市左營區舊城國民小學,蓮潭路47號,高雄市左營區,高雄市左營區,120.293004,22.683177,582,True,左營,91.0,0.92,Low Risk
高雄市左營區福山國民小學,高雄市左營區重愛路99號,高雄市左營區,高雄市左營區,120.317215,22.683573,1273,True,仁武,109.0,1.7,High Risk
屏東市崇蘭國小,廣東路1259號,屏東縣屏東市,屏東縣屏東市,120.477,22.6842,614,True,屏東,109.0,1.68,High Risk
護安寺,蓮潭路116號,高雄市左營區,高雄市左營區,120.2951,22.6853,100,True,左營,91.0,1.18,Low Risk
左營揚善堂,?後街42巷2號,高雄市左營區,高雄市左營區,120.288708,22.685509,100,True,左營,91.0,1.26,Low Risk
國立屏東高中,忠孝路231號,屏東縣屏東市,屏東縣屏東市,120.4888,22.6861,2470,True,屏東,109.0,1.45,High Risk
屏東市和平國小,華正路80號,屏東縣屏東市,屏東縣屏東市,120.5017,22.687,511,True,屏東,109.0,2.09,High Risk
天府宮,蓮潭路158號,高雄市左營區,高雄市左營區,120.296399,22.687113,30,True,左營,91.0,1.41,Low Risk
黎明國小,西淇路177號,屏東縣內埔鄉,屏東縣內埔鄉,120.5969,22.6874,80,True,屏東,109.0,11.28,High Risk
太麻里鄉美和國民小學,美和 90 號,臺東縣太麻里鄉,臺東縣太麻里鄉,121.044275,22.687685,100,True,臺東,46.0,13.24,Low Risk
高雄市大樹區大樹國民小學,中正一路249號,高雄市大樹區,高雄市大樹區,120.43459,22.687763,1091,True,屏東,109.0,5.72,High Risk
高雄市左營區明德國民小學,海富路2號,高雄市左營區,高雄市左營區,120.289355,22.688006,491,True,左營,91.0,1.51,Low Risk
?後北極殿,海平路2號,高雄市左營區,高雄市左營區,120.291964,22.688899,30,True,左營,91.0,1.56,Low Risk
高雄市仁武區八卦國民小學,永仁街555號,高雄市仁武區,高雄市仁武區,120.333146,22.689043,1254,True,仁武,109.0,0.05,High Risk
左營區公所8樓大禮堂,左營大路479號8樓,高雄市左營區,高雄市左營區,120.29511,22.689882,20,True,左營,91.0,1.69,Low Risk
涼山社區活動中心,涼山巷20號,屏東縣瑪家鄉,屏東縣瑪家鄉,120.6369,22.6901,158,True,屏東,109.0,15.39,High Risk
高雄市左營區左營國民小學,高雄市左營區實踐路42號,高雄市左營區,高雄市左營區,120.293299,22.690488,745,True,左營,91.0,1.74,Low Risk
高楠活動中心,高楠四街58號,高雄市仁武區,高雄市仁武區,120.3242,22.6917,200,True,仁武,109.0,0.91,High Risk
屏東縣立至正國中,公裕街300號,屏東縣屏東市,屏東縣屏東市,120.4936,22.6917,1338,True,屏東,109.0,2.15,High Risk
知本金聯世紀酒店,龍泉路30號,臺東縣卑南鄉,臺東縣太麻里鄉,121.019876,22.692402,30,True,臺東,46.0,15.11,Low Risk
大樹區公所二樓會議室,中興北路120號,高雄市大樹區,高雄市大樹區,120.4331,22.6933,30,True,屏東,109.0,6.07,High Risk
長治國中,中興路578號,屏東縣長治鄉,屏東縣長治鄉,120.5437,22.6934,200,True,屏東,109.0,6.14,High Risk
高雄市立左營高級中學,海功路55號,高雄市左營區,高雄市左營區,120.296158,22.693416,200,True,左營,91.0,2.09,Low Risk
德協國小,中興路551號,屏東縣長治鄉,屏東縣長治鄉,120.5415,22.6941,200,True,屏東,109.0,5.96,High Risk
大社村辦公處含活動中心,和平路2段35號,屏東縣三地門鄉,屏東縣內埔鄉,120.637733,22.694157,200,True,屏東,109.0,15.54,High Risk
高雄東照山關帝廟備用,忠義路1號,高雄市大樹區,高雄市大樹區,120.3941,22.6942,300,True,仁武,109.0,6.33,High Risk
循理會南三和教會,美園巷90-4號,屏東縣瑪家鄉,屏東縣內埔鄉,120.5989,22.6949,150,True,屏東,109.0,11.63,High Risk
復興永清里活動中心,復興新村335號,高雄市左營區,高雄市左營區,120.299673,22.69567,150,True,左營,91.0,2.42,Low Risk
祥和山莊活動中心,左營大路928巷101號,高雄市左營區,高雄市左營區,120.301803,22.69635,100,True,左營,91.0,2.56,Low Risk
原大樹鄉民代表會,中興北路227號,高雄市大樹區,高雄市大樹區,120.4321,22.6964,42,True,屏東,109.0,6.3,High Risk
臺東縣農會東遊季溫泉渡假村,溫泉路376巷18號,臺東縣卑南鄉,臺東縣卑南鄉,121.019705,22.696483,30,True,臺東,46.0,14.92,Low Risk
溫泉國民小學,溫泉村11鄰溫泉路291號,臺東縣卑南鄉,臺東縣卑南鄉,121.02593,22.697667,50,True,臺東,46.0,14.29,Low Risk
溫泉村活動中心,溫泉村11鄰溫泉路293號,臺東縣卑南鄉,臺東縣卑南鄉,121.025091,22.697823,30,True,臺東,46.0,14.36,Low Risk
高雄市仁武區.烏林國民小學,林森巷23號,高雄市仁武區,高雄市仁武區,120.372598,22.697888,429,True,仁武,109.0,4.22,High Risk
元新溫泉飯店,溫泉路314號,臺東縣卑南鄉,臺東縣卑南鄉,121.024826,22.698053,20,True,臺東,46.0,14.37,Low Risk
屏東市海豐國小,海豐街3號,屏東縣屏東市,屏東縣屏東市,120.508,22.6989,655,True,屏東,109.0,3.53,High Risk
高雄市仁武區仁武國民小學,中正路94號,高雄市仁武區,高雄市仁武區,120.348359,22.701263,1782,True,仁武,109.0,2.11,High Risk
仁武區綜合活動中心,中正路94號,高雄市仁武區,高雄市仁武區,120.3484,22.7013,500,True,仁武,109.0,2.11,High Risk
隘寮國小,清涼路二段238號,屏東縣內埔鄉,屏東縣內埔鄉,120.6357,22.7024,120,True,屏東,109.0,15.5,High Risk
繁華國小,水源路96號,屏東縣長治鄉,屏東縣長治鄉,120.5722,22.7026,200,True,屏東,109.0,9.24,High Risk
瑪家國中,三和巷16號,屏東縣瑪家鄉,屏東縣內埔鄉,120.6095,22.7026,100,True,屏東,109.0,12.89,High Risk
亞莊酒店,溫泉路68號,臺東縣卑南鄉,臺東縣卑南鄉,121.032022,22.703397,30,True,臺東,46.0,13.45,Low Risk
中村基督長老教會,三和巷32號,屏東縣瑪家鄉,屏東縣長治鄉,120.6078,22.7034,200,True,屏東,109.0,12.74,High Risk
玉泉社區活動中心,1鄰6-3號,屏東縣瑪家鄉,屏東縣長治鄉,120.6089,22.7036,200,True,屏東,109.0,12.86,High Risk
仁武里活動中心,仁祥街199號,高雄市仁武區,高雄市仁武區,120.3447169,22.70434779,500,True,仁武,109.0,2.1,High Risk
知本社區活動中心,知本路三段13巷40號,臺東縣臺東市,臺東縣臺東市,121.055645,22.705462,34,True,臺東,46.0,11.19,Low Risk
北葉國小體育館,北葉村風景巷1鄰1號,屏東縣瑪家鄉,屏東縣內埔鄉,120.646,22.7074,320,True,屏東,109.0,16.65,High Risk
F Hotel,台東市大順路33號,臺東縣卑南鄉,臺東縣臺東市,121.042182,22.707519,30,True,臺東,46.0,12.31,Low Risk
高雄市楠梓區廣、大、久、盛昌里活動中心,廣昌街175巷37號,高雄市楠梓區,高雄市楠梓區,120.285079,22.707528,157,True,左營,91.0,3.72,Low Risk
建業社區活動中心,西昌街214號,臺東縣臺東市,臺東縣臺東市,121.050993,22.707748,35,True,臺東,46.0,11.49,Low Risk
中華里活動中心,華園街25號,高雄市仁武區,高雄市仁武區,120.3272,22.7085,100,True,仁武,109.0,2.23,High Risk
高雄市楠梓區油廠國民小學,左楠路4號,高雄市楠梓區,高雄市楠梓區,120.302919,22.708958,636,True,仁武,109.0,3.77,High Risk
北葉社區活動中心,風景巷1-8號,屏東縣瑪家鄉,屏東縣內埔鄉,120.6479,22.7096,443,True,屏東,109.0,16.9,High Risk
高雄市仁武區竹後國民小學,竹楠路250號,高雄市仁武區,高雄市仁武區,120.334866,22.710042,429,True,仁武,109.0,2.34,High Risk
高雄市左營區莒光國民小學,後昌路842號,高雄市左營區,高雄市楠梓區,120.295275,22.711558,20,True,左營,91.0,4.09,Low Risk
高雄市楠梓區莒光國民小學,後昌路842號,高雄市楠梓區,高雄市楠梓區,120.295275,22.711558,1273,True,左營,91.0,4.09,Low Risk
高雄市立右昌國民中學,盛昌街161號,高雄市楠梓區,高雄市楠梓區,120.286911,22.713585,927,True,左營,91.0,4.35,Low Risk
高雄市楠梓區右昌國民小學,加昌路910號,高雄市楠梓區,高雄市楠梓區,120.292106,22.713629,1291,True,左營,91.0,4.31,Low Risk
三地門鄉立體育館,行政街11號,屏東縣三地門鄉,屏東縣三地門鄉,120.6539,22.7141,200,True,屏東,109.0,17.62,High Risk
地磨兒國小,行政街9號,屏東縣三地門鄉,屏東縣三地門鄉,120.654518,22.714903,60,True,屏東,109.0,17.7,High Risk
國軍退役官兵輔導委員會高雄榮譽國民之家,加昌路631號,高雄市楠梓區,高雄市楠梓區,120.3018,22.7151,17,True,楠梓,104.0,3.41,High Risk
高雄市楠梓區宏昌等六里聯合活動中心,後昌路960巷19號,高雄市楠梓區,高雄市楠梓區,120.2941,22.7154,60,True,楠梓,104.0,4.05,High Risk
臺東縣臺東市建和國小,青海路3段640號,臺東縣臺東市,臺東縣臺東市,121.049167,22.716736,125,True,臺東,46.0,11.24,Low Risk
高雄市立國昌國民中學,德民路1010號,高雄市楠梓區,高雄市楠梓區,120.2861,22.7194,800,True,楠梓,104.0,4.61,High Risk
高雄市楠梓區加昌國民小學,樂群路220號,高雄市楠梓區,高雄市楠梓區,120.296547,22.720392,1267,True,楠梓,104.0,3.57,High Risk
建農里民眾活動中心,知本路一段560號,臺東縣臺東市,臺東縣臺東市,121.084143,22.720423,29,True,臺東,46.0,7.83,Low Risk
高雄市楠梓區後勁國民小學,加昌路216號,高雄市楠梓區,高雄市楠梓區,120.314216,22.721706,873,True,楠梓,104.0,1.96,High Risk
中里社區活動中心,文明路10巷3號,高雄市大社區,高雄市大社區,120.3513,22.7226,70,True,楠梓,104.0,2.66,High Risk
高雄市立後勁國民中學,加昌路180號,高雄市楠梓區,高雄市楠梓區,120.316198,22.722854,673,True,楠梓,104.0,1.73,High Risk
九如鄉九如國民小學,九如路二段3-1號,屏東縣九如鄉,屏東縣九如鄉,120.4918,22.7233,129,True,屏東,109.0,5.6,High Risk
高雄市楠梓區仁昌里活動中心,壽豐路461號,高雄市楠梓區,高雄市楠梓區,120.294854,22.724246,155,True,楠梓,104.0,3.59,High Risk
高雄市楠梓區楠陽國民小學,楠陽路100號,高雄市楠梓區,高雄市楠梓區,120.331144,22.724927,1164,True,楠梓,104.0,1.01,High Risk
高雄市楠梓區翠屏里活動中心,德惠路55號,高雄市楠梓區,高雄市楠梓區,120.302159,22.726779,280,True,楠梓,104.0,2.79,High Risk
高雄市楠梓區惠豐里活動中心,青田街87號,高雄市楠梓區,高雄市楠梓區,120.318969,22.727244,115,True,楠梓,104.0,1.19,High Risk
高雄市楠梓區援中國民小學,大學二十六街1150號,高雄市楠梓區,高雄市楠梓區,120.27799,22.728206,345,True,橋頭,93.0,4.32,Low Risk
高雄市楠梓區行政中心7樓大禮堂,楠梓新路264號7樓,高雄市楠梓區,高雄市楠梓區,120.3263,22.7283,100,True,楠梓,104.0,0.63,High Risk
高雄市立蚵寮國民中學（備用）,中正二街60號,高雄市梓官區,高雄市梓官區,120.25873,22.728551,400,True,橋頭,93.0,5.79,Low Risk
高雄市立大社國民中學,翠屏路100號,高雄市大社區,高雄市大社區,120.357267,22.729029,500,True,楠梓,104.0,3.02,High Risk
大社老人文康中心,金龍路65號,高雄市大社區,高雄市大社區,120.3546,22.7293,200,True,楠梓,104.0,2.74,High Risk
高雄市立翠屏國民中小學,翠屏路135號,高雄市楠梓區,高雄市楠梓區,120.299446,22.729477,1545,True,楠梓,104.0,2.99,High Risk
高雄市立中山高級中學,藍昌路416號,高雄市楠梓區,高雄市楠梓區,120.2922,22.7295,1528,True,橋頭,93.0,3.41,Low Risk
智信蚵社區聯合活動中心（備用）,廣澤路3號,高雄市梓官區,高雄市梓官區,120.254588,22.729634,150,True,橋頭,93.0,6.09,Low Risk
大社中山堂,大社區自強街1號,高雄市大社區,高雄市大社區,120.3466,22.73,150,True,楠梓,104.0,1.92,High Risk
高雄市楠梓區惠民里集會所,高楠公路1868巷100號,高雄市楠梓區,高雄市楠梓區,120.323083,22.732098,125,True,楠梓,104.0,0.56,High Risk
豐里社區活動中心,豐里街756巷20號,臺東縣臺東市,臺東縣臺東市,121.116004,22.732187,27,True,臺東,46.0,4.37,Low Risk
高雄市楠梓區楠梓國民小學,楠梓路262號,高雄市楠梓區,高雄市楠梓區,120.3284,22.7322,1164,True,楠梓,104.0,0.16,High Risk
高雄市梓官區蚵寮國民小學（備用）,光明路177號,高雄市梓官區,高雄市梓官區,120.248239,22.733411,300,True,橋頭,93.0,6.47,Low Risk
高雄市立楠梓國民中學,楠梓路336號,高雄市楠梓區,高雄市楠梓區,120.327507,22.733936,1091,True,楠梓,104.0,0.09,High Risk
保安里活動中心,大社路87-3號,高雄市大社區,高雄市大社區,120.3527,22.7341,80,True,楠梓,104.0,2.5,High Risk
九如鄉圖書館,九如路二段264號,屏東縣九如鄉,屏東縣九如鄉,120.4896,22.7344,100,True,屏東,109.0,6.82,High Risk
赤崁老人活動中心（備用）,中正路519號,高雄市梓官區,高雄市梓官區,120.25016,22.736052,160,True,橋頭,93.0,6.17,Low Risk
國立臺東大學,台東市大學路2段369號,臺東縣卑南鄉,臺東縣臺東市,121.070583,22.736056,50,True,臺東,46.0,8.47,Low Risk
高雄市橋頭區甲圍國民小學,甲昌路250號,高雄市橋頭區,高雄市橋頭區,120.293408,22.736237,540,True,橋頭,93.0,2.68,Low Risk
新圍國小,維新路67號,屏東縣鹽埔鄉,屏東縣鹽埔鄉,120.5539,22.7383,400,True,屏東,109.0,9.91,High Risk
彭厝國小,七份路21號,屏東縣鹽埔鄉,屏東縣鹽埔鄉,120.5314,22.7399,280,True,屏東,109.0,8.66,High Risk
九如鄉公所禮堂,九如路二段416號,屏東縣九如鄉,屏東縣九如鄉,120.4904,22.7404,100,True,屏東,109.0,7.49,High Risk
高雄市大樹區興田國民小學,興田路59號,高雄市大樹區,高雄市大樹區,120.445966,22.740507,666,True,屏東,109.0,8.65,High Risk
賽嘉國小,賽嘉巷2號,屏東縣三地門鄉,屏東縣三地門鄉,120.6394454,22.74307039,20,True,屏東,109.0,17.37,High Risk
賽嘉村辦公處含活動中心,賽嘉巷1號,屏東縣三地門鄉,屏東縣三地門鄉,120.640299,22.743817,150,True,屏東,109.0,17.49,High Risk
高雄市立楠梓高級中學,清豐路19號,高雄市楠梓區,高雄市楠梓區,120.331155,22.744044,1528,True,楠梓,104.0,1.19,High Risk
霧台長老教會,9鄰76號,屏東縣霧臺鄉,屏東縣霧臺鄉,120.7312,22.7445,40,True,美濃,83.0,25.73,Low Risk
霧台社區活動中心,中山巷46-3號,屏東縣霧臺鄉,屏東縣霧臺鄉,120.7321,22.745,60,True,美濃,83.0,25.77,Low Risk
霧臺國小,中山巷44號,屏東縣霧臺鄉,屏東縣霧臺鄉,120.7312,22.7452,310,True,美濃,83.0,25.69,Low Risk
霧台國小運動場,中山巷44號,屏東縣霧臺鄉,屏東縣霧臺鄉,120.723288,22.747111,250,True,美濃,83.0,24.91,Low Risk
佛光山寺備用,興田路153號,高雄市大樹區,高雄市大樹區,120.4463,22.7473,500,False,屏東,109.0,9.3,High Risk
霧台鄉避難收容所,神山巷71號,屏東縣霧臺鄉,屏東縣霧臺鄉,120.7263,22.7498,40,True,美濃,83.0,24.98,Low Risk
神山社區活動中心運動場,神山社區,屏東縣霧臺鄉,屏東縣三地門鄉,120.719513,22.750455,200,True,美濃,83.0,24.38,Low Risk
高雄市橋頭區仕隆國民小學,仕隆路進校巷16號,高雄市橋頭區,高雄市橋頭區,120.310636,22.750578,1343,True,橋頭,93.0,0.92,Low Risk
高雄市橋頭區興糖國民小學,興糖路19巷1號.,高雄市橋頭區,高雄市橋頭區,120.317,22.750876,676,True,橋頭,93.0,1.37,Low Risk
高雄市燕巢區鳳雄國民小學（備用）,鳳加路52號,高雄市燕巢區,高雄市燕巢區,120.358101,22.753304,250,True,楠梓,104.0,3.76,High Risk
鹽埔國中,勝利路30號,屏東縣鹽埔鄉,屏東縣鹽埔鄉,120.5741,22.7536,600,True,屏東,109.0,12.57,High Risk
臺東市公所,博愛路365號,臺東縣臺東市,臺東縣臺東市,121.146637,22.754695,34,True,臺東,46.0,0.4,Low Risk
鳳雄營區,鳳旗路23號,高雄市燕巢區,高雄市燕巢區,120.3602,22.7555,900,True,楠梓,104.0,4.07,High Risk
梓平社區活動中心（備用）,梓官路城隍巷123-1號,高雄市梓官區,高雄市梓官區,120.269167,22.756467,100,True,橋頭,93.0,3.75,Low Risk
鄉立幼兒園,勝利路189號,屏東縣鹽埔鄉,屏東縣鹽埔鄉,120.575722,22.756522,250,True,屏東,109.0,12.92,High Risk
橋頭區公所,隆豐路1號,高雄市橋頭區,高雄市橋頭區,120.3058,22.7576,150,True,橋頭,93.0,0.02,Low Risk
高雄市立橋頭國民中學,新興路70號,高雄市橋頭區,高雄市橋頭區,120.30751,22.759012,1484,True,橋頭,93.0,0.25,Low Risk
梓和社區活動中心（備用）,大宅街38號,高雄市梓官區,高雄市梓官區,120.266109,22.759573,80,True,橋頭,93.0,4.06,Low Risk
高雄市橋頭區五林國民小學,五林路160號,高雄市橋頭區,高雄市橋頭區,120.293721,22.75995,1343,True,橋頭,93.0,1.26,Low Risk
梓官國小（備用）,進學路614號,高雄市梓官區,高雄市梓官區,120.264756,22.760292,400,True,橋頭,93.0,4.21,Low Risk
高雄市立彌陀國民中學（備用）,進學路136號,高雄市彌陀區,高雄市梓官區,120.262962,22.760359,250,True,橋頭,93.0,4.39,Low Risk
梓官區公所,梓官路258號,高雄市梓官區,高雄市梓官區,120.2673,22.7607,60,True,橋頭,93.0,3.95,Low Risk
中華社區活動中心,華泰街231號,臺東縣臺東市,臺東縣臺東市,121.158116,22.761527,34,True,臺東,46.0,1.04,Low Risk
高雄市橋頭區橋頭國民小學,樹德路200號,高雄市橋頭區,高雄市橋頭區,120.305864,22.761764,1105,True,橋頭,93.0,0.47,Low Risk
高雄市立梓官國民中學,中學路71號,高雄市梓官區,高雄市梓官區,120.263476,22.762428,400,True,橋頭,93.0,4.36,Low Risk
新園社區活動中心,中興路6段708號,臺東縣臺東市,臺東縣臺東市,121.052313,22.763938,40,True,臺東,46.0,10.11,Low Risk
四維寶桑多功能活動中心,博愛路16號,臺東縣臺東市,臺東縣臺東市,121.154697,22.764164,17,True,臺東,46.0,1.07,Low Risk
東興村活動中心,東興村東園一街120號,臺東縣卑南鄉,臺東縣卑南鄉,121.041149,22.765011,70,True,臺東,46.0,11.26,Low Risk
臺東縣臺東市新園國小,新園路88號,臺東縣臺東市,臺東縣臺東市,121.062352,22.765066,75,True,臺東,46.0,9.1,Low Risk
塔樓國小,塔樓路21-3號,屏東縣里港鄉,屏東縣里港鄉,120.4838,22.7655,320,True,屏東,109.0,10.29,High Risk
口社國小,信義巷65號,屏東縣三地門鄉,屏東縣三地門鄉,120.6445,22.7666,30,True,美濃,83.0,17.48,Low Risk
高雄市燕巢區橫山國民小學（備用）,橫山路24號,高雄市燕巢區,高雄市燕巢區,120.379471,22.768542,60,True,楠梓,104.0,6.53,High Risk
口社村辦公處含活動中心,信義巷1號,屏東縣三地門鄉,屏東縣三地門鄉,120.647735,22.76925,100,True,美濃,83.0,17.49,Low Risk
地磨兒國小德文分校,3鄰4號,屏東縣三地門鄉,屏東縣三地門鄉,120.701867,22.770929,30,True,美濃,83.0,21.57,Low Risk
財團法人臺東縣私立仁愛之家,臺東市豐年里17鄰中興路三段549號,臺東縣卑南鄉,臺東縣臺東市,121.106473,22.771069,20,True,臺東,46.0,4.84,Low Risk
德文村辦公處含活動中心,德文巷9號,屏東縣三地門鄉,屏東縣三地門鄉,120.701874,22.771351,40,True,美濃,83.0,21.54,Low Risk
行政院國軍退除役官兵輔導委員會馬蘭榮譽國民之家,更生路 1010 號,臺東縣臺東市,臺東縣臺東市,121.132093,22.772402,10,True,臺東,46.0,2.67,Low Risk
嶺口營區,旗南三路234號,高雄市旗山區,高雄市旗山區,120.4417,22.7737,700,True,屏東,109.0,12.16,High Risk
玉田國小,八德路91號,屏東縣里港鄉,屏東縣里港鄉,120.4912,22.7743,1800,True,屏東,109.0,11.26,High Risk
豐田里民眾活動中心,中興路4段735號,臺東縣臺東市,臺東縣臺東市,121.086381,22.774331,18,True,臺東,46.0,6.9,Low Risk
利嘉村活動中心,利嘉村17鄰利嘉路669號,臺東縣卑南鄉,臺東縣卑南鄉,121.061011,22.77663,30,True,臺東,46.0,9.47,Low Risk
南勝社區活動中心備用,龍文巷30號之3,高雄市旗山區,高雄市旗山區,120.4488,22.7768,30,True,屏東,109.0,12.21,High Risk
高雄市燕巢區深水國民小學（備用）,深中路2號,高雄市燕巢區,高雄市燕巢區,120.405278,22.777039,60,True,楠梓,104.0,9.25,High Risk
里港鄉立圖書館,過江路43-1號,屏東縣里港鄉,屏東縣里港鄉,120.494,22.7802,200,True,屏東,109.0,11.93,High Risk
載興國小,載興路1-3號,屏東縣里港鄉,屏東縣里港鄉,120.5242,22.7806,1000,True,美濃,83.0,11.47,Low Risk
里港國小,過江路41號,屏東縣里港鄉,屏東縣里港鄉,120.4945,22.7807,1500,True,屏東,109.0,11.99,High Risk
高雄市政府社會局仁愛之家,深水路1號,高雄市燕巢區,高雄市燕巢區,120.4189,22.781,25,True,楠梓,104.0,10.68,High Risk
彌陀區公所,中華路4號,高雄市彌陀區,高雄市彌陀區,120.2506,22.7817,100,True,橋頭,93.0,6.26,Low Risk
太平村活動中心,太平村和平路128巷8號,臺東縣卑南鄉,臺東縣卑南鄉,121.088375,22.781975,80,True,臺東,46.0,7.02,Low Risk
卑南里民眾活動中心,南清街23號,臺東縣臺東市,臺東縣臺東市,121.122367,22.782039,40,True,臺東,46.0,4.13,Low Risk
高雄市岡山區和平國民小學,和平路1號,高雄市岡山區,高雄市岡山區,120.303827,22.782054,567,True,橋頭,93.0,2.74,Low Risk
彌仁社區活動中心（備用）,中華路1巷1弄12號,高雄市彌陀區,高雄市彌陀區,120.2499242,22.78219078,100,True,橋頭,93.0,6.34,Low Risk
燕巢區民眾活動中心,中興路427號,高雄市燕巢區,高雄市燕巢區,120.362246,22.782475,120,True,橋頭,93.0,6.43,Low Risk
富豐社區活動中心,吉林路一段279巷58號,臺東縣臺東市,臺東縣臺東市,121.161997,22.782915,34,True,臺東,46.0,3.28,Low Risk
高雄市彌陀區彌陀國民小學,中正路213號,高雄市彌陀區,高雄市彌陀區,120.247781,22.783678,300,True,橋頭,93.0,6.61,Low Risk
高雄市岡山區兆湘國民小學,介壽60號,高雄市岡山區,高雄市岡山區,120.28671,22.785034,611,True,橋頭,93.0,3.63,Low Risk
高雄市立燕巢國民中學（備用）,中興路267號,高雄市燕巢區,高雄市燕巢區,120.362845,22.785833,400,True,橋頭,93.0,6.65,Low Risk
鹽埕過港社區康樂室（備用）,鹽港二路53之6號,高雄市彌陀區,高雄市彌陀區,120.2425845,22.78790506,50,True,橋頭,93.0,7.3,Low Risk
屏東縣立泰山國民小學,產業路84號,屏東縣高樹鄉,屏東縣高樹鄉,120.6142,22.788,0,True,美濃,83.0,13.66,Low Risk
燕巢區公所禮堂,中安路1號,高雄市燕巢區,高雄市燕巢區,120.362079,22.78808,100,True,橋頭,93.0,6.71,Low Risk
馬兒村辦公處含活動中心,馬兒巷2號,屏東縣三地門鄉,屏東縣三地門鄉,120.6334763,22.78859227,30,True,美濃,83.0,14.93,Low Risk
臺東棒球村第一棒球場,興安路1段150號,臺東縣臺東市,臺東縣臺東市,121.128397,22.788893,125,False,臺東,46.0,4.36,Low Risk
高雄市立前峰國民中學,樹人路1號,高雄市岡山區,高雄市岡山區,120.28842,22.789449,30,True,橋頭,93.0,3.97,Low Risk
金陵營區,中西路1號,高雄市燕巢區,高雄市燕巢區,120.3598,22.79,500,True,橋頭,93.0,6.62,Low Risk
太平國民小學,泰安村6號,臺東縣卑南鄉,臺東縣卑南鄉,121.075772,22.790805,50,True,臺東,46.0,8.61,Low Risk
安招國民小學備用,安招路170號,高雄市燕巢區,高雄市燕巢區,120.3378,22.7909,200,True,橋頭,93.0,4.96,Low Risk
竹圍國小,大仁北路1號,高雄市岡山區,高雄市岡山區,120.2937,22.7914,200,True,橋頭,93.0,3.96,Low Risk
高雄市岡山區岡山國民小學,柳橋東路36號,高雄市岡山區,高雄市岡山區,120.293671,22.791424,200,True,橋頭,93.0,3.97,Low Risk
臺東市老人文康活動中心,吉林路二段699巷22號,臺東縣臺東市,臺東縣臺東市,121.184558,22.792025,28,True,臺東,46.0,5.37,Low Risk
高雄市岡山區後紅國民小學,岡燕路2巷88號,高雄市岡山區,高雄市岡山區,120.30344,22.792904,2172,True,橋頭,93.0,3.94,Low Risk
高雄市岡山區前峰國民小學,育英路35號,高雄市岡山區,高雄市岡山區,120.283164,22.793052,200,True,橋頭,93.0,4.58,Low Risk
泰安活動中心,泰安村5鄰泰安路101號,臺東縣卑南鄉,臺東縣卑南鄉,121.067371,22.793873,50,True,臺東,46.0,9.53,Low Risk
高雄市燕巢區燕巢國民小學（備用）,中華路177號,高雄市燕巢區,高雄市燕巢區,120.36587,22.795258,200,True,橋頭,93.0,7.46,Low Risk
高雄市彌陀區壽齡國民小學（備用）,國校路1號,高雄市彌陀區,高雄市彌陀區,120.234509,22.795345,100,True,橋頭,93.0,8.42,Low Risk
高雄市立岡山國民中學,岡燕路238號,高雄市岡山區,高雄市岡山區,120.291956,22.796169,500,True,橋頭,93.0,4.52,Low Risk
安坡村辦公處含活動中心,高山巷2號,屏東縣三地門鄉,屏東縣三地門鄉,120.6378,22.7982,50,True,美濃,83.0,14.52,Low Risk
高雄市岡山區壽天國民小學,公園東路55號,高雄市岡山區,高雄市岡山區,120.292481,22.798857,150,True,橋頭,93.0,4.79,Low Risk
岡山區老人活動中心,壽天路66號,高雄市岡山區,高雄市岡山區,120.2925,22.7989,150,True,橋頭,93.0,4.8,Low Risk
公園西路14號公所廳舍,公園西路14號,高雄市岡山區,高雄市岡山區,120.289345,22.799129,150,True,橋頭,93.0,4.92,Low Risk
岡山榮譽國民之家,成功路1 號,高雄市燕巢區,高雄市燕巢區,120.3288,22.7993,50,True,橋頭,93.0,5.22,Low Risk
高雄市永安區維新國民小學,維新路光明9巷69之10號,高雄市永安區,高雄市永安區,120.2479631,22.80403364,50,True,橋頭,93.0,7.86,Low Risk
高雄市燕巢區金山國民小學（備用）,番田路29號,高雄市燕巢區,高雄市燕巢區,120.398079,22.811802,50,True,橋頭,93.0,11.23,Low Risk
富源村活動中心,富源村8鄰118號,臺東縣卑南鄉,臺東縣卑南鄉,121.149689,22.812554,30,True,臺東,46.0,6.36,Low Risk
高雄市立嘉興國民中學,信中街486號,高雄市岡山區,高雄市岡山區,120.311911,22.816175,619,True,橋頭,93.0,6.55,Low Risk
青山國小,民族巷9號,屏東縣三地門鄉,屏東縣三地門鄉,120.641368,22.817112,20,True,美濃,83.0,13.55,Low Risk
中正堂,永安路43號,高雄市永安區,高雄市永安區,120.2253,22.8183,120,True,橋頭,93.0,10.66,Low Risk
三和國小,土庫路111-3號,屏東縣里港鄉,屏東縣里港鄉,120.5064,22.82,300,True,美濃,83.0,7.49,Low Risk
三地門鄉青山村辦公處,民族巷5鄰21號,屏東縣三地門鄉,屏東縣三地門鄉,120.6406033,22.82065061,20,True,美濃,83.0,13.27,Low Risk
土庫社區活動中心,土庫路97-12號,屏東縣里港鄉,屏東縣里港鄉,120.5068,22.8209,300,True,美濃,83.0,7.38,Low Risk
高雄市永安區新港國民小學,新興路25號,高雄市永安區,高雄市永安區,120.2092311,22.82114749,50,True,橋頭,93.0,12.16,Low Risk
富山村活動中心,富山村3鄰漁場路64號,臺東縣卑南鄉,臺東縣卑南鄉,121.190095,22.821416,30,True,臺東,46.0,8.39,Low Risk
富山國民小學,富山村3鄰漁場路66號,臺東縣卑南鄉,臺東縣卑南鄉,121.190095,22.821416,50,True,臺東,46.0,8.39,Low Risk
高雄市岡山區嘉興國民小學,嘉興路322號,高雄市岡山區,高雄市岡山區,120.305292,22.821597,1796,True,橋頭,93.0,7.13,Low Risk
高雄市立永安國民中學,保興一路3號,高雄市永安區,高雄市永安區,120.240646,22.823171,120,True,橋頭,93.0,9.89,Low Risk
高雄市路竹區北嶺國民小學,民治路85號,高雄市路竹區,高雄市路竹區,120.269765,22.823505,418,True,橋頭,93.0,8.21,Low Risk
賓朗老人暨多功能活動中心,賓朗村18鄰賓朗路474巷3-1號,臺東縣卑南鄉,臺東縣卑南鄉,121.090749,22.8239,150,True,臺東,46.0,9.77,Low Risk
利吉村活動中心,利吉村3鄰52號,臺東縣卑南鄉,臺東縣卑南鄉,121.134111,22.824082,30,True,臺東,46.0,7.82,Low Risk
高雄市岡山區華崗社區活動中心,大埔二街170號,高雄市岡山區,高雄市岡山區,120.322418,22.824142,100,True,橋頭,93.0,7.61,Low Risk
屏東縣立高樹國民小學,華光路32號,屏東縣高樹鄉,屏東縣高樹鄉,120.5992,22.8262,0,True,美濃,83.0,9.5,Low Risk
美農村活動中心,美農村8鄰東成36號,臺東縣卑南鄉,臺東縣卑南鄉,121.093361,22.830504,30,True,臺東,46.0,10.2,Low Risk
高雄市永安區鹽田社區活動中心,新興路99號,高雄市永安區,高雄市永安區,120.208428,22.833587,40,True,橋頭,93.0,13.08,Low Risk
高雄市田寮區新興國民小學,大新路2號,高雄市田寮區,高雄市田寮區,120.369769,22.835015,50,True,橋頭,93.0,10.84,Low Risk
大洲國中備用,新南巷5號,高雄市旗山區,高雄市旗山區,120.4605,22.8354,60,True,美濃,83.0,8.96,Low Risk
東成國民小學,美農村斑鳩92號,臺東縣卑南鄉,臺東縣卑南鄉,121.082405,22.835594,50,True,臺東,46.0,11.32,Low Risk
高雄市立路竹區三埤國民小學,民權路7號,高雄市路竹區,高雄市路竹區,120.2801,22.8368,360,True,橋頭,93.0,9.2,Low Risk
青葉國小,光復巷1-2號,屏東縣三地門鄉,屏東縣三地門鄉,120.6391229,22.83769182,60,True,美濃,83.0,12.24,Low Risk
青葉村辦公處含活動中心,光復巷73-3號,屏東縣三地門鄉,屏東縣三地門鄉,120.638444,22.838158,60,True,美濃,83.0,12.15,Low Risk
高雄市旗山區溪洲國民小學（備用）,南二路126號,高雄市旗山區,高雄市旗山區,120.465528,22.847646,30,True,美濃,83.0,7.77,Low Risk
屏東縣立舊寮國民小學,長美路42號,屏東縣高樹鄉,屏東縣高樹鄉,120.6101,22.8486,150,True,美濃,83.0,9.03,Low Risk
合天大道院,?和巷10號,高雄市旗山區,高雄市旗山區,120.4734,22.8489,100,True,美濃,83.0,7.01,Low Risk
高雄市阿蓮區復安國民小學（備用）,復安167號,高雄市阿蓮區,高雄市阿蓮區,120.324142,22.849101,20,True,橋頭,93.0,10.36,Low Risk
鯤洲社區多功能活動中心,鯤洲街35-1號,高雄市旗山區,高雄市旗山區,120.476208,22.84953,80,True,美濃,83.0,6.73,Low Risk
高雄市美濃區吉東國民小學,吉頂街19號,高雄市美濃區,高雄市美濃區,120.540959,22.851314,569,True,美濃,83.0,3.74,Low Risk
路竹老人活動中心,國昌路117號,高雄市路竹區,高雄市路竹區,120.2546,22.8543,200,True,橋頭,93.0,11.97,Low Risk
高雄市立路竹高級中學,中華路292號,高雄市路竹區,高雄市路竹區,120.25221,22.855385,2144,True,橋頭,93.0,12.19,Low Risk
上洲社區活動中心,後角街2之4號,高雄市旗山區,高雄市旗山區,120.4735,22.8565,50,True,美濃,83.0,6.57,Low Risk
廣福社區活動中心,旗屏二路16號,高雄市旗山區,高雄市旗山區,120.5049,22.8575,30,True,美濃,83.0,3.91,Low Risk
初鹿國民小學,初鹿村梅園路97號,臺東縣卑南鄉,臺東縣卑南鄉,121.092081,22.860167,50,True,臺東,46.0,13.1,Low Risk
初鹿村多功能暨老人活動中心,初鹿村忠孝路165號,臺東縣卑南鄉,臺東縣卑南鄉,121.092522,22.860646,110,True,臺東,46.0,13.13,Low Risk
高雄市路竹區蔡文國民小學,國昌路548號,高雄市路竹區,高雄市路竹區,120.256002,22.861515,1611,True,橋頭,93.0,12.64,Low Risk
高雄市立路竹區竹滬國民小學,成功路2號,高雄市路竹區,高雄市路竹區,120.2304,22.8625,495,True,林森,85.0,13.67,Low Risk
高雄市路竹區路竹國民小學,中山路712巷16號,高雄市路竹區,高雄市路竹區,120.230427,22.862524,1806,True,林森,85.0,13.67,Low Risk
屏東縣立新豐國民小學,泰和路26號,屏東縣高樹鄉,屏東縣高樹鄉,120.6343,22.8634,0,True,美濃,83.0,10.86,Low Risk
龍山國小,龍山街62號,高雄市美濃區,高雄市美濃區,120.555856,22.864611,3091,True,美濃,83.0,3.34,Low Risk
高雄市路竹區大社國民小學,大社路243號,高雄市路竹區,高雄市路竹區,120.265351,22.867067,1134,True,橋頭,93.0,12.87,Low Risk
高雄市立一甲國民中學學生,一甲路111號,高雄市路竹區,高雄市路竹區,120.271882,22.868822,300,True,橋頭,93.0,12.85,Low Risk
高雄市立路竹區下坑國民小學備用,太平路384號,高雄市路竹區,高雄市路竹區,120.2908,22.8691,436,True,橋頭,93.0,12.5,Low Risk
田寮區公所3樓大禮堂,崗安路71號,高雄市田寮區,高雄市田寮區,120.3594,22.8699,100,True,橋頭,93.0,13.66,Low Risk
竹子門水利工作站,竹門25號,高雄市美濃區,高雄市美濃區,120.588802,22.870284,200,True,美濃,83.0,6.15,Low Risk
都蘭活動中心,39鄰372號,臺東縣東河鄉,臺東縣東河鄉,121.227556,22.876498,50,True,臺東,46.0,15.62,Low Risk
高雄市美濃區吉洋國民小學,忠孝路二段59號,高雄市美濃區,高雄市美濃區,120.535858,22.876682,533,True,美濃,83.0,0.94,Low Risk
高雄市田寮區崇德國民小學,崇德路101號,高雄市田寮區,高雄市田寮區,120.379682,22.877635,50,True,橋頭,93.0,15.36,Low Risk
高雄市立龍肚國民中學,中華路68號,高雄市美濃區,高雄市美濃區,120.571037,22.877733,288,True,美濃,83.0,4.2,Low Risk
都蘭國小,431號,臺東縣東河鄉,臺東縣東河鄉,121.226932,22.877955,215,True,臺東,46.0,15.73,Low Risk
湖東社區活動中心,民生街252號,高雄市湖內區,高雄市湖內區,120.246231,22.878344,50,True,林森,85.0,12.14,Low Risk
新寮社區活動中心,三民路14號,高雄市六龜區,高雄市六龜區,120.6145,22.8806,100,True,美濃,83.0,8.61,Low Risk
樹人醫護管理專科學校,環球路452號,高雄市路竹區,高雄市路竹區,120.2611,22.8827,120,True,林森,85.0,12.08,Low Risk
高雄市美濃區福安國民小學,中正路二段358號,高雄市美濃區,高雄市美濃區,120.533938,22.882868,740,True,美濃,83.0,0.36,Low Risk
阿蓮區公所3樓會議室,民生路94號,高雄市阿蓮區,高雄市阿蓮區,120.3275,22.8832,80,True,橋頭,93.0,14.15,Low Risk
高雄市阿蓮區阿蓮國民小學（備 用）,民族路163號,高雄市阿蓮區,高雄市阿蓮區,120.329869,22.88323,500,True,橋頭,93.0,14.2,Low Risk
高雄市美濃區中壇國民小學,忠孝路一段19號,高雄市美濃區,高雄市美濃區,120.53057,22.884022,1247,True,美濃,83.0,0.05,Low Risk
靈山寺,德義街17-1號,高雄市旗山區,高雄市旗山區,120.4784,22.8847,100,False,美濃,83.0,5.34,Warning
高雄市立阿蓮國民中學（備用）,民生路178號,高雄市阿蓮區,高雄市阿蓮區,120.326138,22.88532,100,True,橋頭,93.0,14.37,Low Risk
高雄市美濃區龍肚國民小學,龍東街43號,高雄市美濃區,高雄市美濃區,120.579605,22.885381,344,True,美濃,83.0,5.03,Low Risk
高雄市茂林區茂林國民小學,茂林巷8-3號,高雄市茂林區,高雄市茂林區,120.6643,22.8865,180,True,美濃,83.0,13.71,Low Risk
鳳山區農會茂林辦事處,茂林巷16號,高雄市茂林區,高雄市茂林區,120.6633,22.8869,220,True,美濃,83.0,13.61,Low Risk
茂林基督長老教會,茂林巷90-1號,高雄市茂林區,高雄市茂林區,120.6661,22.8871,50,True,美濃,83.0,13.89,Low Risk
高雄市湖內區大湖國民小學,民權路2號,高雄市湖內區,高雄市湖內區,120.244517,22.887757,180,True,林森,85.0,11.08,Low Risk
高雄市其山區旗山國小（備用）,華中街44號,高雄市旗山區,高雄市旗山區,120.480651,22.888297,80,True,美濃,83.0,5.14,Low Risk
旗山區公所,延平一路499號,高雄市旗山區,高雄市旗山區,120.4836,22.8886,120,True,美濃,83.0,4.84,Low Risk
高雄市茄萣區成功國民小學,成功路1號,高雄市茄萣區,高雄市茄萣區,120.186031,22.888687,737,True,林森,85.0,11.35,Low Risk
新威天台聖宮,三民路81號,高雄市六龜區,高雄市六龜區,120.6166,22.8889,1000,True,美濃,83.0,8.84,Low Risk
大津登山訓練中心,大津34號,高雄市六龜區,高雄市六龜區,120.6471,22.889,100,True,美濃,83.0,11.96,Low Risk
湄州里活動中心,文中路4號,高雄市旗山區,高雄市旗山區,120.4811,22.8898,50,True,美濃,83.0,5.11,Low Risk
茄萣老人活動中心,忠孝街29號,高雄市茄萣區,高雄市茄萣區,120.186,22.8911,120,True,林森,85.0,11.1,Low Risk
竹峰里辦公處,義德街31巷1之1號,高雄市旗山區,高雄市旗山區,120.4786,22.8912,30,True,美濃,83.0,5.39,Low Risk
大津社區活動中心,大津49號,高雄市六龜區,高雄市六龜區,120.647154,22.891873,100,True,美濃,83.0,11.98,Low Risk
紅葉村活動中心,臺東縣延平鄉紅葉村1鄰16號,臺東縣延平鄉,臺東縣延平鄉,121.063062,22.893619,30,True,臺東,46.0,17.79,Low Risk
古亭社區活動中心,古亭路廟後巷2號,高雄市田寮區,高雄市田寮區,120.4023526,22.89410114,70,True,美濃,83.0,13.18,Low Risk
台灣基督長老教會海埔教會,和平路115號,高雄市湖內區,高雄市湖內區,120.2234,22.8944,100,True,林森,85.0,10.1,Low Risk
美濃區老人文康活動中心,中正路2段351號,高雄市美濃區,高雄市美濃區,120.5427,22.8946,60,True,美濃,83.0,1.75,Low Risk
高雄市立美濃國民中學,中正路一段191號,高雄市美濃區,高雄市美濃區,120.5435,22.894745,9363,True,美濃,83.0,1.82,Low Risk
美濃區公所,美中路260號,高雄市美濃區,高雄市美濃區,120.5418,22.8948,20,True,美濃,83.0,1.7,Low Risk
高雄市阿蓮區中路國民小學（備用）,中路272號,高雄市阿蓮區,高雄市阿蓮區,120.298575,22.89493,300,True,林森,85.0,12.73,Low Risk
興隆國小,155號,臺東縣東河鄉,臺東縣東河鄉,121.24875,22.895301,120,True,臺東,46.0,18.54,Low Risk
鸞山村活動中心,臺東縣延平鄉鸞山村1鄰16號,臺東縣延平鄉,臺東縣延平鄉,121.151603,22.899002,30,True,臺東,46.0,15.97,Low Risk
高雄市美濃區美濃國民小學,永安路190號,高雄市美濃區,高雄市美濃區,120.543255,22.899581,1448,True,美濃,83.0,2.2,Low Risk
高雄市六龜區新威國民小學,新威路212號,高雄市六龜區,高雄市六龜區,120.627629,22.900102,254,True,美濃,83.0,10.11,Low Risk
高雄市美濃區東門國民小學,民族路36巷2號,高雄市美濃區,高雄市美濃區,120.553201,22.900489,272,True,美濃,83.0,2.99,Low Risk
永和社區活動中心備用,旗文路125之5號,高雄市旗山區,高雄市旗山區,120.4782,22.9006,50,True,美濃,83.0,5.69,Low Risk
新威社區活動中心,新威128號,高雄市六龜區,高雄市六龜區,120.6284,22.9025,50,True,美濃,83.0,10.24,Low Risk
桃源村活動中心,臺東縣延平鄉桃源村4鄰78號,臺東縣延平鄉,臺東縣延平鄉,121.084336,22.902922,50,True,關山,26.0,17.69,Low Risk
高雄市茄萣區茄萣國民小學,茄萣路二段307號,高雄市茄萣區,高雄市茄萣區,120.181985,22.903281,1144,True,林森,85.0,10.0,Low Risk
臺南市關廟區崇和國小,南雄南路568號,臺南市關廟區,臺南市關廟區,120.3547,22.904,290,True,林森,85.0,16.3,Low Risk
龍田社區活動中心,7鄰光榮路308號,臺東縣鹿野鄉,臺東縣鹿野鄉,121.1206,22.9042,20,True,關山,26.0,16.23,Low Risk
龍田國小,光榮路236號,臺東縣鹿野鄉,臺東縣鹿野鄉,121.1243,22.9042,30,True,關山,26.0,16.13,Low Risk
和平社區活動中心,3鄰和平路29-1號,臺東縣鹿野鄉,臺東縣鹿野鄉,121.1192,22.9051,40,True,關山,26.0,16.17,Low Risk
茄萣區公所大禮堂,濱海路四段27號,高雄市茄萣區,高雄市茄萣區,120.1825,22.9065,120,True,林森,85.0,9.65,Low Risk
高雄市立茄萣國民中學,濱海路4段29號,高雄市茄萣區,高雄市茄萣區,120.181014,22.906889,965,True,林森,85.0,9.68,Low Risk
鹿野國中,1鄰光榮路38號,臺東縣鹿野鄉,臺東縣鹿野鄉,121.1352,22.907,100,True,關山,26.0,15.6,Low Risk
財團法人一貫道興毅純陽聖道院,保生路392號,高雄市湖內區,高雄市湖內區,120.21789,22.907202,300,True,林森,85.0,8.69,Low Risk
新興社區活動中心,新威299號,高雄市六龜區,高雄市六龜區,120.6335,22.9076,100,True,美濃,83.0,10.88,Low Risk
高雄市立湖內國民中學,中山路二段63號,高雄市湖內區,高雄市湖內區,120.227397,22.907722,100,True,林森,85.0,8.63,Low Risk
中圳社區活動中心,福美路73巷8號,高雄市美濃區,高雄市美濃區,120.547647,22.908018,80,True,美濃,83.0,3.23,Low Risk
中正堂二樓,中正路二段79號,高雄市湖內區,高雄市湖內區,120.2129,22.9091,100,True,林森,85.0,8.52,Low Risk
鹿野國小,中華路一段402號,臺東縣鹿野鄉,臺東縣鹿野鄉,121.137,22.9094,100,True,關山,26.0,15.3,Low Risk
白雲社區活動中心,公園路81號,高雄市茄萣區,高雄市茄萣區,120.1851,22.9096,120,True,林森,85.0,9.23,Low Risk
高雄市茂林區多納國民小學,多納巷1號,高雄市茂林區,高雄市茂林區,120.7159,22.9101,200,True,美濃,83.0,19.21,Low Risk
多納里社區活動中心,多納巷2號,高雄市茂林區,高雄市茂林區,120.7167,22.9105,150,True,美濃,83.0,19.3,Low Risk
萬山里避難屋,萬山段316地號萬山里預建地,高雄市茂林區,高雄市茂林區,120.682514,22.911115,120,False,美濃,83.0,15.87,Warning
高雄市茄萣區砂崙國民小學,文化路81號,高雄市茄萣區,高雄市茄萣區,120.182354,22.91319,589,True,林森,85.0,8.99,Low Risk
臺南市歸仁區大潭國小,中正南路三段97號,臺南市歸仁區,臺南市歸仁區,120.2718,22.9138,700,True,林森,85.0,9.43,Low Risk
鹿野鄉公所,中華路二段139號,臺東縣鹿野鄉,臺東縣鹿野鄉,121.1362,22.9143,50,True,關山,26.0,14.78,Low Risk
廣林里社區活動中心,廣福街153號,高雄市美濃區,高雄市美濃區,120.579295,22.916916,150,True,美濃,83.0,6.22,Low Risk
臺南市關廟區文和國小,長文街37號,臺南市關廟區,臺南市關廟區,120.3428,22.917,400,True,林森,85.0,14.5,Low Risk
內門紫竹寺香客大樓,中正路115巷18號,高雄市內門區,高雄市內門區,120.4554,22.9172,200,True,美濃,83.0,8.56,Low Risk
高雄市美濃區廣興國民小學,廣興街124號,高雄市美濃區,高雄市美濃區,120.567922,22.917251,1227,True,美濃,83.0,5.35,Low Risk
高雄市內門區觀亭國民小學,中正路203號,高雄市內門區,高雄市內門區,120.453734,22.918343,60,True,美濃,83.0,8.77,Low Risk
高雄市內門區西門國民小學,柿子園24號,高雄市內門區,高雄市內門區,120.426716,22.918619,70,True,美濃,83.0,11.33,Low Risk
高雄市立內門國民中學,中正路160巷30號,高雄市內門區,高雄市內門區,120.453517,22.921882,80,True,美濃,83.0,8.97,Low Risk
華山營區,華山路11號,高雄市旗山區,高雄市旗山區,120.5039,22.9266,100,False,美濃,83.0,5.51,Warning
臺南市龍崎區大坪里民活動中心,9鄰大坪37之2號,臺南市龍崎區,臺南市龍崎區,120.3921,22.9268,30,True,美濃,83.0,14.97,Low Risk
永康村鄉立幼兒園,臺東縣延平鄉永康村2鄰43號,臺東縣延平鄉,臺東縣延平鄉,121.115208,22.927897,50,True,關山,26.0,13.88,Low Risk
隆昌村辦公處活動中心,18鄰230號,臺東縣東河鄉,臺東縣東河鄉,121.269255,22.928015,50,True,關山,26.0,17.03,Low Risk
臺南市歸仁區沙崙國中,歸仁六路2號,臺南市歸仁區,臺南市歸仁區,120.2816,22.9287,1035,True,林森,85.0,8.75,Low Risk
臺南市龍崎區牛埔里里民活動中心,2鄰牛埔21號,臺南市龍崎區,臺南市龍崎區,120.4096,22.9313,40,True,美濃,83.0,13.48,Low Risk
永安社區活動中心,3鄰永安路257巷5號,臺東縣鹿野鄉,臺東縣鹿野鄉,121.1296,22.9316,20,True,關山,26.0,13.05,Low Risk
臺南市南區南寧中學,萬年路167號,臺南市南區,臺南市南區,120.1834,22.9318,1678,True,林森,85.0,7.14,Low Risk
臺南市南區灣裡聯合里活動中心,灣裡路67號,臺南市南區,臺南市南區,120.1808,22.9323,1529,True,林森,85.0,7.25,Low Risk
臺南市南區省躬國小,灣裡路70號,臺南市南區,臺南市南區,120.1804,22.9325,6528,True,林森,85.0,7.26,Low Risk
永昌社區活動中心,3鄰永安路98號,臺東縣鹿野鄉,臺東縣鹿野鄉,121.1308,22.9328,30,True,關山,26.0,12.89,Low Risk
中正社區活動中心,旗甲路三段177巷1號,高雄市旗山區,高雄市旗山區,120.5022,22.9329,30,True,美濃,83.0,6.2,Low Risk
永安國小,鹿寮路31號,臺東縣鹿野鄉,臺東縣鹿野鄉,121.1283,22.9336,20,True,關山,26.0,12.87,Low Risk
臺南市關廟區深坑國小,南雄路一段487號,臺南市關廟區,臺南市關廟區,120.3353,22.9371,140,True,林森,85.0,12.76,Low Risk
鹿野鄉立托兒所,瑞景路一段23巷9號,臺東縣鹿野鄉,臺東縣鹿野鄉,121.1515,22.9403,50,True,關山,26.0,11.7,Low Risk
南海紫竹寺香客大樓,內埔82號,高雄市內門區,高雄市內門區,120.4613,22.9417,200,True,美濃,83.0,9.59,Low Risk
臺南市仁德區臺南都會公園管理中心,文華路二段62號,臺南市仁德區,臺南市仁德區,120.2211,22.9437,2060,True,林森,85.0,4.62,Low Risk
臺南市仁德區後壁里老人文康活動中心,德南路68號,臺南市仁德區,臺南市仁德區,120.2532,22.9475,1460,True,林森,85.0,5.26,Low Risk
月美社區活動中心,桐竹路241號,高雄市杉林區,高雄市杉林區,120.528674,22.948034,20,True,美濃,83.0,7.17,Low Risk
臺南市龍崎區龍船里里民活動中心,2鄰苦苓湖10號,臺南市龍崎區,臺南市龍崎區,120.4213,22.952,50,True,美濃,83.0,13.53,Low Risk
瑞源社區活動中心,10鄰佑民路7號,臺東縣鹿野鄉,臺東縣鹿野鄉,121.1562,22.955,30,True,關山,26.0,10.03,Low Risk
瑞隆社區活動中心,10鄰佑民路7號,臺東縣鹿野鄉,臺東縣鹿野鄉,121.1562,22.955,30,True,關山,26.0,10.03,Low Risk
永富社區活動中心景義國小,萊坑8號,高雄市內門區,高雄市內門區,120.4942,22.956,120,True,美濃,83.0,8.87,Low Risk
高雄市內門區內門國民小學,內埔24號,高雄市內門區,高雄市內門區,120.470326,22.956009,100,True,美濃,83.0,10.14,Low Risk
瑞源國小,文化路67號,臺東縣鹿野鄉,臺東縣鹿野鄉,121.1554,22.9578,10,True,關山,26.0,9.73,Low Risk
高雄市杉林區月美國民小學,清水路象寮巷39號,高雄市杉林區,高雄市杉林區,120.535203,22.958186,595,True,美濃,83.0,8.31,Low Risk
臺南市關廟區五甲國小,和平路246號,臺南市關廟區,臺南市關廟區,120.3343,22.9583,800,True,林森,85.0,11.86,Low Risk
臺南市關廟社區活動中心,文化街85號,臺南市關廟區,臺南市關廟區,120.3242,22.9589,180,True,林森,85.0,10.85,Low Risk
大林社區活動中心備用,自強巷17號,高雄市旗山區,高雄市旗山區,120.5147,22.9591,30,True,美濃,83.0,8.55,Low Risk
臺南市關廟區關廟國中,中山路二段172號,臺南市關廟區,臺南市關廟區,120.3247,22.9608,0,True,林森,85.0,10.84,Low Risk
臺南市南區區公所,明興路2號,臺南市南區,臺南市南區,120.1884,22.9609,983,True,林森,85.0,4.39,Low Risk
臺南市南區龍崗國小,鯤鯓路147號,臺南市南區,臺南市南區,120.1696,22.9614,667,True,臺南,78.0,5.97,Low Risk
臺南市東區大智里活動中心,德東街90號,臺南市東區,臺南市東區,120.2303,22.9615,650,True,林森,85.0,2.77,Low Risk
臺南市歸仁區紅瓦厝國小,信義南路100號,臺南市歸仁區,臺南市歸仁區,120.2987,22.9617,800,True,林森,85.0,8.26,Low Risk
尚德國小村辦公室,前寮43號,臺東縣東河鄉,臺東縣東河鄉,121.2407,22.9627,260,True,關山,26.0,12.2,Low Risk
臺南市南區永華國小,中華西路一段2巷17號,臺南市南區,臺南市南區,120.1886,22.9631,4154,True,林森,85.0,4.23,Low Risk
臺南市關廟區關廟國小,文衡路121號,臺南市關廟區,臺南市關廟區,120.3261,22.9637,1150,True,林森,85.0,10.91,Low Risk
高雄市杉林區大愛民族國民小學,和氣街15號,高雄市杉林區,高雄市杉林區,120.538829,22.963823,200,True,美濃,83.0,8.96,Low Risk
臺南市歸仁區歸南國小,民權南路171號,臺南市歸仁區,臺南市歸仁區,120.2883,22.9642,710,True,林森,85.0,7.16,Low Risk
臺南市龍崎區民活動中心,新市子38號,臺南市龍崎區,臺南市龍崎區,120.3595,22.9642,140,True,林森,85.0,14.25,Low Risk
臺南市立龍崎國民小學,新市子41號,臺南市龍崎區,臺南市龍崎區,120.35906,22.964425,200,True,林森,85.0,14.2,Low Risk
臺南市南區明興社區活動中心,德興路88號,臺南市南區,臺南市南區,120.1923,22.9651,556,True,林森,85.0,3.79,Low Risk
臺南市龍崎區老人文康活中心,新市子201號,臺南市龍崎區,臺南市關廟區,120.3603,22.9651,65,True,林森,85.0,14.32,Low Risk
大愛活動中心,大愛路47號,高雄市杉林區,高雄市杉林區,120.545574,22.966082,100,True,美濃,83.0,9.3,Low Risk
月眉社區活動中心,清水路朝雲巷10號,高雄市杉林區,高雄市杉林區,120.5354386,22.96649744,20,True,美濃,83.0,9.23,Low Risk
臺南市歸仁區公所,中山路二段2號,臺南市歸仁區,臺南市歸仁區,120.294,22.9669,200,True,林森,85.0,7.63,Low Risk
臺南市南區開南里活動中心,新建路48號,臺南市南區,臺南市南區,120.1856,22.967,428,True,林森,85.0,4.26,Low Risk
臺南市仁德區仁義里運動公園育樂中心,仁義路130號,臺南市仁德區,臺南市仁德區,120.2585,22.9675,3260,True,林森,85.0,4.21,Low Risk
上平社區活動中心,山仙路152巷14號,高雄市杉林區,高雄市杉林區,120.557561,22.96796903,20,True,美濃,83.0,9.78,Low Risk
臺南市龍崎區龍崎國民中學,新市子258號,臺南市龍崎區,臺南市關廟區,120.3608,22.9683,80,True,林森,85.0,14.32,Low Risk
高雄市立杉林國民中學,清水路中學巷6號,高雄市杉林區,高雄市杉林區,120.540834,22.968577,375,True,美濃,83.0,9.51,Low Risk
東河鄉公所2樓大會議室,11鄰南東河311號,臺東縣東河鄉,臺東縣東河鄉,121.302729,22.969096,50,True,關山,26.0,16.7,Low Risk
臺南市歸仁區歸仁國中,文化街二段2號,臺南市歸仁區,臺南市歸仁區,120.2939,22.9696,1130,True,林森,85.0,7.55,Low Risk
臺南市南區白雪社區活動中心,鹽埕路157號,臺南市南區,臺南市南區,120.1888,22.9697,406,True,臺南,78.0,3.82,Low Risk
臺南市歸仁區歸仁國小,文化街一段100號,臺南市歸仁區,臺南市歸仁區,120.2966,22.9698,865,True,林森,85.0,7.81,Low Risk
武陵村活動中心,臺東縣延平鄉武陵村1鄰15號,臺東縣延平鄉,臺東縣延平鄉,121.117842,22.969833,30,True,關山,26.0,9.51,Low Risk
臺南市歸仁區文化國小,文化街二段136號,臺南市歸仁區,臺南市歸仁區,120.2891,22.9708,860,True,林森,85.0,7.04,Low Risk
臺南市歸仁區歸仁里活動中心,忠孝北路221號,臺南市歸仁區,臺南市歸仁區,120.2984,22.9708,200,True,林森,85.0,7.97,Low Risk
臺南市南區大忠大林社區活動中心,大同路二段482巷133弄15號,臺南市南區,臺南市南區,120.2125,22.9726,316,True,林森,85.0,1.72,Low Risk
臺南市仁德區公所,中正路三段5號,臺南市仁德區,臺南市仁德區,120.2517,22.973,570,True,林森,85.0,3.32,Low Risk
瑞源國中,瑞景路三段1號,臺東縣鹿野鄉,臺東縣鹿野鄉,121.1567,22.9742,40,True,關山,26.0,7.9,Low Risk
臺南市南區府南里活動中心,永成路三段529號,臺南市南區,臺南市南區,120.1953,22.9744,531,True,臺南,78.0,2.98,Low Risk
高雄市內門區木柵國民小學,木柵3號,高雄市內門區,高雄市內門區,120.467861,22.975346,300,True,美濃,83.0,12.05,Low Risk
臺南市東區崇德里活動中心,崇德七街30巷2號,臺南市東區,臺南市東區,120.2281,22.9757,800,True,林森,85.0,1.22,Low Risk
臺南市南區田寮社區活動中心,夏林路379號,臺南市南區,臺南市南區,120.1955,22.9765,592,True,臺南,78.0,2.84,Low Risk
高雄市杉林區上平國民小學,山仙路212號,高雄市杉林區,高雄市杉林區,120.544072,22.976853,327,True,美濃,83.0,10.46,Low Risk
臺南市東區和平里活動中心,文化路100號,臺南市東區,臺南市東區,120.2326,22.977,1450,True,林森,85.0,1.41,Low Risk
臺南市南區國宅社區活動中心,金華路二段33巷81號,臺南市南區,臺南市南區,120.1879,22.9771,602,True,臺南,78.0,3.51,Low Risk
臺南市關廟區新光國小,新光街76號,臺南市關廟區,臺南市關廟區,120.3595,22.9772,145,True,林森,85.0,14.09,Low Risk
臺南市安平區漁光里活動中心,漁光路89巷39號之2,臺南市安平區,臺南市安平區,120.159968,22.977225,217,True,臺南,78.0,6.24,Low Risk
日光小林社區活動中心,日光三街25號,高雄市杉林區,高雄市杉林區,120.556689,22.977268,200,True,美濃,83.0,10.76,Low Risk
永吉社區活動中心,新生5號,高雄市內門區,高雄市內門區,120.498,22.9774,50,True,美濃,83.0,10.95,Low Risk
臺南市南區新興國中,新孝路87號,臺南市南區,臺南市南區,120.1876,22.9778,5448,True,臺南,78.0,3.5,Low Risk
木柵社區活動中心,木柵30-1號,高雄市內門區,高雄市內門區,120.4677,22.978,50,True,美濃,83.0,12.31,Low Risk
臺南市南區體育公園,體育路10號,臺南市南區,臺南市南區,120.2068,22.9785,11891,False,林森,85.0,1.74,Warning
新豐社區活動中心,4鄰新和路五段281巷1號,臺東縣鹿野鄉,臺東縣鹿野鄉,121.1315,22.9789,30,True,關山,26.0,7.99,Low Risk
瑞豐國小,中山路67號,臺東縣鹿野鄉,臺東縣鹿野鄉,121.1369,22.9791,60,True,關山,26.0,7.77,Low Risk
臺南市南區大成國中,西門路一段306號,臺南市南區,臺南市南區,120.198,22.9796,4741,True,臺南,78.0,2.45,Low Risk
臺南市東區崇學國民小學操場,崇學路98號,臺南市東區,臺南市東區,120.2234,22.9796,1000,True,林森,85.0,0.64,Low Risk
臺南市東區復興里活動中心,裕忠路456號,臺南市東區,臺南市東區,120.2416,22.9803,230,True,林森,85.0,2.06,Low Risk
臺南市東區區公所,臺南市崇學路100號,臺南市東區,臺南市東區,120.224015,22.980519,70,True,林森,85.0,0.56,Low Risk
臺南市東區德光里活動中心,崇德路111號,臺南市東區,臺南市東區,120.2188,22.9806,1400,True,林森,85.0,0.62,Low Risk
臺南市南區台南高商,健康路一段327號,臺南市南區,臺南市南區,120.202,22.9811,5532,True,臺南,78.0,2.01,Low Risk
臺南市東區虎尾里活動中心,富農街一段188巷10弄7號,臺南市東區,臺南市東區,120.2353,22.9815,400,True,林森,85.0,1.41,Low Risk
臺南市東區裕聖里活動中心,裕文路286號,臺南市東區,臺南市東區,120.2464,22.9817,250,True,林森,85.0,2.51,Low Risk
臺南市仁德區太子里活動中心,土庫路2號,臺南市仁德區,臺南市仁德區,120.255,22.9823,480,True,林森,85.0,3.38,Low Risk
臺南市東區裕文國民小學,裕文路301號,臺南市東區,臺南市東區,120.245741,22.982499,1700,True,林森,85.0,2.43,Low Risk
臺南市東區復興國民小學風雨球場,裕文路60號,臺南市東區,臺南市東區,120.2387,22.9826,1000,True,林森,85.0,1.72,Low Risk
臺南市中西區五妃社區活動中心,南門路237巷10號,臺南市中西區,臺南市中西區,120.2049,22.983,100,True,臺南,78.0,1.65,Low Risk
臺南市東區龍山社區活動中心,林森路一段311號,臺南市東區,臺南市東區,120.2193,22.9836,750,True,林森,85.0,0.34,Low Risk
臺南市東區自強里活動中心,富農街一段225號,臺南市東區,臺南市東區,120.2352,22.984,200,True,林森,85.0,1.34,Low Risk
臺南市中西區仙草里活動中心,府緯街4巷6號,臺南市中西區,臺南市中西區,120.1995,22.9844,200,True,臺南,78.0,2.12,Low Risk
臺南市東區富裕里活動中心,東門路二段365巷35號,臺南市東區,臺南市東區,120.2276,22.9847,400,True,林森,85.0,0.56,Low Risk
臺南市中西區中山國中,南寧街45號,臺南市中西區,臺南市中西區,120.2033,22.9848,1300,True,臺南,78.0,1.73,Low Risk
臺南市東區富強里活動中心,裕農路446巷88號,臺南市東區,臺南市東區,120.2317,22.986,450,True,林森,85.0,0.98,Low Risk
臺南市安平區億載里活動中心,光州一街29號,臺南市安平區,臺南市安平區,120.161834,22.986221,262,True,臺南,78.0,5.91,Low Risk
臺南市東區關聖社區活動中心,裕孝路118號,臺南市東區,臺南市東區,120.2434,22.9865,1000,True,林森,85.0,2.18,Low Risk
臺南市安平區文平里活動中心,中華西路二段1巷1號,臺南市安平區,臺南市安平區,120.185499,22.986772,151,True,臺南,78.0,3.49,Low Risk
臺南市安平區育平里活動中心,府平路376號,臺南市安平區,臺南市安平區,120.167087,22.987404,273,True,臺南,78.0,5.37,Low Risk
臺南市東區衛國里活動中心,衛國街114巷28號,臺南市東區,臺南市東區,120.2254,22.9879,400,True,林森,85.0,0.45,Low Risk
新和社區舊圖書室,司馬路52號,高雄市杉林區,高雄市杉林區,120.563198,22.98792,30,True,美濃,83.0,12.07,Low Risk
瑞豐社區活動中心,10鄰景新路60巷2號,臺東縣鹿野鄉,臺東縣鹿野鄉,121.1398,22.988,30,True,關山,26.0,6.74,Low Risk
高雄市杉林區新庄國民小學,司馬路45巷5號,高雄市杉林區,高雄市杉林區,120.559681,22.989102,260,True,美濃,83.0,12.11,Low Risk
臺南市中西區郡西里活動中心,郡西路35號2樓,臺南市中西區,臺南市中西區,120.194075,22.989445,320,True,臺南,78.0,2.6,Low Risk
臺南市安平區國平里活動中心,建平七街409號,臺南市安平區,臺南市安平區,120.176458,22.98948,102,True,臺南,78.0,4.4,Low Risk
臺南市東區後甲南聖里聯合社區活動中心,裕農路878號,臺南市東區,臺南市東區,120.2427,22.9895,650,True,林森,85.0,2.16,Low Risk
臺南市中西區忠義國小,忠義路二段2號,臺南市中西區,臺南市中西區,120.20315,22.989572,1300,True,臺南,78.0,1.67,Low Risk
臺南市東區崇誨里活動中心,林森路二段192巷15號,臺南市東區,臺南市東區,120.2247,22.9898,200,True,臺南,78.0,0.54,Low Risk
臺南市安平區億載國小-操場,郡平路310號,臺南市安平區,臺南市安平區,120.163155,22.990008,1458,True,臺南,78.0,5.77,Low Risk
臺南市中西區永福小西三民里活動中心,府前路一段258號,臺南市中西區,臺南市中西區,120.2008,22.9901,240,True,臺南,78.0,1.91,Low Risk
臺南市中西區萬昌公正里活動中心,青年路226巷20號,臺南市中西區,臺南市中西區,120.21101,22.991183,200,True,臺南,78.0,0.89,Low Risk
臺南市中西區中頭社區活動中心,保安路201之1號1樓,臺南市中西區,臺南市中西區,120.1913,22.9912,100,True,臺南,78.0,2.89,Low Risk
臺南市中西區民生社區活動中心,保安路201之1號2樓,臺南市中西區,臺南市中西區,120.1913,22.9912,150,True,臺南,78.0,2.89,Low Risk
臺南市歸仁區保西國小,中正北路三段60號,臺南市歸仁區,臺南市歸仁區,120.2936,22.9919,730,True,林森,85.0,7.35,Low Risk
東寧運動公園,東寧路與林森路二段路口,臺南市東區,臺南市東區,120.224271,22.992061,7700,False,臺南,78.0,0.58,Warning
臺南市東區大學東寧聯合社區活動中心,林森路二段252號,臺南市東區,臺南市東區,120.2243,22.9921,900,True,臺南,78.0,0.58,Low Risk
臺南市中西區青年銀同里活動中心,開山路1號,臺南市中西區,臺南市中西區,120.2057,22.9922,100,True,臺南,78.0,1.45,Low Risk
臺南市中西區建國里活動中心,永福路二段81巷1號,臺南市中西區,臺南市中西區,120.2006,22.9928,500,True,臺南,78.0,1.97,Low Risk
高雄市立六龜高級中學,光復路212號,高雄市六龜區,高雄市六龜區,120.635085,22.99318,1625,True,美濃,83.0,16.22,Low Risk
高雄市內門區溝坪國民小學,廣福47號,高雄市內門區,高雄市內門區,120.501231,22.993331,200,True,美濃,83.0,12.57,Low Risk
臺南市關廟區保東國小,關新路一段776號,臺南市關廟區,臺南市關廟區,120.3175,22.9934,30,True,林森,85.0,9.8,Low Risk
臺南市中西區大涼社區活動中心,府前路二段258巷55號,臺南市中西區,臺南市中西區,120.1908,22.9936,130,True,臺南,78.0,2.97,Low Risk
高雄市六龜區龍興國民小學,中庄193號,高雄市六龜區,高雄市六龜區,120.644983,22.993875,60,True,美濃,83.0,16.96,Low Risk
臺南市安平區安平國小-風雨球場,怡平路392號,臺南市安平區,臺南市安平區,120.176439,22.993942,510,True,臺南,78.0,4.44,Low Risk
小馬活動中心 Siao-Ma Community Center,"小馬路44號No.44, Siaoma Rd., Chenggong Township, Taitung County 961, Taiwan R.O.C.",臺東縣成功鎮,臺東縣成功鎮,121.314613,22.99397,20,True,關山,26.0,16.63,Low Risk
臺南市中西區中正里活動中心,國華街三段5號2樓、3樓,臺南市中西區,臺南市中西區,120.1972,22.9945,200,True,臺南,78.0,2.35,Low Risk
臺南市安平區公所,育平路316號,臺南市安平區,臺南市安平區,120.168802,22.994806,198,True,臺南,78.0,5.22,Low Risk
臺南市安平區台南聖教會,府前四街90號,臺南市安平區,臺南市安平區,120.185097,22.995143,66,True,臺南,78.0,3.58,Low Risk
臺南市安平區建平里活動中心,府前三街27號,臺南市安平區,臺南市安平區,120.185584,22.99525,152,True,臺南,78.0,3.53,Low Risk
臺南市安平區華平里活動中心,育平九街195號,臺南市安平區,臺南市安平區,120.171965,22.995282,235,True,臺南,78.0,4.91,Low Risk
六龜綜合社會福利服務中心,光復路102號,高雄市六龜區,高雄市六龜區,120.6349,22.9955,120,True,美濃,83.0,16.4,Low Risk
白水泉社區活動中心,茄苳巷26號,高雄市杉林區,高雄市杉林區,120.5784,22.9967,50,True,美濃,83.0,13.5,Low Risk
臺南市安平區沙灘忠誠社區聯合活動中心,世平路69號,臺南市安平區,臺南市安平區,120.148967,22.997064,376,True,臺南,78.0,7.27,Low Risk
臺南市中西區民權里活動中心,民權路三段135號,臺南市中西區,臺南市中西區,120.1962,22.9971,75,True,臺南,78.0,2.54,Low Risk
臺南市安平區平通里活動中心,平通路580巷102號,臺南市安平區,臺南市安平區,120.170604,22.99731,92,True,臺南,78.0,5.08,Low Risk
臺南市安平區安平國中-安平館,慶平路687號,臺南市安平區,臺南市安平區,120.168263,22.997889,308,True,臺南,78.0,5.33,Low Risk
泰源活動中心村辦公處,8鄰225號,臺東縣東河鄉,臺東縣東河鄉,121.286015,22.997948,80,True,關山,26.0,13.74,Low Risk
臺南市中西區天后里活動中心,新美街167號,臺南市中西區,臺南市中西區,120.201382,22.998046,80,True,臺南,78.0,2.09,Low Risk
高雄市杉林區杉林國民小學,合森巷41號,高雄市杉林區,高雄市杉林區,120.548069,22.998095,480,True,美濃,83.0,12.86,Low Risk
臺南市中西區龍盛社區活動中心,民權路三段232號,臺南市中西區,臺南市中西區,120.1938,22.9982,350,True,臺南,78.0,2.81,Low Risk
臺南市安平區天橋教會,怡平路140巷29號,臺南市安平區,臺南市安平區,120.16822,22.99822,99,True,臺南,78.0,5.34,Low Risk
泰源國小,本部落11鄰297號,臺東縣東河鄉,臺東縣東河鄉,121.285041,22.998414,310,True,關山,26.0,13.63,Low Risk
臺南市中西區協進國小,金華路四段17號,臺南市中西區,臺南市中西區,120.1875,22.9987,900,True,臺南,78.0,3.44,Low Risk
臺南市永康區復興里活動中心,復興路356巷13號,臺南市永康區,臺南市永康區,120.2415,22.9988,44,True,林森,85.0,2.49,Low Risk
臺南市中西區成功國小,成功路 235 號,臺南市中西區,臺南市中西區,120.20317,22.998887,1200,True,臺南,78.0,1.98,Low Risk
六龜社區活動中心,華北街60-1號,高雄市六龜區,高雄市六龜區,120.6301,22.9991,100,True,美濃,83.0,16.4,Low Risk
新和社區活動中心,司馬路384巷5號,高雄市杉林區,高雄市杉林區,120.574128,22.999381,30,True,美濃,83.0,13.63,Low Risk
臺南市安平區平安里活動中心,民權路四段325號,臺南市安平區,臺南市中西區,120.17692,22.999443,237,True,臺南,78.0,4.5,Low Risk
原加拿托兒所,1鄰加南1號,臺東縣海端鄉,臺東縣海端鄉,121.130244,22.999481,50,True,關山,26.0,6.02,Low Risk
臺南市北區區公所,成功路238巷7號,臺南市北區,臺南市北區,120.2029,22.9997,50,True,臺南,78.0,2.05,Low Risk
臺南市安平區石門國小-操場,安平路700號,臺南市安平區,臺南市安平區,120.166309,22.999878,1001,True,臺南,78.0,5.57,Low Risk
臺南市北區東興社區活動中心,小東路401巷51號之1,臺南市北區,臺南市北區,120.232393,22.99999,45,True,臺南,78.0,1.78,Low Risk
臺南市北區公園里活動中心,公園南路39號,臺南市北區,臺南市北區,120.2116,23.0002,45,True,臺南,78.0,1.46,Low Risk
臺南市龍崎區石[石曹]里里民活動中心,4鄰刺子崙13之3號,臺南市龍崎區,臺南市龍崎區,120.3974,23.0002,30,True,善化,80.0,16.22,Low Risk
臺南市北區公園國小,公園路180號,臺南市北區,臺南市北區,120.2091,23.0003,1400,True,臺南,78.0,1.62,Low Risk
臺南市安平區觀音亭,觀音街33號,臺南市安平區,臺南市安平區,120.162984,23.000378,63,True,臺南,78.0,5.91,Low Risk
杉林社區活動中心,合森巷109號,高雄市杉林區,高雄市杉林區,120.552286,23.00041918,30,True,美濃,83.0,13.18,Low Risk
中興社區活動中心,中庄194號,高雄市六龜區,高雄市六龜區,120.6448,23.0008,100,True,美濃,83.0,17.51,Low Risk
臺南市安平區開台天后宮,國勝路33號,臺南市安平區,臺南市安平區,120.160689,23.000908,198,True,臺南,78.0,6.15,Low Risk
臺南市北區立人國小,西門路三段41號,臺南市北區,臺南市北區,120.2021,23.0014,1400,True,臺南,78.0,2.23,Low Risk
臺南市永康區中華里活動中心,忠勇街51號,臺南市永康區,臺南市永康區,120.2381,23.0015,325,True,臺南,78.0,2.34,Low Risk
臺南市中西區西湖社區活動中心,湖美街60巷31號,臺南市中西區,臺南市中西區,120.1808,23.0016,260,True,臺南,78.0,4.19,Low Risk
臺南市永康區勝利里活動中心,勝利街37巷39號,臺南市永康區,臺南市永康區,120.2294,23.0021,172,True,臺南,78.0,1.75,Low Risk
臺南市北區安民社區活動中心,海安路三段59號,臺南市北區,臺南市北區,120.1992,23.0022,80,True,臺南,78.0,2.52,Low Risk
臺南市安平區西門國小-多功能教室及普通教室,安北路180號,臺南市安平區,臺南市安平區,120.159508,23.002924,694,True,臺南,78.0,6.32,Low Risk
臺南市永康區永康公園,興國街100號,臺南市永康區,臺南市永康區,120.2427,23.003,15500,False,臺南,78.0,2.82,Warning
臺南市中西區光賢里活動中心,和善街98巷7號,臺南市中西區,臺南市中西區,120.189831,23.003161,120,True,臺南,78.0,3.4,Low Risk
臺南市北區裕民社區活動中心,臨安路二段93號,臺南市北區,臺南市北區,120.1973,23.0032,80,True,臺南,78.0,2.75,Low Risk
金竹社區活動中心,吉民53號,高雄市內門區,高雄市內門區,120.5074,23.0033,120,True,美濃,83.0,13.52,Low Risk
臺南市北區重興社區活動中心,東豐路451巷169號,臺南市北區,臺南市北區,120.2266,23.0036,74,True,臺南,78.0,1.75,Low Risk
臺南市北區和順里活動中心,公園南路406號,臺南市北區,臺南市北區,120.2012,23.0037,300,True,臺南,78.0,2.46,Low Risk
臺南市安平區海頭社區活動中心,古堡街90巷33號,臺南市安平區,臺南市安平區,120.160277,23.004411,99,True,臺南,78.0,6.29,Low Risk
臺南市永康區崑山里活動中心,崑山街222巷11號,臺南市永康區,臺南市永康區,120.2602,23.0048,187,True,林森,85.0,4.46,Low Risk
臺南市永康區東灣里活動中心,民族路291號,臺南市永康區,臺南市永康區,120.2694,23.0051,142,True,林森,85.0,5.32,Low Risk
興龍社區活動中心,土龍74號,高雄市六龜區,高雄市六龜區,120.6482,23.0051,50,True,美濃,83.0,18.1,Low Risk
臺南市北區民德國中,西門路三段223號,臺南市北區,臺南市北區,120.2052,23.0054,700,True,臺南,78.0,2.31,Low Risk
臺南市北區文賢國中,文賢一路2號,臺南市北區,臺南市北區,120.1962,23.0057,3100,True,臺南,78.0,3.0,Low Risk
臺南市永康區復國里活動中心,復國二路46號,臺南市永康區,臺南市永康區,120.2474,23.006,447,True,臺南,78.0,3.41,Low Risk
關山鎮電光國民小學,中興93號,臺東縣關山鎮,臺東縣關山鎮,121.1737,23.0061,200,True,關山,26.0,4.5,Low Risk
臺南市永康區中興里活動中心,中興街40號,臺南市永康區,臺南市永康區,120.2402,23.0063,96,True,臺南,78.0,2.84,Low Risk
臺南市左鎮區岡林國小,31號,臺南市左鎮區,臺南市左鎮區,120.4153,23.0074,150,True,善化,80.0,16.86,Low Risk
臺南市北區賢北國小,大興街599號,臺南市北區,臺南市北區,120.1792,23.0076,1320,True,臺南,78.0,4.6,Low Risk
臺南市北區國姓社區活動中心,公園路433巷15號1樓,臺南市北區,臺南市北區,120.209,23.0078,30,True,臺南,78.0,2.32,Low Risk
臺南市北區賢北里活動中心,賢北街108號,臺南市北區,臺南市北區,120.1833,23.0086,60,True,臺南,78.0,4.28,Low Risk
臺南市北區大仁社區活動中心,和緯路一段1號,臺南市北區,臺南市北區,120.2165,23.009,60,True,臺南,78.0,2.21,Low Risk
臺南市新化區大坑里活動中心,大坑尾182號,臺南市新化區,臺南市新化區,120.3849,23.009,80,True,善化,80.0,14.66,Low Risk
臺南市永康區六合里活動中心,中華二路358巷43號,臺南市永康區,臺南市永康區,120.2303,23.0091,203,True,臺南,78.0,2.47,Low Risk
高雄市內門區金竹國民小學,吉民28號,高雄市內門區,高雄市內門區,120.514514,23.009137,20,True,美濃,83.0,14.06,Low Risk
電光活動中心,3鄰中興85號,臺東縣關山鎮,臺東縣關山鎮,121.1652,23.0093,50,True,關山,26.0,3.99,Low Risk
臺南市北區延平國中,公園路750號,臺南市北區,臺南市北區,120.2107,23.0095,3376,True,臺南,78.0,2.42,Low Risk
臺南市永康區體一運動公園,中正北路底豐化橋南端,臺南市永康區,臺南市永康區,120.2405,23.0095,21333,False,臺南,78.0,3.11,Warning
臺南市北區文元文成里聯合活動中心,和緯路三段370號,臺南市北區,臺南市北區,120.1942,23.0099,30,True,臺南,78.0,3.46,Low Risk
臺南市永康區西灣里活動中心,永華街201巷12號,臺南市永康區,臺南市永康區,120.259,23.0102,134,True,臺南,78.0,4.67,Low Risk
臺南市永康區北灣里活動中心,文賢街332號,臺南市永康區,臺南市永康區,120.2673,23.0119,51,True,林森,85.0,5.49,Low Risk
關山鎮月眉國民小學,盛豐路1號,臺東縣關山鎮,臺東縣關山鎮,121.1425,23.0126,40,True,關山,26.0,4.12,Low Risk
臺南市北區實踐社區活動中心,大武街161號,臺南市北區,臺南市北區,120.2158,23.0134,35,True,臺南,78.0,2.71,Low Risk
臺南市北區開元國小,開元路71巷32號,臺南市北區,臺南市北區,120.2219,23.0138,2851,True,臺南,78.0,2.74,Low Risk
臺南市安南區海南里活動中心,府安路七段1巷2號,臺南市安南區,臺南市安南區,120.1822,23.0142,45,True,臺南,78.0,4.72,Low Risk
臺南市北區昇平社區活動中心,長榮路五段452巷18號,臺南市北區,臺南市北區,120.2146,23.0142,68,True,臺南,78.0,2.82,Low Risk
臺南市永康區安康里活動中心,中華西街122巷62號,臺南市永康區,臺南市永康區,120.2281,23.0151,52,True,臺南,78.0,3.0,Low Risk
臺南市北區文元國小,海安路三段815號,臺南市北區,臺南市北區,120.2,23.0154,1852,True,臺南,78.0,3.52,Low Risk
月眉活動中心,中和7之3號,臺東縣關山鎮,臺東縣關山鎮,121.1516,23.0159,50,True,關山,26.0,3.41,Low Risk
臺南市永康區復華里活動中心,國華街110號,臺南市永康區,臺南市永康區,120.2452,23.0168,467,True,臺南,78.0,4.04,Low Risk
臺南市安南區四草里活動中心,大眾路656號,臺南市安南區,臺南市安南區,120.128311,23.017087,197,True,安南,87.0,9.76,Low Risk
臺南市永康區社教中心,永大二路88號,臺南市永康區,臺南市永康區,120.26,23.0187,1500,True,臺南,78.0,5.28,Low Risk
臺南市南化區東和里活動中心,東和19-1號,臺南市南化區,臺南市南化區,120.4741,23.0206,110,True,美濃,83.0,16.29,Low Risk
臺南市永康區尚頂里活動中心,中華路920號,臺南市永康區,臺南市永康區,120.2233,23.0211,46,True,安南,87.0,3.07,Low Risk
臺南市永康區東橋里活動中心,東橋十街158號,臺南市永康區,臺南市永康區,120.2365,23.0212,278,True,安南,87.0,3.58,Low Risk
臺南市永康區大橋里活動中心,大橋三街230號,臺南市永康區,臺南市永康區,120.2296,23.0218,134,True,安南,87.0,3.19,Low Risk
集來社區活動中心,通仙巷221-1號,高雄市杉林區,高雄市杉林區,120.5615,23.0222,30,True,美濃,83.0,15.74,Low Risk
高雄市杉林區集來國民小學,通仙巷333號,高雄市杉林區,高雄市杉林區,120.561499,23.022241,480,True,美濃,83.0,15.74,Low Risk
臺南市永康區新樹里活動中心,富強路二段98號,臺南市永康區,臺南市永康區,120.2751,23.0229,133,True,安南,87.0,6.53,Low Risk
臺南市永康區甲頂里活動中心,中華路920-1號,臺南市永康區,臺南市永康區,120.2144,23.0237,46,True,安南,87.0,2.74,Low Risk
臺南市安南區安富里活動中心,郡安路5段164巷12弄1號,臺南市安南區,臺南市安南區,120.1966,23.02479,221,True,安南,87.0,3.37,Low Risk
臺南市永康區公所3樓禮堂,中山南路655號,臺南市永康區,臺南市永康區,120.257,23.0261,98,True,安南,87.0,4.73,Low Risk
臺南市左鎮區光榮國小澄山分校,77-3號,臺南市左鎮區,臺南市左鎮區,120.3855,23.0262,80,True,善化,80.0,13.24,Low Risk
臺南市南化區龍湖寺,東和95號,臺南市南化區,臺南市南化區,120.4969,23.0264,80,False,美濃,83.0,16.25,Warning
臺南市永康區探索教育公園,永大三路30號,臺南市永康區,臺南市永康區,120.2579,23.0266,20000,False,安南,87.0,4.78,Warning
"成功鎮信義國民小學 Xin-Yi Elementary School,Chenggon Township","都歷路58號No.58, Duli Rd., Chenggong Township, Taitung County 961, Taiwan R.O.C.",臺東縣成功鎮,臺東縣成功鎮,121.330869,23.02686,100,True,關山,26.0,17.41,Low Risk
臺南市安南區海佃國民中學,安富街166號,臺南市安南區,臺南市安南區,120.197792,23.026965,367,True,安南,87.0,3.1,Low Risk
臺南市安南區溪北里活動中心,文安街66號,臺南市安南區,臺南市安南區,120.213,23.027,199,True,安南,87.0,2.4,Low Risk
臺南市安南區溪墘里活動中心,海佃路一段372巷50號,臺南市安南區,臺南市安南區,120.1922,23.0279,228,True,安南,87.0,3.43,Low Risk
臺南市永康區永康國民小學,中山南路637號,臺南市永康區,臺南市永康區,120.24811,23.027954,616,True,安南,87.0,3.86,Low Risk
都歷活動中心 Du-Li Community Center,"都歷路115號No.115, Duli Rd., Chenggong Township, Taitung County 961, Taiwan R.O.C.",臺東縣成功鎮,臺東縣成功鎮,121.33089,23.028107,20,True,關山,26.0,17.39,Low Risk
臺南市新化區體育公園,公園路110號,臺南市新化區,臺南市新化區,120.3067,23.0295,1000,False,安南,87.0,9.36,Warning
臺南市安南區安順國中-順中館,安和路三段227號,臺南市安南區,臺南市安南區,120.2126,23.0313,1900,True,安南,87.0,1.94,Low Risk
北源活動中心村辦公處,美蘭19鄰43-1號,臺東縣東河鄉,臺東縣東河鄉,121.286649,23.031352,100,True,關山,26.0,12.85,Low Risk
臺南市永康區龍潭里活動中心,龍國街400號,臺南市永康區,臺南市永康區,120.2667,23.0314,159,True,安南,87.0,5.37,Low Risk
高雄市六龜區新發國民小學,和平路130號,高雄市六龜區,高雄市六龜區,120.662467,23.031783,354,True,美濃,83.0,21.31,Low Risk
新發社區活動中心,和平路115之1號,高雄市六龜區,高雄市六龜區,120.6633,23.032,100,True,美濃,83.0,21.38,Low Risk
臺南市安南區安西里活動中心,安西路101號,臺南市安南區,臺南市安南區,120.208978,23.032486,310,True,安南,87.0,1.95,Low Risk
臺南市新化區保生大帝廟,洋子127號,臺南市新化區,臺南市新化區,120.2959,23.0334,150,True,安南,87.0,8.19,Low Risk
臺南市安南區安東里活動中心,安和路一段478巷2弄120號,臺南市安南區,臺南市安南區,120.214219,23.033564,385,True,安南,87.0,1.66,Low Risk
慈霖園原木梓國小,茄苳巷160號,高雄市杉林區,高雄市杉林區,120.534542,23.033981,200,True,美濃,83.0,16.73,Low Risk
臺南市安南區理想大安社區活動中心,大安街135號,臺南市安南區,臺南市安南區,120.1931,23.034,281,True,安南,87.0,2.95,Low Risk
關山鎮老人文康活動中心,忠孝路18巷2號1樓,臺東縣關山鎮,臺東縣關山鎮,121.1682,23.0352,100,True,關山,26.0,1.27,Low Risk
臺南市安南區?田里活動中心,?安路28號,臺南市安南區,臺南市安南區,120.1411,23.0367,287,True,安南,87.0,7.92,Low Risk
臺南市新化區大新國小大禮堂,太平街176 號,臺南市新化區,臺南市新化區,120.2991,23.0379,150,True,善化,80.0,8.39,Low Risk
臺南市新化區新化國中大禮堂,中興路722號,臺南市新化區,臺南市新化區,120.3076,23.0379,500,True,善化,80.0,8.46,Low Risk
臺南市新化區新化果菜市場停車場,建國街40號,臺南市新化區,臺南市新化區,120.3093,23.038,150,True,善化,80.0,8.47,Low Risk
臺南市安南區海西里活動中心,海環街186號,臺南市安南區,臺南市安南區,120.18432,23.038021,202,True,安南,87.0,3.58,Low Risk
臺南市新化區公所3樓展演廳,中山路130號,臺南市新化區,臺南市新化區,120.3108,23.0382,100,True,善化,80.0,8.47,Low Risk
臺南市新化區新化國小大禮堂,中山路173號,臺南市新化區,臺南市新化區,120.311,23.0383,200,True,善化,80.0,8.46,Low Risk
臺南大學附屬啟聰學校活動中心,信義路52號,臺南市新化區,臺南市新化區,120.3193,23.0386,100,True,善化,80.0,8.61,Low Risk
臺南市新化區新化高中新民館,忠孝路2號,臺南市新化區,臺南市新化區,120.3326,23.0391,1000,True,善化,80.0,9.01,Low Risk
里?活動中心,崁頂46之1號,臺東縣關山鎮,臺東縣關山鎮,121.161,23.0392,100,True,關山,26.0,0.66,Low Risk
臺南市安南區安慶里活動中心,長溪路一段168巷133號,臺南市安南區,臺南市安南區,120.2101,23.0397,413,True,安南,87.0,1.21,Low Risk
北源國小,順那21號,臺東縣東河鄉,臺東縣東河鄉,121.292706,23.039731,111,True,關山,26.0,13.39,Low Risk
臺南市永康區埔園里活動中心,永大路三段618巷111號,臺南市永康區,臺南市永康區,120.252374,23.040107,147,True,安南,87.0,3.68,Low Risk
臺南市永康區鹽行文化會館,正南八街1號,臺南市永康區,臺南市永康區,120.2395,23.0402,167,True,安南,87.0,2.42,Low Risk
臺南市新化區唪口順天宮,唪口142號之26,臺南市新化區,臺南市新化區,120.2901,23.0407,200,True,安南,87.0,7.48,Low Risk
臺南市安南區安慶國民小學,安中路一段703巷80號,臺南市安南區,臺南市安南區,120.192929,23.040741,1600,True,安南,87.0,2.65,Low Risk
臺南市安南區鹿耳門天后宮-公館,媽祖宮一街136號,臺南市安南區,臺南市安南區,120.10991,23.04156,500,True,安南,87.0,11.03,Low Risk
臺東縣池上鄉萬安國民小學振興分校,6鄰36號,臺東縣池上鄉,臺東縣池上鄉,121.1951,23.0426,100,True,關山,26.0,3.4,Low Risk
臺南市南化區老人文康中心,南化172-1號,臺南市南化區,臺南市南化區,120.4776,23.0431,160,True,美濃,83.0,18.55,Low Risk
靈隱寺備用,光華路1號,高雄市甲仙區,高雄市甲仙區,120.55,23.0446,200,True,美濃,83.0,18.01,Low Risk
臺南市永康區鹽洲里活動中心,鹽行路100巷40弄16號,臺南市永康區,臺南市永康區,120.2338,23.0448,294,True,安南,87.0,1.71,Low Risk
臺南市永康區烏竹里活動中心,烏竹北街85號,臺南市永康區,臺南市永康區,120.2633,23.0449,109,True,安南,87.0,4.7,Low Risk
臺南市安南區媽祖宮社區活動中心,媽祖宮五街10號,臺南市安南區,臺南市安南區,120.127812,23.045997,393,True,安南,87.0,9.18,Low Risk
新福活動中心,溪埔34之1號,臺東縣關山鎮,臺東縣關山鎮,121.1722,23.0461,50,True,關山,26.0,1.06,Low Risk
臺南市安南區公所,安中路二段308號,臺南市安南區,臺南市安南區,120.1848,23.0472,80,True,安南,87.0,3.35,Low Risk
中福活動中心,中華路68號2樓,臺東縣關山鎮,臺東縣關山鎮,121.1636,23.0491,100,True,關山,26.0,0.48,Low Risk
臺南市安南區海東國民小學,安中路三段381號,臺南市安南區,臺南市安南區,120.174766,23.049279,1200,True,安南,87.0,4.37,Low Risk
高雄市甲仙區寶隆國民小學（備用）,光華路20號,高雄市甲仙區,高雄市甲仙區,120.555507,23.049345,150,True,美濃,83.0,18.61,Low Risk
臺南市安南區安南國中-禮堂,安中路三段252號,臺南市安南區,臺南市安南區,120.1773,23.0496,1750,True,安南,87.0,4.12,Low Risk
豐田活動中心 Fong-Tian Community Center,"豐田路90號No.90, Fongtian Rd., Chenggong Township, Taitung County 961, Taiwan R.O.C.",臺東縣成功鎮,臺東縣成功鎮,121.338751,23.050198,20,True,關山,26.0,18.1,Low Risk
臺南市安南區原佃里活動中心,本原街一段167巷36弄46號,臺南市安南區,臺南市安南區,120.1971,23.0505,284,True,安南,87.0,2.1,Low Risk
關山鎮關山國民小學,中華路101號,臺東縣關山鎮,臺東縣關山鎮,121.1634,23.0506,500,True,關山,26.0,0.63,Low Risk
元宋太祖宮,嶺頂巷65號,高雄市甲仙區,高雄市甲仙區,120.5642,23.0507,50,True,美濃,83.0,18.9,Low Risk
臺南市永康區王行里活動中心,王行路866巷29弄118號,臺南市永康區,臺南市永康區,120.2778,23.0511,104,True,安南,87.0,6.18,Low Risk
豐泉活動中心,忠孝路18巷2號2樓,臺東縣關山鎮,臺東縣海端鄉,121.1536,23.0533,50,True,關山,26.0,1.25,Low Risk
關山鎮德高國民小學,7鄰永豐16號,臺東縣關山鎮,臺東縣海端鄉,121.1536,23.0533,200,True,關山,26.0,1.25,Low Risk
臺南市安南區梅花里活動中心,安中路一段557巷25號,臺南市安南區,臺南市安南區,120.1699,23.05388,164,True,安南,87.0,4.91,Low Risk
臺南市南化區中坑里活動中心,中坑38-6號,臺南市南化區,臺南市南化區,120.4715,23.0539,80,True,善化,80.0,19.0,Low Risk
高雄市桃源區寶山國民小學,二集團98號,高雄市桃源區,高雄市六龜區,120.7221,23.0554,250,True,美濃,83.0,27.38,Low Risk
高雄市桃源區寶山國民小學,寶山里98 號,高雄市桃源區,高雄市六龜區,120.72159,23.055409,150,True,美濃,83.0,27.34,Low Risk
臺南市左鎮區左鎮國中,170號,臺南市左鎮區,臺南市左鎮區,120.4106,23.0562,230,True,善化,80.0,13.21,Low Risk
臺南市左鎮區公所,171-4號,臺南市左鎮區,臺南市左鎮區,120.4087,23.0565,40,True,善化,80.0,13.02,Low Risk
臺南市安南區城西里活動中心,城西街三段431號,臺南市安南區,臺南市安南區,120.0956,23.057,291,True,安南,87.0,12.51,Low Risk
臺南市左鎮區老人活動中心,15-4號,臺南市左鎮區,臺南市左鎮區,120.4061,23.0577,40,True,善化,80.0,12.73,Low Risk
臺南市安南區城南里活動中心,城西街一段61巷28弄98號,臺南市安南區,臺南市安南區,120.1272,23.0606,220,True,安南,87.0,9.34,Low Risk
臺南市安南區東和里活動中心,長和路一段805號,臺南市安南區,臺南市安南區,120.2287,23.062,73,True,安南,87.0,1.92,Low Risk
臺南市安南區布袋里活動中心,長和路四段231巷60弄41號,臺南市安南區,臺南市安南區,120.2071,23.0632,223,True,安南,87.0,1.98,Low Risk
臺南市安南區安佃國民小學,海佃路4段493號,臺南市安南區,臺南市安南區,120.173444,23.064001,150,True,安南,87.0,4.84,Low Risk
臺南市新化區接天寺,那拔林500號,臺南市新化區,臺南市新化區,120.3482,23.0646,400,True,善化,80.0,7.51,Low Risk
臺南市左鎮區榮和里活動中心,60-7號,臺南市左鎮區,臺南市左鎮區,120.3887,23.0646,30,True,善化,80.0,10.8,Low Risk
臺南市安南區長安國民小學,長溪路三段249號,臺南市安南區,臺南市安南區,120.197829,23.065467,1250,True,安南,87.0,2.78,Low Risk
臺南市安南區和順國民中學,安和路5段84巷66號,臺南市安南區,臺南市安南區,120.2208,23.06584,1179,True,安南,87.0,1.99,Low Risk
臺南市安南區佃東佃西社區活動中心,公學路四段325號,臺南市安南區,臺南市安南區,120.1743,23.0661,169,True,安南,87.0,4.85,Low Risk
臺南市安南區土城國民小學,城北路195號,臺南市安南區,臺南市安南區,120.131192,23.066375,1498,True,安南,87.0,9.06,Low Risk
臺南市安南區正統鹿耳門土城聖母廟,城安路160號,臺南市安南區,臺南市安南區,120.1273,23.0668,800,True,安南,87.0,9.46,Low Risk
臺南市安南區和順國民小學,安和路五段178巷5號,臺南市安南區,臺南市安南區,120.218204,23.066821,1180,True,安南,87.0,2.07,Low Risk
臺南市安南區城東里活動中心,城安路73號,臺南市安南區,臺南市安南區,120.127576,23.066898,285,True,安南,87.0,9.43,Low Risk
臺南市南化區茅埔活動中心,玉山132-3號,臺南市南化區,臺南市南化區,120.5153,23.0676,100,True,美濃,83.0,20.52,Low Risk
臺南市新化區那拔國小操場,那拔54號,臺南市新化區,臺南市新化區,120.3497,23.0677,300,True,善化,80.0,7.38,Low Risk
臺南市安南區州北里活動中心,安昌街22號,臺南市安南區,臺南市安南區,120.2174,23.0682,325,True,安南,87.0,2.22,Low Risk
臺南市安南區塭南里活動中心,安昌街130號,臺南市安南區,臺南市安南區,120.219603,23.071146,335,True,安南,87.0,2.56,Low Risk
荖濃社區活動中心,南橫路97號,高雄市六龜區,高雄市六龜區,120.673772,23.0731,100,True,美濃,83.0,25.67,Low Risk
臺南市安南區南興國民小學,公學路五段627號,臺南市安南區,臺南市安南區,120.160816,23.07394,1090,True,安南,87.0,6.47,Low Risk
德高活動中心,8鄰永豐105之1號,臺東縣關山鎮,臺東縣關山鎮,121.1776,23.0748,100,True,關山,26.0,3.67,Low Risk
臺南市新市區文康育樂中心,忠孝街189號,臺南市新市區,臺南市新市區,120.2945,23.0751,290,True,善化,80.0,4.27,Low Risk
臺南市南化區玉山里活動中心,玉山65號,臺南市南化區,臺南市南化區,120.5201,23.0757,90,True,美濃,83.0,21.39,Low Risk
臺南市安南區青草里活動中心,青砂街二段371巷2號,臺南市安南區,臺南市安南區,120.112012,23.07598,278,True,安南,87.0,11.23,Low Risk
臺南市新市區老人文康活動中心,社內91-22號,臺南市新市區,臺南市新市區,120.2816,23.0766,410,True,善化,80.0,4.4,Low Risk
臺南市安南區青草國民小學,青砂街二段105巷32號,臺南市安南區,臺南市安南區,120.117215,23.076717,725,True,安南,87.0,10.74,Low Risk
臺南市山上區豐德里活動中心,豐德49-2號,臺南市山上區,臺南市山上區,120.3596,23.0774,50,True,善化,80.0,7.51,Low Risk
臺南市南化區北寮里活動中心,北寮3號,臺南市南化區,臺南市南化區,120.4915,23.0774,110,True,善化,80.0,20.25,Low Risk
大田老人活動中心（備用）,新興路49-1號,高雄市甲仙區,高雄市甲仙區,120.5823,23.078,100,True,美濃,83.0,22.26,Low Risk
臺南市安南區學東國民小學,公學路6段589號,臺南市安南區,臺南市安南區,120.145483,23.07819,600,True,安南,87.0,8.09,Low Risk
臺南市新市區公所三樓大禮堂,中興街12號,臺南市新市區,臺南市新市區,120.2952,23.0787,100,True,善化,80.0,3.86,Low Risk
臺南市新市區新市國小學生活動中心,中興街1號,臺南市新市區,臺南市新市區,120.2958,23.0787,300,True,善化,80.0,3.86,Low Risk
臺南市安南區學東里活動中心,公學路六段661號,臺南市安南區,臺南市安南區,120.1431,23.0793,276,True,安南,87.0,8.36,Low Risk
臺南市安南區砂崙里活動中心,城北路871巷94弄17號,臺南市安南區,臺南市安南區,120.127523,23.079511,250,True,安南,87.0,9.84,Low Risk
臺南市安定區南興國小,六嘉30號,臺南市安定區,臺南市安定區,120.219,23.0798,100,True,安南,87.0,3.52,Low Risk
臺南市安定區南興國小,六嘉30號,臺南市安定區,臺南市安定區,120.219,23.0798,150,True,安南,87.0,3.52,Low Risk
高雄市立甲仙國民中學（備用）,文化南路6號,高雄市甲仙區,高雄市甲仙區,120.592022,23.080974,270,True,美濃,83.0,22.83,Low Risk
富興村辦公處,4鄰62之1號,臺東縣池上鄉,臺東縣池上鄉,121.2212,23.0813,100,True,關山,26.0,7.28,Low Risk
高雄市甲仙區甲仙國民小學備用,文化路45號,高雄市甲仙區,高雄市甲仙區,120.588891,23.081444,521,True,美濃,83.0,22.8,Low Risk
臺南市新市區新市國中育樂堂,民族路76號,臺南市新市區,臺南市新市區,120.3005,23.0834,500,True,善化,80.0,3.35,Low Risk
臺南市新市區新市國中操場,民族路76號,臺南市新市區,臺南市新市區,120.3005,23.0834,2000,True,善化,80.0,3.35,Low Risk
臺南市安定區大同社區活動中心,大同81號,臺南市安定區,臺南市安定區,120.2231,23.0839,100,True,安南,87.0,4.01,Low Risk
甲仙和安社區活動中心備用,中山路56號,高雄市甲仙區,高雄市甲仙區,120.5875,23.084,80,True,美濃,83.0,23.04,Low Risk
臺南市西港區新復里活動中心,溪埔寮19-9號,臺南市西港區,臺南市西港區,120.184578,23.085261,270,True,安南,87.0,5.32,Low Risk
龍鳳寺,油礦巷3號,高雄市甲仙區,高雄市甲仙區,120.601,23.0855,500,True,美濃,83.0,23.58,Low Risk
臺南市新市區大社國小育賢三樓〈學生活動中心）,大社39號,臺南市新市區,臺南市新市區,120.3191,23.0863,300,True,善化,80.0,3.74,Low Risk
臺南市山上區平陽里活動中心,平陽48號,臺南市山上區,臺南市山上區,120.3807,23.0868,50,True,善化,80.0,9.02,Low Risk
麒麟活動中心 Chi-Lin Community Center,"麒麟路45-12號No.45-12, Chilin Rd., Chenggong Township, Taitung County 961, Taiwan R.O.C.",臺東縣成功鎮,臺東縣成功鎮,121.356735,23.092456,30,True,關山,26.0,20.61,Low Risk
臺南市安定區複合式運動場四周及南安小操場,港口333-22號,臺南市安定區,臺南市安定區,120.2196,23.0928,300,False,安南,87.0,4.96,Warning
臺南市安定區複合式運動場四周及南安小操場,港口333-22號,臺南市安定區,臺南市安定區,120.2196,23.0928,800,False,安南,87.0,4.96,Warning
臺南市七股區十份里漁民活動中心,十份24-28號,臺南市七股區,臺南市七股區,120.1055,23.0942,94,True,安南,87.0,12.55,Low Risk
萬安村辦公處,1鄰萬安7號,臺東縣池上鄉,臺東縣池上鄉,121.2185,23.0948,100,True,關山,26.0,8.0,Low Risk
臺南市七股區永吉里多功能活動中心,永吉16-8號,臺南市七股區,臺南市七股區,120.1288,23.0954,37,True,安南,87.0,10.48,Low Risk
臺南市安定區海寮社區活動中心,海寮15之3號,臺南市安定區,臺南市安定區,120.2112,23.0965,200,True,安南,87.0,5.41,Low Risk
臺南市安定區南安國小,南安62號,臺南市安定區,臺南市安定區,120.225,23.0984,100,True,安南,87.0,5.63,Low Risk
臺南市山上區新莊里大庄活動中心,大庄32號,臺南市山上區,臺南市山上區,120.3637,23.0987,50,True,善化,80.0,6.97,Low Risk
錦園村辦公處,1鄰新開園2號,臺東縣池上鄉,臺東縣池上鄉,121.2203,23.0988,100,True,關山,26.0,8.45,Low Risk
臺南市七股區三股社區活動中心,三股39號,臺南市七股區,臺南市七股區,120.1182,23.0993,61,True,安南,87.0,11.64,Low Risk
海端鄉立托兒所Haiduan Nursery School,"3鄰山界17-3號No.17-3, Shanjie, Haiduan Township, Taitung County 957, Taiwan",臺東縣海端鄉,臺東縣海端鄉,121.1767,23.100134,80,True,關山,26.0,6.31,Low Risk
臺南市山上區國民小學,南洲43號,臺南市山上區,臺南市山上區,120.3557,23.1008,1000,True,善化,80.0,6.12,Low Risk
臺南市山上區南洲里農民教育活動中心,南洲197號,臺南市山上區,臺南市山上區,120.3536,23.1011,150,True,善化,80.0,5.91,Low Risk
臺南市七股區義合里多功能活動中心,義合72之2號,臺南市七股區,臺南市七股區,120.1382,23.1013,136,True,安南,87.0,10.03,Low Risk
海端國小Haiduan Elementary School,"4鄰山界36號No.36, Shanjie, Haiduan Township, Taitung County 957, Taiwan",臺東縣海端鄉,臺東縣海端鄉,121.1761798,23.10145705,100,True,關山,26.0,6.44,Low Risk
"成功鎮新港國民中學 Hsin-kang Junior High School, Chenggon Township","中正路1號No.1, Jhongjheng Rd., Chenggong Township, Taitung County 961, Taiwan R.O.C.",臺東縣成功鎮,臺東縣成功鎮,121.376599,23.101696,250,True,關山,26.0,22.84,Low Risk
臺南市山上區山上里農民教育活動中心,山上134-1號,臺南市山上區,臺南市山上區,120.3577,23.1017,150,True,善化,80.0,6.3,Low Risk
臺南市山上區玉?里活動中心,玉?35號,臺南市山上區,臺南市山上區,120.3891,23.1017,50,True,善化,80.0,9.47,Low Risk
海端鄉公所Haiduan Township Office,"4鄰山界路43號No.43, Shanjie, Haiduan Township, Taitung County 957, Taiwan",臺東縣海端鄉,臺東縣海端鄉,121.1766199,23.10206982,50,True,關山,26.0,6.51,Low Risk
臺南市七股區三股國小操場,三股100號,臺南市七股區,臺南市七股區,120.116949,23.102173,100,True,安南,87.0,11.91,Low Risk
三民里活動中心 San-Min Community Center,"三民路20號No.20, Sanmin Rd., Chenggong Township, Taitung County 961, Taiwan R.O.C.",臺東縣成功鎮,臺東縣成功鎮,121.371943,23.10221,20,True,關山,26.0,22.4,Low Risk
臺南市七股區竹橋里多功能活動中心,竹橋33-1號,臺南市七股區,臺南市七股區,120.1637,23.1029,134,True,安南,87.0,8.2,Low Risk
臺南市山上區山上國民中學,山上130號,臺南市山上區,臺南市山上區,120.3584,23.103,1000,True,善化,80.0,6.34,Low Risk
臺南市安定區南安社區活動中心,南安1號,臺南市安定區,臺南市安定區,120.2274,23.1033,50,True,安南,87.0,6.21,Low Risk
臺南市安定區港尾社區活動中心,港尾74-11號,臺南市安定區,臺南市安定區,120.2338,23.1038,50,True,安南,87.0,6.4,Low Risk
臺南市西港區成功國小,竹林11號,臺南市西港區,臺南市西港區,120.1794,23.1042,850,True,安南,87.0,7.35,Low Risk
行政院國軍退除役官兵輔導委員會佳里榮譽國民之家,三股147號,臺南市七股區,臺南市七股區,120.1231,23.1043,21,True,安南,87.0,11.5,Low Risk
三民里第2市場 San-Min Second Market,"三民路111號No.111, Sanmin Rd., Chenggong Township, Taitung County 961, Taiwan R.O.C.",臺東縣成功鎮,臺東縣成功鎮,121.374961,23.104389,50,True,關山,26.0,22.77,Low Risk
國立成功商業水產職業學校,太平路52號,臺東縣成功鎮,臺東縣成功鎮,121.381984,23.104484,200,True,關山,26.0,23.46,Low Risk
忠智里活動中心 Jhong-Jhi Community Center,"五權路164號No.164, Wucyuan Rd., Chenggong Township, Taitung County 961, Taiwan R.O.C.",臺東縣成功鎮,臺東縣成功鎮,121.380248,23.104757,30,True,關山,26.0,23.3,Low Risk
高雄市桃源區建山國民小學,建山里96號,高雄市桃源區,高雄市桃源區,120.682598,23.105377,68,True,美濃,83.0,29.16,Low Risk
臺南市玉井區望明里活動中心,望明76號,臺南市玉井區,臺南市玉井區,120.4562,23.1058,70,True,善化,80.0,16.26,Low Risk
新興村辦公處,4鄰48之1號,臺東縣池上鄉,臺東縣池上鄉,121.2069,23.1066,100,True,關山,26.0,8.24,Low Risk
建山社區活動中心,建山巷86號,高雄市桃源區,高雄市桃源區,120.684,23.1067,120,True,美濃,83.0,29.36,Low Risk
臺南市山上區明和里活動中心,明和98號,臺南市山上區,臺南市山上區,120.3481,23.1078,150,True,善化,80.0,5.22,Low Risk
臺南市西港區廣興宮,中港24號,臺南市西港區,臺南市西港區,120.1937,23.1079,140,True,安南,87.0,7.07,Low Risk
寶來社區活動中心,中正路89號,高雄市六龜區,高雄市六龜區,120.70089,23.10881,100,True,美濃,83.0,30.52,Low Risk
高雄市六龜區寶來國民小學,中正路89號,高雄市六龜區,高雄市六龜區,120.700921,23.108831,257,True,美濃,83.0,30.52,Low Risk
高雄市立寶來國民中學,中正路137號,高雄市六龜區,高雄市六龜區,120.703635,23.109359,244,True,美濃,83.0,30.73,Low Risk
臺南市七股區樹林國小操場,樹林65-11號,臺南市七股區,臺南市七股區,120.156033,23.110999,100,True,安南,87.0,9.4,Low Risk
臺南市玉井區沙田里活動中心,沙田33-3號,臺南市玉井區,臺南市玉井區,120.4791,23.1118,60,True,善化,80.0,18.58,Low Risk
關山社區活動中心,中興路17號,高雄市甲仙區,高雄市甲仙區,120.6054,23.1126,80,True,美濃,83.0,26.59,Low Risk
臺南市七股區樹林社區活動中心,樹林5-8號,臺南市七股區,臺南市七股區,120.1572,23.1139,138,True,安南,87.0,9.56,Low Risk
臺南市安定區安定國中操場,安加262-1號,臺南市安定區,臺南市安定區,120.234,23.114,500,True,善化,80.0,6.48,Low Risk
臺南市七股區竹港社區活動中心,竹港52-19號,臺南市七股區,臺南市七股區,120.1748,23.1142,74,True,安南,87.0,8.54,Low Risk
臺南市安定區圖書館,安加262之8號,臺南市安定區,臺南市安定區,120.2343,23.1145,150,True,善化,80.0,6.45,Low Risk
臺東縣立池上國民中學,7鄰新興88號,臺東縣池上鄉,臺東縣池上鄉,121.20497,23.115321,300,True,關山,26.0,8.97,Low Risk
臺東縣池上鄉萬安國民小學,1鄰5號之2,臺東縣池上鄉,臺東縣池上鄉,121.1896,23.1172,90,True,關山,26.0,8.5,Low Risk
臺南市大內區曲溪社區活動中心,曲溪51-2號,臺南市大內區,臺南市大內區,120.3874,23.1181,15,True,善化,80.0,9.22,Low Risk
臺南市安定區體育運動公園（防災公園）,安加243-5號旁,臺南市安定區,臺南市安定區,120.23815,23.118189,600,False,善化,80.0,6.08,Warning
臺南市安定區體育運動公園（防災公園）,安加243-5號旁,臺南市安定區,臺南市安定區,120.23815,23.118189,1000,False,善化,80.0,6.08,Warning
臺南市大內區大內國小,大內63號,臺南市大內區,臺南市大內區,120.3613,23.1186,230,True,善化,80.0,6.56,Low Risk
臺南市西港區老人文康活動中心,後營1-2號,臺南市西港區,臺南市西港區,120.1958,23.1188,340,True,安南,87.0,8.16,Low Risk
臺南市安定區安定國中,安加262-1號,臺南市安定區,臺南市安定區,120.2381,23.1196,100,True,善化,80.0,6.1,Low Risk
臺南市安定區老人文康活動中心,安定131之1號,臺南市安定區,臺南市安定區,120.2372,23.1198,50,True,善化,80.0,6.2,Low Risk
大埔村辦公處,大埔14號,臺東縣池上鄉,臺東縣池上鄉,121.215,23.1209,100,True,關山,26.0,10.03,Low Risk
臺南市玉井區玉井國小,中正路1號,臺南市玉井區,臺南市玉井區,120.4588,23.121,450,True,善化,80.0,16.53,Low Risk
臺南市西港區慶安社區活動中心,新興街107巷32號,臺南市西港區,臺南市西港區,120.1805,23.1211,730,True,安南,87.0,8.95,Low Risk
臺南市西港區港東里活動中心,烏竹林58-5號,臺南市西港區,臺南市西港區,120.2019,23.1211,240,True,安南,87.0,8.26,Low Risk
臺南市安定區公所,安定59號,臺南市安定區,臺南市安定區,120.2372,23.1213,50,True,善化,80.0,6.22,Low Risk
臺南市大內區大內國中,內江319-1號,臺南市大內區,臺南市大內區,120.3544,23.1219,800,True,善化,80.0,5.91,Low Risk
臺南市大內區石子瀨社區活動中心,石城114-66號,臺南市大內區,臺南市大內區,120.354388,23.122181,20,True,善化,80.0,5.91,Low Risk
臺南市大內區二溪社區活動中心,二溪198-1號,臺南市大內區,臺南市大內區,120.3926,23.1223,30,True,善化,80.0,9.79,Low Risk
池上鄉公所,中山路101號,臺東縣池上鄉,臺東縣池上鄉,121.215,23.1225,50,True,關山,26.0,10.18,Low Risk
臺南市善化區小新社區活動中心,小新113號之24,臺南市善化區,臺南市善化區,120.3146,23.1226,100,True,善化,80.0,2.04,Low Risk
臺南市安定區安定國小操場,安定1號,臺南市安定區,臺南市安定區,120.2466,23.1229,300,True,善化,80.0,5.3,Low Risk
臺南市玉井區綜合體育館,民族路216號,臺南市玉井區,臺南市玉井區,120.4683,23.1229,200,True,善化,80.0,17.51,Low Risk
大坡村辦公處,大坡38之2號,臺東縣池上鄉,臺東縣池上鄉,121.2323,23.123,100,True,關山,26.0,11.26,Low Risk
臺南市玉井區玉井國中,大成路152號,臺南市玉井區,臺南市玉井區,120.4703,23.1231,450,True,善化,80.0,17.71,Low Risk
臺南市玉井區公所二樓,中正路27號,臺南市玉井區,臺南市玉井區,120.4602,23.1235,50,True,善化,80.0,16.69,Low Risk
臺南市西港區西港國中,文化路41號,臺南市西港區,臺南市西港區,120.20505,23.123745,180,True,安南,87.0,8.5,Low Risk
米鄉-池上文化館,公園路2號,臺東縣池上鄉,臺東縣池上鄉,121.208,23.1238,100,True,關山,26.0,9.94,Low Risk
臺南市西港區慶安宮,慶安路32號,臺南市西港區,臺南市西港區,120.2032,23.1239,150,True,安南,87.0,8.54,Low Risk
臺南市西港區私立港明中學,慶安路229號,臺南市西港區,臺南市西港區,120.2153,23.1239,150,True,安南,87.0,8.42,Low Risk
臺南市玉井區豐里里活動中心,豐里59-10號,臺南市玉井區,臺南市玉井區,120.4444,23.124,60,True,善化,80.0,15.08,Low Risk
高台真耶穌教會 Gao-Tai Jesus Church,"高台路33號No.33, Gaotai Rd., Chenggong Township, Taitung County 961, Taiwan R.O.C.",臺東縣成功鎮,臺東縣成功鎮,121.396336,23.124493,50,True,關山,26.0,25.55,Low Risk
臺南市善化區小新國小,小新79號,臺南市善化區,臺南市善化區,120.312,23.125,360,True,善化,80.0,1.97,Low Risk
臺南市佳里區塭內國小,塭子內40號,臺南市佳里區,臺南市佳里區,120.165,23.1253,1200,True,安南,87.0,10.12,Low Risk
臺東縣池上鄉福原國民小學,中華路17號,臺東縣池上鄉,臺東縣池上鄉,121.2149,23.1253,300,True,關山,26.0,10.44,Low Risk
臺東縣池上鄉大坡國民小學,87號,臺東縣池上鄉,臺東縣池上鄉,121.2308,23.1255,50,True,關山,26.0,11.38,Low Risk
慶豐村辦公處,慶豐82號,臺東縣池上鄉,臺東縣池上鄉,121.2297,23.1259,100,True,關山,26.0,11.35,Low Risk
臺南市佳里區蚶寮社區活動中心,蚶寮21號,臺南市佳里區,臺南市佳里區,120.1596,23.1267,550,True,安南,87.0,10.55,Low Risk
福文村辦公處,文化路20號,臺東縣池上鄉,臺東縣池上鄉,121.216,23.1268,100,True,關山,26.0,10.64,Low Risk
臺南市善化區文昌社區活動中心,光復路175-1號,臺南市善化區,臺南市善化區,120.2907,23.1273,110,True,善化,80.0,1.69,Low Risk
臺南市七股區溪南里漁民活動中心,溪南28號,臺南市七股區,臺南市七股區,120.1198,23.1276,134,True,安南,87.0,13.34,Low Risk
臺南市善化區大成國小,大成路385號,臺南市善化區,臺南市善化區,120.2951,23.1284,420,True,善化,80.0,1.69,Low Risk
高雄市桃源區興中國民小學,興中巷44號,高雄市桃源區,高雄市桃源區,120.719029,23.128565,199,True,美濃,83.0,33.38,Low Risk
高中社區活動中心,興中巷44號,高雄市桃源區,高雄市桃源區,120.719,23.1286,80,True,美濃,83.0,33.38,Low Risk
高雄市桃源區興中國民小學,興中巷44號,高雄市桃源區,高雄市桃源區,120.719,23.1286,250,True,美濃,83.0,33.38,Low Risk
三仙真耶穌教會 San-Xian True Jesus Church,"白蓮路140號No.140, Bailian Rd., Chenggong Township, Taitung County 961, Taiwan R.O.C.",臺東縣成功鎮,臺東縣成功鎮,121.400094,23.129168,50,True,關山,26.0,26.09,Low Risk
臺南市玉井區清芳社區活動中心,健康路10號,臺南市玉井區,臺南市玉井區,120.4693,23.1313,60,True,善化,80.0,17.69,Low Risk
陸安聚會所,陸安27號,臺東縣池上鄉,臺東縣池上鄉,121.1867,23.1315,100,True,關山,26.0,9.94,Low Risk
臺南市七股區七股社區活動中心,七股103-1號,臺南市七股區,臺南市七股區,120.1275,23.1343,50,True,安南,87.0,13.28,Low Risk
臺南市善化區善化國小,進學路63號,臺南市善化區,臺南市善化區,120.2888,23.1354,400,True,善化,80.0,2.6,Low Risk
臺南市善化區文正社區活動中心,文正路25巷18號,臺南市善化區,臺南市善化區,120.2863,23.1364,170,True,善化,80.0,2.8,Low Risk
臺南市七股區玉成社區活動中心,玉成17號,臺南市七股區,臺南市七股區,120.1343,23.1369,44,True,安南,87.0,13.03,Low Risk
臺南市七股區龍山里漁民活動中心,龍山211-33號,臺南市七股區,臺南市七股區,120.1146,23.1371,326,True,安南,87.0,14.44,Low Risk
臺南市善化區文康育樂中心,進學路150號,臺南市善化區,臺南市善化區,120.2891,23.1378,560,True,善化,80.0,2.85,Low Risk
臺南市善化區茄拔國小,茄拔280號,臺南市善化區,臺南市善化區,120.3248,23.1383,350,True,善化,80.0,3.94,Low Risk
臺南市善化區牛庄里活動中心,牛庄138號,臺南市善化區,臺南市善化區,120.3172,23.1385,170,True,善化,80.0,3.45,Low Risk
臺南市善化區老人文康活動中心,茄拔271號,臺南市善化區,臺南市善化區,120.3248,23.1387,440,True,善化,80.0,3.97,Low Risk
臺南市善化區老人文康活動中心,茄拔271號,臺南市善化區,臺南市善化區,120.3248,23.1387,440,True,善化,80.0,3.97,Low Risk
臺南市七股區七股國小,大埕395號,臺南市七股區,臺南市七股區,120.1384,23.1392,145,True,安南,87.0,12.96,Low Risk
臺南市西港區永樂里活動中心,大塭寮59-35號,臺南市西港區,臺南市西港區,120.2159,23.1392,250,True,善化,80.0,8.82,Low Risk
臺南市七股區私立昭明國中,大埕315號,臺南市七股區,臺南市七股區,120.1422,23.1422,350,True,安南,87.0,12.98,Low Risk
臺南市善化區陽明國小,胡家300號,臺南市善化區,臺南市善化區,120.2733,23.143,400,True,善化,80.0,4.11,Low Risk
臺南市大內區頭社社區活動中心,頭社10-1號,臺南市大內區,臺南市大內區,120.3848,23.143,20,True,善化,80.0,9.52,Low Risk
豐南社區活動中心,豐南7鄰12-3號,花蓮縣富里鄉,花蓮縣富里鄉,121.2686,23.143,50,True,關山,26.0,15.41,Low Risk
臺南市佳里區通興國小,埔頂5-1號,臺南市佳里區,臺南市佳里區,120.1576,23.1448,1400,True,安南,87.0,12.37,Low Risk
臺南市大內區環湖社區活動中心,環湖56號,臺南市大內區,臺南市大內區,120.4204,23.145,65,True,善化,80.0,13.06,Low Risk
臺南市七股區大埕里漁民活動中心,大埕271-1號,臺南市七股區,臺南市七股區,120.1421,23.1452,127,True,安南,87.0,13.26,Low Risk
臺南市善化區胡家里活動中心,胡厝寮42-2號,臺南市善化區,臺南市善化區,120.2722,23.1456,270,True,善化,80.0,4.41,Low Risk
高雄市甲仙區小林國民小學備用,五里路24-2號,高雄市甲仙區,高雄市甲仙區,120.63203,23.148576,370,True,美濃,83.0,31.24,Low Risk
臺南市七股區?榔里多功能活動中心,?榔42-1號,臺南市七股區,臺南市七股區,120.1518,23.1487,138,True,安南,87.0,13.04,Low Risk
臺南市七股區大寮社區活動中心,大寮36-12號,臺南市七股區,臺南市七股區,120.1531,23.1502,143,True,安南,87.0,13.12,Low Risk
小林社區活動中心備用,西拉雅路2巷1號,高雄市甲仙區,高雄市甲仙區,120.6356,23.1503,0,True,美濃,83.0,31.55,Low Risk
臺南市七股區鹽埕社區活動中心,鹽埕165-1號,臺南市七股區,臺南市七股區,120.0891,23.1512,138,True,安南,87.0,17.43,Low Risk
臺南市善化區溪美社區活動中心,溪美71號,臺南市善化區,臺南市善化區,120.2843,23.1512,300,True,善化,80.0,4.41,Low Risk
臺南市佳里區仁愛國小,仁愛路307號,臺南市佳里區,臺南市佳里區,120.1794,23.1532,1700,True,安南,87.0,12.31,Low Risk
臺南市善化區田寮里活動中心,田寮里15鄰六分寮168之9號,臺南市善化區,臺南市善化區,120.3041,23.1533,300,True,善化,80.0,4.49,Low Risk
臺南市七股區中寮社區活動中心,中寮63-2號,臺南市七股區,臺南市七股區,120.1083,23.1546,331,True,安南,87.0,16.27,Low Risk
臺南市七股區城內里活動中心,城內16-3號,臺南市七股區,臺南市七股區,120.1085,23.1546,104,True,安南,87.0,16.26,Low Risk
臺南市善化區六德里活動中心,六分寮227之1號,臺南市善化區,臺南市善化區,120.304,23.1552,140,True,善化,80.0,4.7,Low Risk
臺南市善化區大同國小,六分寮200號,臺南市善化區,臺南市善化區,120.3057,23.1555,500,True,善化,80.0,4.76,Low Risk
臺南市西港區圖書館,中山路370號,臺南市西港區,臺南市西港區,120.2023,23.1556,210,True,善化,80.0,10.8,Low Risk
臺南市西港區後營國小金砂分校,砂凹子10-1號,臺南市西港區,臺南市西港區,120.205562,23.156565,290,True,善化,80.0,10.55,Low Risk
"成功鎮忠孝國民小學 Jhong-Hsiao Elementary School, Chenggon Township","成廣路8號No.8, Chengguang Rd., Chenggong Township, Taitung County 961, Taiwan R.O.C.",臺東縣成功鎮,臺東縣成功鎮,121.399532,23.156879,150,True,關山,26.0,27.3,Low Risk
小港活動中心 Siao-Gang Community Center,"成廣路7號No.7, Chengguang Rd., Chenggong Township, Taitung County 961, Taiwan R.O.C.",臺東縣成功鎮,臺東縣成功鎮,121.400891,23.157523,20,True,關山,26.0,27.45,Low Risk
臺南市佳里區佳里國中,安南路523號,臺南市佳里區,臺南市佳里區,120.1707,23.1577,3600,True,安南,87.0,13.08,Low Risk
臺南市七股區篤加社區活動中心,篤加47-7號,臺南市七股區,臺南市七股區,120.1277,23.1592,238,True,安南,87.0,15.39,Low Risk
臺南市佳里區信義國小,信義路336號,臺南市佳里區,臺南市佳里區,120.1821,23.1596,1700,True,善化,80.0,12.86,Low Risk
高雄市桃源區桃源國民小學,北進巷50號,高雄市桃源區,高雄市桃源區,120.765756,23.160472,2871,True,美濃,83.0,39.08,Low Risk
桃源文物館,北進巷50號,高雄市桃源區,高雄市桃源區,120.7658,23.1605,150,True,美濃,83.0,39.09,Low Risk
玉寶宮,富南村4鄰42-1號,花蓮縣富里鄉,花蓮縣富里鄉,121.2399,23.1612,20,True,關山,26.0,15.18,Low Risk
臺南市麻豆區太子宮預備,安業272-3號,臺南市麻豆區,臺南市麻豆區,120.2446,23.1613,1200,True,善化,80.0,7.59,Low Risk
臺南市佳里區六里活動中心,佳東路327巷20號,臺南市佳里區,臺南市佳里區,120.1826,23.1616,400,True,善化,80.0,12.91,Low Risk
臺南市佳里區佳里國小,公園路445號,臺南市佳里區,臺南市佳里區,120.1723,23.1639,1750,True,安南,87.0,13.67,Low Risk
坪林國小坪?分校〈音樂教室.綜合教室.籃球場〉,?仔坑路95號,臺中市太平區,臺東縣海端鄉,121.0434,23.1671,58,True,關山,26.0,18.19,Low Risk
原霧鹿托兒所,3鄰霧鹿37號,臺東縣海端鄉,臺東縣海端鄉,121.043335,23.16749,50,True,關山,26.0,18.23,Low Risk
臺南市佳里區北門高中,六安269號,臺南市佳里區,臺南市佳里區,120.1766,23.1675,2460,True,善化,80.0,13.74,Low Risk
霧鹿國小Wulu Elementary School,"2鄰12號No.12, Wulu, Haiduan Township, Taitung County 957, Taiwan",臺東縣海端鄉,臺東縣海端鄉,121.0415684,23.16932024,180,True,關山,26.0,18.5,Low Risk
臺南市七股區西寮社區活動中心,西寮1-3號,臺南市七股區,臺南市七股區,120.097,23.1701,316,True,安南,87.0,18.32,Low Risk
臺南市官田區渡拔國小,拔林77號之1,臺南市官田區,臺南市官田區,120.3266,23.1708,550,True,善化,80.0,7.05,Low Risk
永豐社區活動中心,永豐10鄰20-1號,花蓮縣富里鄉,花蓮縣富里鄉,121.2565,23.1714,50,True,關山,26.0,17.05,Low Risk
高雄市立桃源國民中學,南橫公路三段 201 號,高雄市桃源區,高雄市桃源區,120.774908,23.171435,329,True,美濃,83.0,40.62,Low Risk
勤和活動中心,南橫公路3段平台巷36號,高雄市桃源區,高雄市桃源區,120.7756,23.1716,80,True,美濃,83.0,40.68,Low Risk
臺南市南化區關山里活動中心,關山84-3號,臺南市南化區,臺南市南化區,120.5949,23.1735,90,True,善化,80.0,31.14,Low Risk
臺南市南化區瑞峰國小,關山96號,臺南市南化區,臺南市南化區,120.5953,23.1736,30,True,善化,80.0,31.19,Low Risk
臺南市佳里區子龍國小,潭墘5號,臺南市佳里區,臺南市佳里區,120.202,23.1739,1680,True,善化,80.0,11.85,Low Risk
臺南市楠西區公所,中正路230號,臺南市楠西區,臺南市楠西區,120.48633,23.17414,40,True,善化,80.0,20.46,Low Risk
臺南市楠西區楠西國小,四維路69號,臺南市楠西區,臺南市楠西區,120.484764,23.174264,690,True,善化,80.0,20.32,Low Risk
富里老人文康中心,中山路205號,花蓮縣富里鄉,花蓮縣富里鄉,121.247624,23.174527,100,True,關山,26.0,16.85,Low Risk
臺南市佳里區北門農工,六安117號,臺南市佳里區,臺南市佳里區,120.1799,23.1757,2470,True,善化,80.0,13.87,Low Risk
臺南市麻豆區龍泉社區活動中心預備,溝子墘20號,臺南市麻豆區,臺南市麻豆區,120.257,23.178,50,True,善化,80.0,8.29,Low Risk
石平社區活動中心,23鄰16-1號,花蓮縣卓溪鄉,花蓮縣卓溪鄉,121.2359,23.1784,50,True,關山,26.0,16.64,Low Risk
臺南市佳里區延平國小,頂?136號,臺南市佳里區,臺南市佳里區,120.1526,23.1785,1550,True,安南,87.0,15.94,Low Risk
富里鄉公所2樓,中山路376號,花蓮縣富里鄉,花蓮縣富里鄉,121.2503,23.1795,100,True,關山,26.0,17.47,Low Risk
臺南市楠西區老人文康活動中心,民族路128號,臺南市楠西區,臺南市楠西區,120.483134,23.180566,80,True,善化,80.0,20.41,Low Risk
臺南市七股區頂山里漁民活動中心,頂山144-3號,臺南市七股區,臺南市七股區,120.1122,23.1815,121,True,安南,87.0,18.32,Low Risk
臺南市官田區社子社區活動中心,2鄰社子11號,臺南市官田區,臺南市官田區,120.3595,23.1818,30,True,善化,80.0,9.91,Low Risk
臺南市楠西區玄空法寺,中華路270號,臺南市楠西區,臺南市楠西區,120.482457,23.182021,50,True,善化,80.0,20.4,Low Risk
臺南市楠西區楠西國中,中興路107號,臺南市楠西區,臺南市楠西區,120.484334,23.182736,630,True,善化,80.0,20.61,Low Risk
臺南市佳里區佳興國中,新宅34-1號,臺南市佳里區,臺南市佳里區,120.1959,23.1829,1950,True,善化,80.0,12.94,Low Risk
麻豆國中學生活動中心,南勢36號,臺南市麻豆區,臺南市麻豆區,120.259982,23.183514,400,True,善化,80.0,8.69,Low Risk
臺南市麻豆區公所3樓預備,忠孝路250號,臺南市麻豆區,臺南市麻豆區,120.2585,23.1846,200,True,善化,80.0,8.86,Low Risk
臺南市麻豆區台灣首府大學圖資大樓6樓預備,南勢168號,臺南市麻豆區,臺南市麻豆區,120.2677,23.1847,300,True,善化,80.0,8.49,Low Risk
臺南市官田區官田社區活動中心,官田315號,臺南市官田區,臺南市官田區,120.3391,23.1855,90,True,善化,80.0,9.08,Low Risk
國立曾文高級農工職業學校操場室外避難處所,南勢1號,臺南市麻豆區,臺南市麻豆區,120.2627,23.1872,1300,True,善化,80.0,8.94,Low Risk
臺南市佳里區興化社區活動中心,興化545-11號,臺南市佳里區,臺南市佳里區,120.186,23.1873,350,True,善化,80.0,14.05,Low Risk
臺南市七股區後港國小操場,臺潭1號,臺南市七股區,臺南市七股區,120.134384,23.187513,600,True,安南,87.0,17.67,Low Risk
臺南市七股區後港國中操場,頂潭93號,臺南市七股區,臺南市七股區,120.134441,23.188062,200,True,安南,87.0,17.72,Low Risk
臺南市七股區大潭里漁民活動中心,台潭28-6號,臺南市七股區,臺南市七股區,120.1327,23.1881,177,True,安南,87.0,17.81,Low Risk
臺南市官田區東西庄社區活動中心,西庄125號之2,臺南市官田區,臺南市官田區,120.2964,23.1881,70,True,善化,80.0,8.31,Low Risk
臺南市官田區官田國民中學,三民路29號,臺南市官田區,臺南市官田區,120.315915,23.18904,2890,True,善化,80.0,8.62,Low Risk
臺南市佳里區佳興國小,佳化214號,臺南市佳里區,臺南市佳里區,120.1928,23.1891,1440,True,善化,80.0,13.61,Low Risk
臺南市將軍區朝天宮,鯤鯓236號,臺南市將軍區,臺南市將軍區,120.0911,23.1899,50,True,安南,87.0,20.38,Low Risk
臺南市麻豆區代天府總站,關帝廟60號,臺南市麻豆區,臺南市麻豆區,120.2601,23.1902,2100,True,善化,80.0,9.36,Low Risk
臺南市官田區大崎社區活動中心,4鄰大崎30號之6,臺南市官田區,臺南市官田區,120.3707,23.1906,60,True,善化,80.0,11.4,Low Risk
臺南市官田區隆田國小活動中心,中山路一段129號,臺南市官田區,臺南市官田區,120.3141,23.1923,1000,True,善化,80.0,8.94,Low Risk
基督長老教會The Presbyterian Church（博愛教會 Bo-ai Church）,"重安路56號No.56, Chongan Rd., Chenggong Township, Taitung County 961, Taiwan R.O.C.",臺東縣成功鎮,臺東縣成功鎮,121.395353,23.192472,50,True,關山,26.0,28.96,Low Risk
石牌社區活動中心,8鄰富北34-2號,花蓮縣富里鄉,花蓮縣富里鄉,121.2643,23.1928,30,True,關山,26.0,19.48,Low Risk
臺南市官田區體育公園,三民路25號,臺南市官田區,臺南市官田區,120.315519,23.193074,280,False,善化,80.0,9.05,Warning
南港社區活動中心,1鄰43號,澎湖縣七美鄉,澎湖縣七美鄉,119.425916,23.193387,200,True,馬公,42.0,44.15,Low Risk
臺南市官田區隆本里活動中心,興隆街33號,臺南市官田區,臺南市官田區,120.3159,23.1977,60,True,善化,80.0,9.57,Low Risk
臺南市將軍區漚汪國小,長榮4號,臺南市將軍區,臺南市將軍區,120.1594,23.1978,300,True,善化,80.0,16.95,Low Risk
臺南市將軍區漚汪國小,長榮4號,臺南市將軍區,臺南市將軍區,120.1594,23.1978,300,True,善化,80.0,16.95,Low Risk
臺南市佳里區營頂社區活動中心,營頂102號,臺南市佳里區,臺南市佳里區,120.1918,23.1987,300,True,善化,80.0,14.37,Low Risk
明里社區活動中心,3鄰明里37號,花蓮縣富里鄉,花蓮縣富里鄉,121.2522,23.1998,50,True,關山,26.0,19.52,Low Risk
臺南市將軍區老人文康活動中心,忠興180-50號,臺南市將軍區,臺南市將軍區,120.1606,23.201,200,True,善化,80.0,17.05,Low Risk
臺南市將軍區老人文康活動中心,忠興180-50號,臺南市將軍區,臺南市將軍區,120.1606,23.201,200,True,善化,80.0,17.05,Low Risk
羅山縱管處,9鄰東湖39號,花蓮縣富里鄉,花蓮縣富里鄉,121.2776,23.2021,50,True,關山,26.0,21.09,Low Risk
七美鄉老人文康老人中心,中和村10鄰55號,澎湖縣七美鄉,澎湖縣七美鄉,119.428683,23.202412,600,True,馬公,42.0,43.11,Low Risk
七美國小視聽教室,中和村4鄰1號,澎湖縣七美鄉,澎湖縣七美鄉,119.4286,23.2025,46,True,馬公,42.0,43.11,Low Risk
臺南市麻豆區海埔池王府預備,海埔80-1號,臺南市麻豆區,臺南市麻豆區,120.2122,23.2032,300,False,善化,80.0,13.25,Warning
臺南市麻豆區港尾社區活動中心預備,港子尾48之2號,臺南市麻豆區,臺南市麻豆區,120.2036,23.2042,50,True,善化,80.0,13.93,Low Risk
臺南市佳里區溪州社區活動中心,溪州2-1號,臺南市佳里區,臺南市佳里區,120.184,23.2047,300,True,善化,80.0,15.41,Low Risk
海豐社區活動中心,海豐村9鄰3-1號,澎湖縣七美鄉,澎湖縣七美鄉,119.4335,23.2056,47,True,馬公,42.0,42.62,Low Risk
中和村社區活動中心,中和村5鄰41-1號,澎湖縣七美鄉,澎湖縣七美鄉,119.4295,23.2058,54,True,馬公,42.0,42.73,Low Risk
臺南市將軍區將軍國中,昌平1-1號,臺南市將軍區,臺南市將軍區,120.1507,23.206,300,True,善化,80.0,18.19,Low Risk
臺南市將軍區將軍國中,昌平1-1號,臺南市將軍區,臺南市將軍區,120.1507,23.206,300,True,善化,80.0,18.19,Low Risk
臺南市將軍區三吉社區活動中心,三吉34號,臺南市將軍區,臺南市將軍區,120.1341,23.2068,50,True,安南,87.0,19.59,Low Risk
平和社區活動中心,平和村8鄰23-1,澎湖縣七美鄉,澎湖縣七美鄉,119.4286,23.2069,58,True,馬公,42.0,42.64,Low Risk
臺南市下營區老人休閒活動中心,西寮13之25號,臺南市下營區,臺南市下營區,120.2632,23.2082,50,True,善化,80.0,11.11,Low Risk
宜灣天主堂Yi-Wan Catholic Church,"宜灣路108號No.108, Yiwan Rd., Chenggong Township, Taitung County 961, Taiwan R.O.C.",臺東縣成功鎮,臺東縣成功鎮,121.400535,23.210374,30,True,關山,26.0,30.55,Low Risk
臺南市將軍區玉山社區活動中心,玉山79-5號,臺南市將軍區,臺南市將軍區,120.1232,23.2109,100,True,安南,87.0,20.5,Low Risk
西湖社區活動中心,西湖村6鄰38號,澎湖縣七美鄉,澎湖縣七美鄉,119.4376,23.211,49,True,馬公,42.0,41.92,Low Risk
東湖社區暨農漁民活動中心,3鄰39-1號,澎湖縣七美鄉,澎湖縣七美鄉,119.437357,23.211082,200,True,馬公,42.0,41.92,Low Risk
臺南市官田區南?里活動中心,5鄰南?65號之2,臺南市官田區,臺南市官田區,120.3046,23.2116,110,True,新營,76.0,10.54,Low Risk
臺南市下營區中營國小活動中心,中營270號,臺南市下營區,臺南市下營區,120.2764,23.213,200,True,新營,76.0,11.11,Low Risk
七美國中學生活動中心,中和村4鄰4號,澎湖縣七美鄉,澎湖縣七美鄉,119.4287,23.2135,300,True,馬公,42.0,41.95,Low Risk
臺南市將軍區將軍國小,將貴58號,臺南市將軍區,臺南市將軍區,120.13448,23.21436,300,True,善化,80.0,20.09,Low Risk
臺南市將軍區將軍國小,將貴58號,臺南市將軍區,臺南市將軍區,120.13448,23.21436,300,True,善化,80.0,20.09,Low Risk
雙湖國小學生活動中心,西湖村7鄰9號,澎湖縣七美鄉,澎湖縣七美鄉,119.4294,23.2148,85,True,馬公,42.0,41.79,Low Risk
臺南市官田區二鎮社區活動中心,8鄰二鎮68號之1,臺南市官田區,臺南市官田區,120.3296,23.2168,200,True,新營,76.0,9.96,Low Risk
民族平台避難屋,鞍山巷81號,高雄市那瑪夏區,高雄市那瑪夏區,120.6927,23.2173,180,True,嘉義,85.0,37.63,Low Risk
臺南市六甲區嘉南國民小學,六甲區龍湖里珊瑚路301號,臺南市官田區,臺南市六甲區,120.365156,23.217484,400,True,新營,76.0,10.96,Low Risk
臺南市將軍區苓保社區活動中心,苓保65-25號,臺南市將軍區,臺南市將軍區,120.1657,23.2175,50,True,善化,80.0,17.76,Low Risk
台灣基督長老教會南布中會復興教會,愛玉路29號,高雄市桃源區,高雄市桃源區,120.8046,23.218,60,True,關山,26.0,41.29,Low Risk
高雄市桃源區樟山國民小學復興分校,愛玉路38號,高雄市桃源區,高雄市桃源區,120.8046,23.218,250,True,關山,26.0,41.29,Low Risk
臺南市下營區中營開化社區活動中心,中營242號,臺南市下營區,臺南市下營區,120.276,23.2181,50,True,新營,76.0,10.61,Low Risk
臺南市將軍區馬沙溝濱海活動中心,長沙24-30號,臺南市將軍區,臺南市將軍區,120.095,23.2182,50,True,安南,87.0,22.68,Low Risk
財團法人基督復臨安息日教會台灣區復興教會,復興巷33號,高雄市桃源區,高雄市桃源區,120.8062,23.2187,60,True,關山,26.0,41.18,Low Risk
臺南市六甲區大丘里活動中心,大丘園5號派出所旁,臺南市六甲區,臺南市六甲區,120.4369,23.2191,50,True,新營,76.0,15.56,Low Risk
古風國小,崙天18號,花蓮縣卓溪鄉,花蓮縣卓溪鄉,121.2645,23.2192,100,True,關山,26.0,22.02,Low Risk
臺南市將軍區苓和國小,苓和132號,臺南市將軍區,臺南市將軍區,120.161368,23.219838,300,True,善化,80.0,18.26,Low Risk
臺南市將軍區苓和國小,苓和132號,臺南市將軍區,臺南市將軍區,120.161368,23.219838,300,True,善化,80.0,18.26,Low Risk
臺南市下營區中營地區民眾活動中心,茅港尾81-1號,臺南市下營區,臺南市下營區,120.2839,23.22,260,True,新營,76.0,10.11,Low Risk
崙天社區活動中心,1鄰20號,花蓮縣卓溪鄉,花蓮縣卓溪鄉,121.2649,23.2202,50,True,關山,26.0,22.14,Low Risk
臺南市將軍區苓和社區活動中心,苓和12-1號,臺南市將軍區,臺南市將軍區,120.1669,23.2206,100,True,善化,80.0,17.89,Low Risk
臺南市將軍區廣安宮,廣山97號,臺南市將軍區,臺南市將軍區,120.1162,23.221,50,True,安南,87.0,21.83,Low Risk
臺南市六甲區七甲龍湖聯合多功能活動中心,七甲街89巷2號,臺南市六甲區,臺南市六甲區,120.3454,23.2223,100,True,新營,76.0,9.7,Low Risk
臺南市將軍區北埔社區活動中心,北埔94號,臺南市將軍區,臺南市將軍區,120.1491,23.2224,100,True,善化,80.0,19.41,Low Risk
膽曼社區活動中心,16鄰9-3號,臺東縣長濱鄉,臺東縣長濱鄉,121.414327,23.223299,100,True,關山,26.0,32.54,Low Risk
臺南市將軍區巷口社區活動中心,仁巷56號,臺南市將軍區,臺南市將軍區,120.1596,23.2239,100,True,新營,76.0,18.49,Low Risk
臺南市六甲區六甲國小,中正路319號,臺南市六甲區,臺南市六甲區,120.3503,23.2256,500,True,新營,76.0,9.52,Low Risk
新興竹田聯合社區活動中心,1鄰東竹10號,花蓮縣富里鄉,花蓮縣富里鄉,121.2899,23.2261,80,True,關山,26.0,24.01,Low Risk
臺南市六甲區王爺里活動中心,番子坑19-1號黃萬枝旁,臺南市六甲區,臺南市六甲區,120.4002,23.2266,100,True,新營,76.0,12.21,Low Risk
臺南市六甲區甲南里活動中心,珊瑚路17巷2-1號,臺南市六甲區,臺南市六甲區,120.3526,23.2267,100,True,新營,76.0,9.49,Low Risk
臺南市六甲區六甲國中,民權街43號,臺南市六甲區,臺南市六甲區,120.3489,23.2271,400,True,新營,76.0,9.31,Low Risk
臺南市六甲區二甲里活動中心,建工街266號,臺南市六甲區,臺南市六甲區,120.3461,23.2278,50,True,新營,76.0,9.14,Low Risk
臺南市學甲區東陽國小活動中心,華宗路260號,臺南市學甲區,臺南市學甲區,120.1835,23.2279,500,True,新營,76.0,16.17,Low Risk
臺南市六甲區六甲里活動中心,信義街238巷14弄17號,臺南市六甲區,臺南市六甲區,120.3493,23.2295,200,True,新營,76.0,9.08,Low Risk
學甲區綜合體育館,建國路37-7號,臺南市學甲區,臺南市學甲區,120.181455,23.229895,250,True,新營,76.0,16.23,Low Risk
臺南市學甲藝文展示館,建國路36號,臺南市學甲區,臺南市學甲區,120.1822,23.2299,150,True,新營,76.0,16.16,Low Risk
臺南市學甲區公所,華宗路313號,臺南市學甲區,臺南市學甲區,120.18247,23.230484,300,True,新營,76.0,16.11,Low Risk
臺南市學甲區慈福里活動中心,民生路1號,臺南市學甲區,臺南市學甲區,120.1836,23.2312,90,True,新營,76.0,15.97,Low Risk
臺南市六甲區甲東里活動中心,忠孝街215號,臺南市六甲區,臺南市六甲區,120.3553,23.2313,30,True,新營,76.0,9.13,Low Risk
臺南市六甲區公所,中山路202號,臺南市六甲區,臺南市六甲區,120.3475,23.2315,100,True,新營,76.0,8.8,Low Risk
臺南市六甲區多功能運動公園,和平街479號,臺南市六甲區,臺南市六甲區,120.344149,23.232106,500,False,新營,76.0,8.63,Warning
臺南市下營區下營國小活動中心,中山路二段72號,臺南市下營區,臺南市下營區,120.2606,23.2322,400,True,新營,76.0,10.01,Low Risk
臺南市學甲區慈濟宮,濟生路170號,臺南市學甲區,臺南市學甲區,120.1805,23.2335,180,True,新營,76.0,16.11,Low Risk
臺南市六甲區水林里活動中心,民族街269號,臺南市六甲區,臺南市六甲區,120.3466,23.2335,100,True,新營,76.0,8.56,Low Risk
臺南市下營區大屯社區活動中心,大屯寮23之2號,臺南市下營區,臺南市下營區,120.2388,23.2343,160,True,新營,76.0,11.28,Low Risk
臺南市下營區下營上帝廟,中山路一段1號,臺南市下營區,臺南市下營區,120.26102,23.235185,170,True,新營,76.0,9.71,Low Risk
烏石鼻社區活動中心,12鄰21-2號,臺東縣長濱鄉,臺東縣長濱鄉,121.413271,23.235256,60,True,關山,26.0,33.28,Low Risk
臺南市六甲區菁埔里活動中心,菁埔83號,臺南市六甲區,臺南市六甲區,120.3025,23.2359,150,True,新營,76.0,7.9,Low Risk
臺南市六甲區中社里活動中心,中社351號,臺南市六甲區,臺南市六甲區,120.3258,23.237,100,True,新營,76.0,7.68,Low Risk
臺南市學甲區學甲國小體育館,一秀30號,臺南市學甲區,臺南市學甲區,120.1745,23.2378,300,True,新營,76.0,16.42,Low Risk
臺南市北門區東隆宮,95號,臺南市北門區,臺南市北門區,120.1121,23.2385,200,True,新營,76.0,22.25,Low Risk
臺南市下營區下營國中活動中心,中山路一段412號,臺南市下營區,臺南市下營區,120.2715,23.2387,550,True,新營,76.0,8.79,Low Risk
臺南市六甲區林鳳國小,中社240號,臺南市六甲區,臺南市六甲區,120.3257,23.239,300,True,新營,76.0,7.46,Low Risk
拉芙蘭里活動中心,南橫公路5段108號,高雄市桃源區,高雄市桃源區,120.8116,23.239,70,True,關山,26.0,41.81,Low Risk
臺南市下營區下營地區民眾活動中心,大孝街1號,臺南市下營區,臺南市下營區,120.2625,23.2418,200,True,新營,76.0,9.04,Low Risk
寧埔國民小學,10鄰41號,臺東縣長濱鄉,臺東縣長濱鄉,121.414152,23.244341,140,True,關山,26.0,34.0,Low Risk
長濱聯合村辦公處,4鄰9號,臺東縣長濱鄉,臺東縣長濱鄉,121.416268,23.244736,70,True,關山,26.0,34.19,Low Risk
寧埔社區活動中心,10鄰15號,臺東縣長濱鄉,臺東縣長濱鄉,121.416268,23.244736,120,True,關山,26.0,34.19,Low Risk
竹湖國民小學,10鄰14號,臺東縣長濱鄉,臺東縣長濱鄉,121.416268,23.244736,140,True,關山,26.0,34.19,Low Risk
樟原國民小學,1鄰7號,臺東縣長濱鄉,臺東縣長濱鄉,121.416268,23.244736,140,True,關山,26.0,34.19,Low Risk
臺南市學甲區中洲國小禮堂,中洲645號,臺南市學甲區,臺南市學甲區,120.1599,23.2451,350,True,新營,76.0,17.43,Low Risk
臺南市下營區紅厝社區活動中心,紅毛厝57號,臺南市下營區,臺南市下營區,120.2671,23.2455,80,True,新營,76.0,8.42,Low Risk
光榮社區活動中心,00鄰00號,臺東縣長濱鄉,臺東縣長濱鄉,121.413361,23.247318,100,True,關山,26.0,34.15,Low Risk
高雄市那瑪夏區民權國民小學,平和巷220號,高雄市那瑪夏區,高雄市那瑪夏區,120.7021,23.2478,300,True,嘉義,85.0,35.93,Low Risk
西興村活動中心,菜瓜坪4號之2,嘉義縣大埔鄉,嘉義縣大埔鄉,120.5732,23.2491,32,True,新營,76.0,26.89,Low Risk
臺南市六甲區龜港里活動中心,龜子港80巷38弄8號,臺南市六甲區,臺南市六甲區,120.3084,23.2499,100,True,新營,76.0,6.26,Low Risk
臺南市下營區甲中里活動中心,十六甲29-1號,臺南市下營區,臺南市下營區,120.274,23.2504,90,True,新營,76.0,7.57,Low Risk
萬寧社區活動中心,7鄰鎮寧100號,花蓮縣富里鄉,花蓮縣富里鄉,121.2982,23.251,50,True,關山,26.0,26.8,Low Risk
高雄市桃源區樟山國民小學,南橫公路五段440號,高雄市桃源區,高雄市桃源區,120.819366,23.252766,393,True,關山,26.0,41.95,Low Risk
八桑安社區社活動中心,35號,臺東縣長濱鄉,臺東縣長濱鄉,121.418162,23.253252,110,True,關山,26.0,34.96,Low Risk
臺南市下營區賀建國小活動中心,麻豆寮49號,臺南市下營區,臺南市下營區,120.2969,23.2541,200,True,新營,76.0,6.1,Low Risk
臺南市鹽水區?頭港國小,南港202號,臺南市鹽水區,臺南市鹽水區,120.2498,23.2557,250,True,新營,76.0,8.85,Low Risk
臺南市柳營區果毅後多功活動中心廣場,神農284-5號,臺南市柳營區,臺南市柳營區,120.3672,23.2571,100,True,新營,76.0,7.43,Low Risk
臺南市柳營區果毅後多功活動中心,神農284-5號,臺南市柳營區,臺南市柳營區,120.3672,23.2571,100,True,新營,76.0,7.43,Low Risk
臺南市柳營區果毅國小運動場,果毅61號,臺南市柳營區,臺南市柳營區,120.3719,23.2577,600,True,新營,76.0,7.72,Low Risk
臺南市新營區新橋國民小學,鐵線1號,臺南市新營區,臺南市新營區,120.2684,23.2649,650,True,新營,76.0,6.74,Low Risk
馬舒霍爾文化聚會所,梅山35之8號,高雄市桃源區,高雄市桃源區,120.8248,23.2658,200,True,關山,26.0,42.31,Low Risk
臺南市東山區水雲活動中心,水雲29號,臺南市東山區,臺南市東山區,120.4183,23.2667,40,True,新營,76.0,11.19,Low Risk
臺南市柳營區柳營國小運動場,柳營路一段755號,臺南市柳營區,臺南市柳營區,120.310478,23.266707,400,True,新營,76.0,4.38,Low Risk
臺南市鹽水區竹埔國小,竹子92-1號,臺南市鹽水區,臺南市鹽水區,120.2462,23.267,280,True,新營,76.0,8.43,Low Risk
東里社區活動中心,1鄰福安路6-1號,花蓮縣富里鄉,花蓮縣富里鄉,121.3052,23.2673,50,True,關山,26.0,28.72,Low Risk
臺南市北門區永隆宮,44號,臺南市北門區,臺南市北門區,120.1238,23.2694,200,True,新營,76.0,20.16,Low Risk
臺南市北門區老人文康活動中心,66號,臺南市北門區,臺南市北門區,120.1213,23.2707,280,True,新營,76.0,20.39,Low Risk
劉厝社區活動中心,劉厝131號,嘉義市西區,臺南市鹽水區,120.250364,23.274909,30,True,新營,76.0,7.64,Low Risk
臺南市新營區新生國民小學,姑爺52號,臺南市新營區,臺南市新營區,120.2589,23.2752,550,True,新營,76.0,6.85,Low Risk
民生國民中學,新民路601號,嘉義市西區,臺南市新營區,120.262468,23.27536,1192,True,新營,76.0,6.53,Low Risk
臺南市東山區南溪活動中心,南溪14-11號,臺南市東山區,臺南市東山區,120.399,23.2754,40,True,新營,76.0,9.0,Low Risk
南竹湖社活動中心,17鄰34號,臺東縣長濱鄉,臺東縣長濱鄉,121.421409,23.275404,80,True,關山,26.0,36.87,Low Risk
長良社區活動中心,長良143-1號,花蓮縣玉里鎮,花蓮縣玉里鎮,121.2878,23.2768,20,True,關山,26.0,28.8,Low Risk
臺南市柳營區圖書館,柳營路二段59號,臺南市柳營區,臺南市柳營區,120.3124,23.2773,50,True,新營,76.0,3.19,Low Risk
臺南市柳營區公所,柳營路二段59號,臺南市柳營區,臺南市柳營區,120.3124,23.2773,50,True,新營,76.0,3.19,Low Risk
臺南市柳營區柳營聯合活動中心,中山西路二段19巷35號,臺南市柳營區,臺南市柳營區,120.3178,23.2775,200,True,新營,76.0,3.13,Low Risk
臺南市柳營區聯合活動中心廣場,中山西路二段19巷35號,臺南市柳營區,臺南市柳營區,120.3178,23.2775,300,True,新營,76.0,3.13,Low Risk
清水社區活動中心,1鄰13號,花蓮縣卓溪鄉,花蓮縣卓溪鄉,121.2725,23.2775,50,True,關山,26.0,28.21,Low Risk
吳江社區活動中心,6鄰吳江65-3號,花蓮縣富里鄉,花蓮縣富里鄉,121.3227,23.2787,70,True,關山,26.0,30.74,Low Risk
臺南市東山區青山活動中心,青山31-1號,臺南市東山區,臺南市東山區,120.4682,23.279,50,True,新營,76.0,15.7,Low Risk
臺南市柳營區柳營國中運動場,東昇563號,臺南市柳營區,臺南市柳營區,120.3315,23.2794,600,True,新營,76.0,3.26,Low Risk
大光教會,大光巷116號,高雄市那瑪夏區,高雄市那瑪夏區,120.7196,23.2796,300,True,嘉義,85.0,35.09,Low Risk
臺南市東山區高原活動中心,2鄰高原14-2號,臺南市東山區,臺南市東山區,120.4703,23.2808,165,True,新營,76.0,15.87,Low Risk
竹湖活動中心,11鄰43-3號,臺東縣長濱鄉,臺東縣長濱鄉,121.4262,23.282134,70,True,關山,26.0,37.74,Low Risk
臺南市東山區東原老人活動中心,東原8號,臺南市東山區,臺南市東山區,120.4397,23.2828,150,True,新營,76.0,12.76,Low Risk
大溪社區活動中心,大溪厝路593附1號,嘉義市西區,臺南市鹽水區,120.241078,23.285036,50,True,新營,76.0,8.11,Low Risk
臺南市柳營區重溪國小運動場,重溪1號,臺南市柳營區,臺南市柳營區,120.3641,23.2859,600,True,新營,76.0,5.26,Low Risk
臺南市北門區保安宮,760號,臺南市北門區,臺南市北門區,120.1362,23.2862,50,True,新營,76.0,18.62,Low Risk
臺南市北門區南鯤鯓代天府,976號,臺南市北門區,臺南市北門區,120.1434,23.2863,600,True,新營,76.0,17.88,Low Risk
臺南市新營區新興國民小學,太南316號,臺南市新營區,臺南市新營區,120.2761,23.2867,300,True,新營,76.0,4.7,Low Risk
斑芝花高爾夫俱樂部,班芝花坑39號,臺南市東山區,臺南市東山區,120.44937,23.28672,50,True,新營,76.0,13.66,Low Risk
臺南市柳營區小腳腿多功活動中心廣場,篤農226-1號,臺南市柳營區,臺南市柳營區,120.368,23.2902,100,True,新營,76.0,5.46,Low Risk
臺南市柳營區小腳腿多功活動中心,篤農226-1號,臺南市柳營區,臺南市柳營區,120.368,23.2902,200,True,新營,76.0,5.46,Low Risk
臺南市柳營區太康國小運動場,太康4-1號,臺南市柳營區,臺南市柳營區,120.3294,23.2904,200,True,新營,76.0,2.1,Low Risk
臺南市新營區太子國民中學,太北140之21號,臺南市新營區,臺南市新營區,120.2721,23.2913,400,True,新營,76.0,4.88,Low Risk
臺南市鹽水區歡雅國小,歡雅31號,臺南市鹽水區,臺南市鹽水區,120.2434,23.2923,100,True,新營,76.0,7.69,Low Risk
大埔國中小國中室內,茄苳村竹圍仔5號,嘉義縣大埔鄉,嘉義縣大埔鄉,120.591,23.2933,137,True,嘉義,85.0,24.44,Low Risk
大埔國中小國中室外,茄苳村竹圍仔5號,嘉義縣大埔鄉,嘉義縣大埔鄉,120.591,23.2933,200,True,嘉義,85.0,24.44,Low Risk
大埔國中小坪林分校-室內,8鄰坪林24號,嘉義縣大埔鄉,嘉義縣大埔鄉,120.5857,23.2934,54,True,嘉義,85.0,24.09,Low Risk
茄苳活動中心,茄苳村竹圍仔38之1號,嘉義縣大埔鄉,嘉義縣大埔鄉,120.5902,23.2938,34,True,嘉義,85.0,24.34,Low Risk
大埔國中小國小室內,大埔村57號,嘉義縣大埔鄉,嘉義縣大埔鄉,120.5917,23.2944,50,True,嘉義,85.0,24.39,Low Risk
大埔國中小國小室外,大埔村57號,嘉義縣大埔鄉,嘉義縣大埔鄉,120.5917,23.2944,200,True,嘉義,85.0,24.39,Low Risk
臺南市東山區東河活動中心,2鄰東河16-1號,臺南市東山區,臺南市東山區,120.3857,23.2945,70,True,新營,76.0,7.1,Low Risk
大埔圖書館,607嘉義縣大埔鄉53之2號,嘉義縣大埔鄉,嘉義縣大埔鄉,120.5932,23.2949,20,True,嘉義,85.0,24.44,Low Risk
臺南市新營區太子爺廟香客大樓,太子宮45-2號、45-9號,臺南市新營區,臺南市新營區,120.2743,23.2955,150,True,新營,76.0,4.53,Low Risk
卓樂社區活動中心,12鄰18號,花蓮縣卓溪鄉,花蓮縣卓溪鄉,121.2703,23.2956,50,True,關山,26.0,29.98,Low Risk
永福社區活動中心,2鄰永福26-2號,臺東縣長濱鄉,臺東縣長濱鄉,121.434067,23.296186,140,True,關山,26.0,39.41,Low Risk
茶山國小室內,3鄰47號,嘉義縣阿里山鄉,嘉義縣阿里山鄉,120.666773,23.298248,30,True,嘉義,85.0,29.54,Low Risk
大埔零售公有市場,162-9號,嘉義縣大埔鄉,嘉義縣大埔鄉,120.5938,23.2986,123,True,嘉義,85.0,24.16,Low Risk
臺南市新營區南梓國民小學,建業路191號,臺南市新營區,臺南市新營區,120.298,23.299,700,True,新營,76.0,2.1,Low Risk
北極殿,大埔村137號,嘉義縣大埔鄉,嘉義縣大埔鄉,120.5942,23.2991,13,True,嘉義,85.0,24.15,Low Risk
臺南市鹽水區仁光國小,舊營117號,臺南市鹽水區,臺南市鹽水區,120.25746,23.299369,220,True,新營,76.0,6.15,Low Risk
臺南市新營區公誠國民小學,公誠街5號,臺南市新營區,臺南市新營區,120.3189,23.3036,650,True,新營,76.0,0.28,Low Risk
臺南市新營區新民國民小學,公園路一段136號,臺南市新營區,臺南市新營區,120.3063,23.3052,500,True,新營,76.0,1.12,Low Risk
臺南市新營區新營國民小學,中正路4號,臺南市新營區,臺南市新營區,120.3165,23.3062,1150,True,新營,76.0,0.1,Low Risk
過路國小-室內,279號,嘉義縣義竹鄉,嘉義縣義竹鄉,120.2082,23.3064,30,True,新營,76.0,11.14,Low Risk
過路國小-室外,279號,嘉義縣義竹鄉,嘉義縣義竹鄉,120.2082,23.3064,300,True,新營,76.0,11.14,Low Risk
和順國小-室外,356號,嘉義縣義竹鄉,嘉義縣義竹鄉,120.1817,23.3067,200,True,新營,76.0,13.84,Low Risk
田組真耶穌教會,37號,臺東縣長濱鄉,臺東縣長濱鄉,121.440989,23.307393,80,True,關山,26.0,40.8,Low Risk
臺南市新營區大宏王公社區活動中心,民族路21-62號,臺南市新營區,臺南市新營區,120.3181,23.3085,150,True,新營,76.0,0.33,Low Risk
臺南市新營區南新國民中學,民治路65號,臺南市新營區,臺南市新營區,120.3088,23.3092,1450,True,新營,76.0,0.95,Low Risk
河東國小六溪分校,六溪26號,臺南市白河區,臺南市白河區,120.4595,23.3092,112,True,新營,76.0,14.53,Low Risk
臺南市東山區聖賢里頂田活動中心,19鄰聖賢50-4號,臺南市東山區,臺南市東山區,120.3472,23.3096,72,True,新營,76.0,3.09,Low Risk
臺南市新營區公所,中正路30號,臺南市新營區,臺南市新營區,120.3166,23.31,150,True,新營,76.0,0.49,Low Risk
長濱國中,15鄰180號,臺東縣長濱鄉,臺東縣長濱鄉,121.458956,23.314728,140,True,關山,26.0,42.67,Low Risk
臺南市新營區新進國民小學,中正路41號,臺南市新營區,臺南市新營區,120.3164,23.315,850,True,新營,76.0,1.05,Low Risk
埔頂集會所,4鄰埔頂13-1號,嘉義縣大埔鄉,嘉義縣大埔鄉,120.5801,23.3156,17,True,嘉義,85.0,21.82,Low Risk
臺南市新營區新泰國民小學,東學路77號,臺南市新營區,臺南市新營區,120.3273,23.3161,300,True,新營,76.0,1.55,Low Risk
臺南市東山區東山國中,青葉路一段132號,臺南市東山區,臺南市東山區,120.4031,23.3166,1000,True,新營,76.0,8.85,Low Risk
臺南市鹽水區月津國小,月津路16號,臺南市鹽水區,臺南市鹽水區,120.2663,23.3168,770,True,新營,76.0,5.35,Low Risk
臺南市東山區北勢寮泉福宮,9鄰聖賢76-3號,臺南市東山區,臺南市東山區,120.3655,23.3169,72,True,新營,76.0,5.08,Low Risk
臺南市鹽水區老人文康中心,治水路254-1號,臺南市鹽水區,臺南市鹽水區,120.2635,23.3179,150,True,新營,76.0,5.66,Low Risk
樂合社區活動中心,樂合65-5號,花蓮縣玉里鎮,花蓮縣玉里鎮,121.345,23.3183,35,True,關山,26.0,35.68,Low Risk
臺南市鹽水區公所,中山路47號,臺南市鹽水區,臺南市鹽水區,120.2662,23.3197,180,True,新營,76.0,5.44,Low Risk
臺南市新營區土庫國民小學,土庫71之1號,臺南市新營區,臺南市新營區,120.3452,23.3197,300,True,新營,76.0,3.25,Low Risk
臺南市鹽水區鹽水國中,三福路63號,臺南市鹽水區,臺南市鹽水區,120.2631,23.3213,530,True,新營,76.0,5.8,Low Risk
源城社區活動中心,水源57-1號,花蓮縣玉里鎮,花蓮縣玉里鎮,121.3004,23.3219,35,True,關山,26.0,33.88,Low Risk
臺南市鹽水區鹽水國小,朝琴路137號,臺南市鹽水區,臺南市鹽水區,120.2707,23.3226,390,True,新營,76.0,5.11,Low Risk
臺南市東山區東山國小,青葉路二段49號,臺南市東山區,臺南市東山區,120.4048,23.3234,800,True,新營,76.0,9.16,Low Risk
臺南市東山區碧軒寺,12鄰東山218號,臺南市東山區,臺南市東山區,120.4038,23.3252,300,False,新營,76.0,9.1,Warning
真柄社區活動中心,2鄰12號,臺東縣長濱鄉,臺東縣長濱鄉,121.439437,23.32597,100,True,關山,26.0,42.19,Low Risk
玉里慈惠堂,信義路5號,花蓮縣玉里鎮,花蓮縣玉里鎮,121.3139,23.3275,40,True,關山,26.0,35.03,Low Risk
臺南市後壁區福安社區活動中心,福安170-2號,臺南市後壁區,臺南市後壁區,120.3567,23.3288,45,True,新營,76.0,4.78,Low Risk
長光社區活動中心,24鄰長光105-1號,臺東縣長濱鄉,臺東縣長濱鄉,121.461868,23.329484,110,True,關山,26.0,44.04,Low Risk
臺南市鹽水區岸內國小,新岸內96號,臺南市鹽水區,臺南市鹽水區,120.2609,23.3295,50,True,新營,76.0,6.34,Low Risk
新塭國小-室內,新塭374號,嘉義縣布袋鎮,嘉義縣布袋鎮,120.1606,23.3303,193,True,新營,76.0,16.23,Low Risk
新塭國小-室外,新塭374號,嘉義縣布袋鎮,嘉義縣布袋鎮,120.160148,23.330464,1139,True,新營,76.0,16.28,Low Risk
仙草國小關嶺分校,關嶺94之3號,臺南市白河區,臺南市白河區,120.5074,23.3307,1033,True,嘉義,85.0,16.37,Low Risk
忠勇國小,58號,臺東縣長濱鄉,臺東縣長濱鄉,121.43699,23.331466,130,True,關山,26.0,42.48,Low Risk
臺南市後壁區長安社區活動中心,長安105-1號,臺南市後壁區,臺南市後壁區,120.3564,23.3323,50,True,新營,76.0,4.98,Low Risk
臺南市後壁區頂安社區活動中心,頂安91-1號,臺南市後壁區,臺南市後壁區,120.3525,23.3327,150,True,新營,76.0,4.69,Low Risk
義竹鄉老人文康中心,333-1號,嘉義縣義竹鄉,嘉義縣義竹鄉,120.241899,23.33444,50,True,新營,76.0,8.33,Low Risk
臺南市後壁區烏樹社區活動中心,烏樹78號,臺南市後壁區,臺南市後壁區,120.3777,23.3347,20,True,新營,76.0,6.97,Low Risk
中正堂,中正路144號,花蓮縣玉里鎮,花蓮縣玉里鎮,121.3153,23.3352,100,True,關山,26.0,35.87,Low Risk
義竹鄉修緣禪寺,245-10號,嘉義縣義竹鄉,嘉義縣義竹鄉,120.2434,23.3357,50,True,新營,76.0,8.25,Low Risk
大林社區活動中心,檨子林20之16號,臺南市白河區,臺南市白河區,120.4412,23.3357,65,True,新營,76.0,13.09,Low Risk
義竹慈化寺,220-1號,嘉義縣義竹鄉,嘉義縣義竹鄉,120.2443,23.3358,50,True,新營,76.0,8.17,Low Risk
義竹國小中正堂,208號,嘉義縣義竹鄉,嘉義縣義竹鄉,120.2456,23.3359,250,True,新營,76.0,8.05,Low Risk
義竹國小-室外,208號,嘉義縣義竹鄉,嘉義縣義竹鄉,120.2456,23.3359,1000,True,新營,76.0,8.05,Low Risk
南興國小東華分校-室內,1號,嘉義縣義竹鄉,嘉義縣義竹鄉,120.2463,23.3368,40,True,新營,76.0,8.03,Low Risk
南興國小東華分校-室外,1號,嘉義縣義竹鄉,嘉義縣義竹鄉,120.2463,23.3368,100,True,新營,76.0,8.03,Low Risk
南寮土地公廟前廣場,南寮4號,嘉義縣大埔鄉,嘉義縣大埔鄉,120.5552,23.3369,150,True,嘉義,85.0,18.37,Low Risk
好美國小-室外,虎尾寮106號,嘉義縣布袋鎮,嘉義縣布袋鎮,120.13813,23.337005,856,True,朴子,69.0,18.14,Low Risk
好美國小-室內,虎尾寮106號,嘉義縣布袋鎮,嘉義縣布袋鎮,120.1379,23.3373,45,True,朴子,69.0,18.13,Low Risk
臺南市後壁區新東長老基督教會,新東144號,臺南市後壁區,臺南市後壁區,120.3323,23.3377,165,True,新營,76.0,3.88,Low Risk
新美國小室內,4鄰78號,嘉義縣阿里山鄉,嘉義縣阿里山鄉,120.683345,23.337733,160,True,嘉義,85.0,28.46,Low Risk
東豐社區活動中心,東豐石岡32之1號,花蓮縣玉里鎮,花蓮縣玉里鎮,121.3399,23.3389,25,True,關山,26.0,37.39,Low Risk
南興國小-室外,77號,嘉義縣義竹鄉,嘉義縣義竹鄉,120.1928,23.3408,240,True,新營,76.0,13.3,Low Risk
新岑社區活動中心,郭岑寮7號之26,嘉義縣布袋鎮,嘉義縣布袋鎮,120.171569,23.340872,62,True,新營,76.0,15.38,Low Risk
臺南市後壁區新厝活動中心,竹新33號,臺南市後壁區,臺南市後壁區,120.3013,23.3422,40,True,新營,76.0,4.38,Low Risk
義竹國中-室外,59-2號,嘉義縣義竹鄉,嘉義縣義竹鄉,120.24985,23.34264,1000,True,新營,76.0,8.02,Low Risk
新岑國小-室外,郭岑寮4號,嘉義縣布袋鎮,嘉義縣布袋鎮,120.174442,23.34271,134,True,新營,76.0,15.15,Low Risk
臺南市後壁區竹新社區活動中心,竹新106號,臺南市後壁區,臺南市後壁區,120.3023,23.3433,70,True,新營,76.0,4.46,Low Risk
仙草國小,仙草22號,臺南市白河區,臺南市白河區,120.4738,23.3439,166,True,嘉義,85.0,13.85,Low Risk
河東國小,河東83-1號,臺南市白河區,臺南市白河區,120.4378,23.3443,405,True,新營,76.0,13.04,Low Risk
臺南市後壁區新嘉國小,新嘉210-2號,臺南市後壁區,臺南市後壁區,120.316,23.3444,400,True,新營,76.0,4.31,Low Risk
仙草社區活動中心,仙草埔7之5號,臺南市白河區,臺南市白河區,120.4734,23.3449,30,True,嘉義,85.0,13.73,Low Risk
河東農村社區活動中心,糞箕湖80之19號,臺南市白河區,臺南市白河區,120.4365,23.3456,200,True,新營,76.0,12.96,Low Risk
卓溪多功能活動中心,7鄰73號,花蓮縣卓溪鄉,花蓮縣卓溪鄉,121.3038,23.3457,50,True,關山,26.0,36.44,Low Risk
臺南市後壁區嘉苳社區活動中心,嘉苳67-2號,臺南市後壁區,臺南市後壁區,120.3637,23.351,120,True,新營,76.0,6.92,Low Risk
白河區公所,三民路381號,臺南市白河區,臺南市白河區,120.4157,23.351,50,True,新營,76.0,11.25,Low Risk
白河國小,三民路448號,臺南市白河區,臺南市白河區,120.4157,23.351,200,True,新營,76.0,11.25,Low Risk
白河商工,新興路528號,臺南市白河區,臺南市白河區,120.4164,23.3527,265,False,新營,76.0,11.4,Warning
臺南市後壁區仕安社區活動中心,仕安72號,臺南市後壁區,臺南市後壁區,120.32,23.3539,200,True,新營,76.0,5.37,Low Risk
長濱鄉老人會館,7鄰48號,臺東縣長濱鄉,臺東縣長濱鄉,121.469004,23.355514,80,True,關山,26.0,46.65,Low Risk
三間國民小學,7鄰16號,臺東縣長濱鄉,臺東縣長濱鄉,121.467768,23.35573,110,True,關山,26.0,46.59,Low Risk
中山藤寮分校童軍營區前排教室-室內,石?村藤寮54號,嘉義縣中埔鄉,嘉義縣中埔鄉,120.5413,23.3558,50,True,嘉義,85.0,15.85,Low Risk
大埔國小永興分校舊校址-室內,永興22號,嘉義縣番路鄉,嘉義縣番路鄉,120.5914,23.3566,22,True,嘉義,85.0,19.48,Low Risk
布袋國中-室內,六棟寮40號,嘉義縣布袋鎮,嘉義縣布袋鎮,120.1809,23.3595,187,True,朴子,69.0,13.61,Low Risk
布袋國中-室外,六棟寮40號,嘉義縣布袋鎮,嘉義縣布袋鎮,120.1809,23.3595,424,True,朴子,69.0,13.61,Low Risk
望安鄉多功能活動中心,西安村36-1號,澎湖縣望安鄉,澎湖縣望安鄉,119.496973,23.361206,150,True,馬公,42.0,24.16,Low Risk
白河國中,三間厝220號,臺南市白河區,臺南市白河區,120.4239,23.3614,250,True,嘉義,85.0,11.63,Low Risk
社口國小 室外,2鄰8號,嘉義縣中埔鄉,嘉義縣中埔鄉,120.5476,23.3627,50,True,嘉義,85.0,15.7,Low Risk
臺南市後壁區平安社區活動中心,平安58-5號,臺南市後壁區,臺南市後壁區,120.3334,23.3632,70,True,新營,76.0,6.61,Low Risk
臺南市後壁區公所總站,後壁129號,臺南市後壁區,臺南市後壁區,120.362,23.3658,120,True,新營,76.0,8.1,Low Risk
臺南市後壁區頂長社區活動中心,長短樹58號,臺南市後壁區,臺南市後壁區,120.3293,23.3659,40,True,新營,76.0,6.81,Low Risk
西平社區活動中心,莊敬街26號,彰化縣二林鎮,臺南市後壁區,120.366378,23.366378,18,True,新營,76.0,8.41,Low Risk
香田國小,儒林路10-1號,彰化縣二林鎮,臺南市後壁區,120.366378,23.366378,60,True,新營,76.0,8.41,Low Risk
中西社區活動中心,中三路1號,彰化縣二林鎮,臺南市後壁區,120.366378,23.366378,60,True,新營,76.0,8.41,Low Risk
廣興國小,廣興巷2-1號,彰化縣二林鎮,臺南市後壁區,120.366378,23.366378,75,True,新營,76.0,8.41,Low Risk
老人文康活動中心,明德街249號,彰化縣二林鎮,臺南市後壁區,120.366378,23.366378,303,True,新營,76.0,8.41,Low Risk
臺南市後壁區後壁侯伯社區活動中心,後壁193號,臺南市後壁區,臺南市後壁區,120.3664,23.3673,150,True,新營,76.0,8.5,Low Risk
大竹國小,大竹3號,臺南市白河區,臺南市白河區,120.4127,23.3683,30,True,嘉義,85.0,11.12,Low Risk
頂六國小活動中心-室內,金蘭村頂山門25號,嘉義縣中埔鄉,嘉義縣中埔鄉,120.509,23.3703,100,True,嘉義,85.0,12.58,Low Risk
中埔國小-室外,中正路1號,嘉義縣中埔鄉,嘉義縣中埔鄉,120.509,23.3703,2500,True,嘉義,85.0,12.58,Low Risk
中埔國中活動中心-室內,中埔村177號,嘉義縣中埔鄉,嘉義縣中埔鄉,120.4975,23.3707,500,True,嘉義,85.0,11.93,Low Risk
臺南市後壁區新嘉社區活動中心,新嘉172號,臺南市後壁區,臺南市後壁區,120.3103,23.3721,55,True,新營,76.0,7.42,Low Risk
臺南市後壁區新東國小,仕安81號,臺南市後壁區,臺南市後壁區,120.3095,23.3727,400,True,新營,76.0,7.5,Low Risk
臺南市後壁區土溝社區活動中心,土溝56-18號,臺南市後壁區,臺南市後壁區,120.3872,23.3734,150,True,新營,76.0,10.38,Low Risk
下潭國小室外,196號,嘉義縣鹿草鄉,嘉義縣鹿草鄉,120.28601,23.373691,250,True,新營,76.0,8.21,Low Risk
隙頂國小草山分校舊校址-室內,22號,嘉義縣番路鄉,嘉義縣番路鄉,120.6371,23.3745,22,True,嘉義,85.0,22.36,Low Risk
下潭社區活動中心,196號,嘉義縣鹿草鄉,嘉義縣鹿草鄉,120.286841,23.374584,180,True,新營,76.0,8.27,Low Risk
竹門國小,竹門113號,臺南市白河區,臺南市白河區,120.445,23.3766,95,True,嘉義,85.0,9.81,Low Risk
九江社區活動中心,環河街1號,嘉義縣布袋鎮,嘉義縣布袋鎮,120.1565,23.3773,49,True,朴子,69.0,13.52,Low Risk
臺南市後壁區菁寮墨林社區活動中心,菁寮77號,臺南市後壁區,臺南市後壁區,120.3351,23.3785,100,True,新營,76.0,8.3,Low Risk
臺南市後壁區菁寮國小,墨林282號,臺南市後壁區,臺南市後壁區,120.339,23.3787,400,True,新營,76.0,8.42,Low Risk
布新國小-室內,文昌街61號,嘉義縣布袋鎮,嘉義縣布袋鎮,120.1522,23.3788,133,True,朴子,69.0,13.71,Low Risk
臺南市後壁區菁豐社區活動中心,菁豐68-3號,臺南市後壁區,臺南市後壁區,120.3469,23.3788,200,True,新營,76.0,8.68,Low Risk
布新國小-室外,文昌街61號,嘉義縣布袋鎮,嘉義縣布袋鎮,120.152166,23.378925,1003,True,朴子,69.0,13.7,Low Risk
光榮國小-室內,64號,嘉義縣義竹鄉,嘉義縣義竹鄉,120.2474,23.3795,70,True,朴子,69.0,9.55,Low Risk
光榮國小-室外,64號,嘉義縣義竹鄉,嘉義縣義竹鄉,120.2474,23.3795,280,True,朴子,69.0,9.55,Low Risk
玉豐國小,玉豐85號,臺南市白河區,臺南市白河區,120.4159,23.3802,50,True,嘉義,85.0,9.75,Low Risk
大禹社區活動中心,大禹226號,花蓮縣玉里鎮,花蓮縣玉里鎮,121.3289,23.3805,40,True,關山,26.0,41.01,Low Risk
臺南市後壁區德馨宮,墨林321號,臺南市後壁區,臺南市後壁區,120.3358,23.3808,120,True,新營,76.0,8.57,Low Risk
中埔國小活動中心-室內,中埔村中正路1號,嘉義縣中埔鄉,嘉義縣中埔鄉,120.5307,23.3815,100,True,嘉義,85.0,13.0,Low Risk
同仁國小 室外,同仁24號,嘉義縣中埔鄉,嘉義縣中埔鄉,120.5307,23.3815,600,True,嘉義,85.0,13.0,Low Risk
臺南市後壁區崁頂社區活動中心,崁頂38-2號,臺南市後壁區,臺南市後壁區,120.3451,23.3818,100,True,新營,76.0,8.93,Low Risk
布袋鎮立幼兒園,東港130號之21,嘉義縣布袋鎮,嘉義縣布袋鎮,120.191066,23.381869,96,True,朴子,69.0,10.94,Low Risk
見龍社區活動中心,內田2號之4,嘉義縣布袋鎮,嘉義縣布袋鎮,120.1808,23.382,55,True,朴子,69.0,11.52,Low Risk
布袋國小-室內,65號,嘉義縣布袋鎮,嘉義縣布袋鎮,120.1712,23.3824,140,True,朴子,69.0,12.09,Low Risk
布袋國小-室外,新厝仔65號,嘉義縣布袋鎮,嘉義縣布袋鎮,120.1712,23.3824,1407,True,朴子,69.0,12.09,Low Risk
景山國小-室外,東港136號,嘉義縣布袋鎮,嘉義縣布袋鎮,120.1933,23.3827,396,True,朴子,69.0,10.74,Low Risk
山美國小室內,61號,嘉義縣阿里山鄉,嘉義縣阿里山鄉,120.668975,23.383138,100,True,嘉義,85.0,24.95,Low Risk
碧潭社區活動中心,18之3號,嘉義縣鹿草鄉,嘉義縣鹿草鄉,120.297035,23.38451,50,True,新營,76.0,9.01,Low Risk
臺南市後壁區後?社區活動中心,後?49-1號,臺南市後壁區,臺南市後壁區,120.3373,23.3846,60,True,新營,76.0,9.02,Low Risk
碧潭國小室外,184號,嘉義縣鹿草鄉,嘉義縣鹿草鄉,120.299389,23.386773,300,True,新營,76.0,9.2,Low Risk
臺南市後壁區嘉田嘉民社區活動中心,嘉田76號,臺南市後壁區,臺南市後壁區,120.3825,23.3868,150,True,嘉義,85.0,10.54,Low Risk
沄水社區活動中心,沄水村竹頭崎20號,嘉義縣中埔鄉,嘉義縣中埔鄉,120.5195,23.3927,30,True,嘉義,85.0,11.31,Low Risk
重寮國小室外,160號,嘉義縣鹿草鄉,嘉義縣鹿草鄉,120.315098,23.393291,350,True,新營,76.0,9.75,Low Risk
觀音社區活動中心,觀音9-1號,花蓮縣玉里鎮,花蓮縣玉里鎮,121.3573,23.3951,0,True,關山,26.0,43.74,Low Risk
灣潭國小 室外,17鄰1-1號,嘉義縣中埔鄉,嘉義縣中埔鄉,120.5333,23.3968,140,True,嘉義,85.0,12.06,Low Risk
內角國小,內角1號,臺南市白河區,臺南市白河區,120.4409,23.3973,280,True,嘉義,85.0,7.5,Low Risk
瑞豐社區活動中心,瑞豐村坎?45號,嘉義縣中埔鄉,嘉義縣中埔鄉,120.5266,23.3992,30,True,嘉義,85.0,11.36,Low Risk
圓山托兒所,同仁村同仁1-9號,嘉義縣中埔鄉,嘉義縣中埔鄉,120.5121,23.4006,50,True,嘉義,85.0,10.16,Low Risk
和睦國小 室外,後庄16號,嘉義縣中埔鄉,嘉義縣中埔鄉,120.5121,23.4036,600,True,嘉義,85.0,9.93,Low Risk
和興國小-室外,和興路91號,嘉義縣中埔鄉,嘉義縣中埔鄉,120.5121,23.4036,1000,True,嘉義,85.0,9.93,Low Risk
重寮社區活動中心,15鄰99之1號,嘉義縣鹿草鄉,嘉義縣鹿草鄉,120.341819,23.404675,50,True,新營,76.0,11.29,Low Risk
後堀社區活動中心,65之2號,嘉義縣鹿草鄉,嘉義縣鹿草鄉,120.341819,23.404675,60,True,新營,76.0,11.29,Low Risk
達邦國小里佳分校室內,20鄰31號,嘉義縣阿里山鄉,嘉義縣阿里山鄉,120.720934,23.405245,10,True,嘉義,85.0,29.29,Low Risk
太平國小,1鄰2號,花蓮縣卓溪鄉,花蓮縣卓溪鄉,121.3205,23.406,100,True,關山,26.0,43.28,Low Risk
太平社區活動中心,6鄰79-1號,花蓮縣卓溪鄉,花蓮縣卓溪鄉,121.3166,23.4071,50,True,關山,26.0,43.25,Low Risk
和美社區活動中心,和美村7鄰忠明路40巷8號,嘉義縣中埔鄉,嘉義縣中埔鄉,120.5122,23.4072,100,True,嘉義,85.0,9.66,Low Risk
梅華活動中心,牛桃灣3-20號,嘉義縣朴子市,嘉義縣朴子市,120.2587,23.408,44,True,朴子,69.0,6.48,Low Risk
鹿草國中室外,439號,嘉義縣鹿草鄉,嘉義縣鹿草鄉,120.3129,23.4099,1500,True,朴子,69.0,9.06,Low Risk
鹿草國中室內,439號,嘉義縣鹿草鄉,嘉義縣鹿草鄉,120.31309,23.410697,80,True,朴子,69.0,9.02,Low Risk
同仁社區活動中心,同仁村11鄰同仁164號之5,嘉義縣中埔鄉,嘉義縣中埔鄉,120.5488,23.4108,30,True,嘉義,85.0,12.51,Low Risk
南靖國小-室外,46號,嘉義縣水上鄉,嘉義縣水上鄉,120.3774,23.4109,880,True,嘉義,85.0,8.85,Low Risk
松梅國小[室外],345號,嘉義縣朴子市,嘉義縣朴子市,120.2505,23.4114,400,True,朴子,69.0,6.01,Low Risk
鹿草國小室外,296號,嘉義縣鹿草鄉,嘉義縣鹿草鄉,120.306853,23.41157,400,True,朴子,69.0,8.49,Low Risk
隆興社區活動中心,隆興村中正路515號,嘉義縣中埔鄉,嘉義縣中埔鄉,120.5299,23.4125,30,True,嘉義,85.0,10.75,Low Risk
和興國小圖書館-室內,和興村33鄰和興路91號,嘉義縣中埔鄉,嘉義縣中埔鄉,120.5103,23.4129,100,True,嘉義,85.0,9.1,Low Risk
義興村活動中心,2鄰57-1號,嘉義縣水上鄉,嘉義縣水上鄉,120.422844,23.418214,100,True,嘉義,85.0,5.51,Low Risk
義興國小-室外,2-1號,嘉義縣水上鄉,嘉義縣水上鄉,120.4258,23.4184,260,True,嘉義,85.0,5.39,Low Risk
過溝國小-室內,頂厝1號,嘉義縣布袋鎮,嘉義縣布袋鎮,120.183067,23.419651,351,True,朴子,69.0,8.33,Low Risk
貴林國小-室外,82號,嘉義縣布袋鎮,嘉義縣布袋鎮,120.214244,23.419879,128,True,朴子,69.0,6.11,Low Risk
過溝多功能活動中心,過溝頂厝11號之2,嘉義縣布袋鎮,嘉義縣布袋鎮,120.1822,23.4204,226,True,朴子,69.0,8.35,Low Risk
龍門社區活動中心,龍門村龍山?33號,嘉義縣中埔鄉,嘉義縣中埔鄉,120.517993,23.42188,60,True,嘉義,85.0,9.17,Low Risk
社口國小禮堂-室內,隆興村2鄰8號,嘉義縣中埔鄉,嘉義縣中埔鄉,120.5241,23.4231,30,True,嘉義,85.0,9.64,Low Risk
大有國小圖書館-室內,裕民村石頭厝17號之1,嘉義縣中埔鄉,嘉義縣中埔鄉,120.5235,23.4235,50,True,嘉義,85.0,9.56,Low Risk
東興社區活動中心,東興村5鄰25-1號,嘉義縣中埔鄉,嘉義縣中埔鄉,120.5216,23.4242,30,True,嘉義,85.0,9.36,Low Risk
灣潭國小視聽教室-室內,灣潭村17鄰1-1號,嘉義縣中埔鄉,嘉義縣中埔鄉,120.5216,23.4242,50,True,嘉義,85.0,9.36,Low Risk
中庄村活動中心,16鄰40之2號,嘉義縣水上鄉,嘉義縣水上鄉,120.433218,23.424345,50,True,嘉義,85.0,4.57,Low Risk
中埔國中-室外,177號,嘉義縣中埔鄉,嘉義縣中埔鄉,120.5176,23.4244,1500,True,嘉義,85.0,8.99,Low Risk
溪洲村活動中心,13鄰83-1號,嘉義縣水上鄉,嘉義縣水上鄉,120.389382,23.424537,35,True,嘉義,85.0,6.93,Low Risk
忠和國中-室外,檳榔樹角6號,嘉義縣水上鄉,嘉義縣水上鄉,120.4501,23.4246,600,True,嘉義,85.0,4.56,Low Risk
中埔鄉公所,中埔村128號,嘉義縣中埔鄉,嘉義縣中埔鄉,120.522942,23.425153,60,True,嘉義,85.0,9.43,Low Risk
忠和國小-室外,檳榔樹角35號,嘉義縣水上鄉,嘉義縣水上鄉,120.4479,23.4258,750,True,嘉義,85.0,4.39,Low Risk
水上國中-室外,進學街54號,嘉義縣水上鄉,嘉義縣水上鄉,120.3974,23.4261,1000,True,嘉義,85.0,6.21,Low Risk
同仁國小-室內,同仁村24號,嘉義縣中埔鄉,嘉義縣中埔鄉,120.5566,23.4278,100,True,嘉義,85.0,12.46,Low Risk
社口社區活動中心,社口村9鄰番仔坑7號之1,嘉義縣中埔鄉,嘉義縣中埔鄉,120.5614,23.4283,30,True,嘉義,85.0,12.91,Low Risk
水上鄉公所三樓,水上村正義路141號,嘉義縣水上鄉,嘉義縣水上鄉,120.39801,23.428457,40,True,嘉義,85.0,5.98,Low Risk
水上國小-室外,正義路182號,嘉義縣水上鄉,嘉義縣水上鄉,120.3972,23.4288,1400,True,嘉義,85.0,6.02,Low Risk
中山國小視聽教室-室內,石?村22號,嘉義縣中埔鄉,嘉義縣中埔鄉,120.5125,23.4288,30,True,嘉義,85.0,8.3,Low Risk
松浦社區活動中心,松浦214-3號,花蓮縣玉里鎮,花蓮縣玉里鎮,121.3737,23.4293,0,True,關山,26.0,47.89,Low Risk
隙頂國小-室外,隙頂4號,嘉義縣番路鄉,嘉義縣番路鄉,120.6601,23.4298,44,True,嘉義,85.0,22.66,Low Risk
隙頂國民小學-室內,隙頂40號,嘉義縣番路鄉,嘉義縣番路鄉,120.6601,23.4298,71,True,嘉義,85.0,22.66,Low Risk
裕民社區活動中心,裕民村石頭厝8號之1,嘉義縣中埔鄉,嘉義縣中埔鄉,120.5126,23.4315,30,True,嘉義,85.0,8.17,Low Risk
成功國小-室外,153號,嘉義縣水上鄉,嘉義縣水上鄉,120.4756,23.4318,600,True,嘉義,85.0,5.07,Low Risk
三民社區活動中心,三民131-2號,花蓮縣玉里鎮,花蓮縣玉里鎮,121.3498,23.4321,25,True,關山,26.0,47.12,Low Risk
竹村國小[室外],36號,嘉義縣朴子市,嘉義縣朴子市,120.2389,23.4349,400,True,朴子,69.0,3.51,Low Risk
柳林國小-室外,92號,嘉義縣水上鄉,嘉義縣水上鄉,120.4151,23.4356,1000,True,嘉義,85.0,4.2,Low Risk
網寮國小-室內,?田27號,嘉義縣東石鄉,嘉義縣東石鄉,120.1525,23.4361,36,True,朴子,69.0,10.25,Low Risk
網寮國小-室外,?田27號,嘉義縣東石鄉,嘉義縣東石鄉,120.1525,23.4361,490,True,朴子,69.0,10.25,Low Risk
龍崗國小-室內,131號,嘉義縣東石鄉,嘉義縣東石鄉,120.1832,23.4363,38,True,朴子,69.0,7.34,Low Risk
龍崗國小-室外,131號,嘉義縣東石鄉,嘉義縣東石鄉,120.1832,23.4363,527,True,朴子,69.0,7.34,Low Risk
古楓社區活動中心,12鄰4號,花蓮縣卓溪鄉,花蓮縣卓溪鄉,121.332,23.4363,50,True,關山,26.0,46.84,Low Risk
立山社區活動中心,6鄰58號,花蓮縣卓溪鄉,花蓮縣卓溪鄉,121.332,23.4363,50,True,關山,26.0,46.84,Low Risk
深坑社區活動中心,深坑村深坑85號之2,嘉義縣中埔鄉,嘉義縣中埔鄉,120.5273,23.4383,30,True,嘉義,85.0,9.26,Low Risk
塭仔村圓明寺,3鄰69號,嘉義縣東石鄉,嘉義縣東石鄉,120.175,23.4384,40,True,朴子,69.0,8.01,Low Risk
大埔國小永興分校-室外,永興22號,嘉義縣番路鄉,嘉義縣番路鄉,120.6072,23.4384,160,True,嘉義,85.0,17.18,Low Risk
龍隱寺-室外,14鄰觸口1號,嘉義縣番路鄉,嘉義縣番路鄉,120.6072,23.4384,265,True,嘉義,85.0,17.18,Low Risk
崁前活動中心,崁前24號,嘉義縣朴子市,嘉義縣朴子市,120.2368,23.4389,25,True,朴子,69.0,3.15,Low Risk
頂埔社區活動中心,頂埔村8鄰頂埔10-6號,嘉義縣中埔鄉,嘉義縣中埔鄉,120.5468,23.439,30,True,嘉義,85.0,11.14,Low Risk
崙山國小,1鄰12號,花蓮縣卓溪鄉,花蓮縣卓溪鄉,121.3443,23.4391,100,True,關山,26.0,47.61,Low Risk
崙山社區活動中心,1鄰11-1號,花蓮縣卓溪鄉,花蓮縣卓溪鄉,121.3438,23.4393,50,True,關山,26.0,47.61,Low Risk
和興社區活動中心,和興村中華路305巷246號,嘉義縣中埔鄉,嘉義縣中埔鄉,120.4516,23.4394,30,True,嘉義,85.0,3.01,Low Risk
金蘭社區活動中心,金蘭村1鄰14號,嘉義縣中埔鄉,嘉義縣中埔鄉,120.5068,23.4401,30,True,嘉義,85.0,7.23,Low Risk
永慶高中[室外],信義二路1號,嘉義縣太保市,嘉義縣太保市,120.3404,23.4402,70,True,朴子,69.0,9.85,Low Risk
公田社區活動中心,番路鄉公田村6鄰34-1號,嘉義縣番路鄉,嘉義縣番路鄉,120.6382,23.441,35,True,嘉義,85.0,20.26,Low Risk
和睦社區活動中心,和睦村14鄰公?42-18號,嘉義縣中埔鄉,嘉義縣中埔鄉,120.4742,23.4427,30,True,嘉義,85.0,4.16,Low Risk
石?社區活動中心,石?村中山國小旁,嘉義縣中埔鄉,嘉義縣中埔鄉,120.4536,23.4428,50,True,嘉義,85.0,2.75,Low Risk
嘉義市垃圾焚化廠,湖子內路741號,嘉義市西區,嘉義市西區,120.44156,23.44316,150,True,嘉義,85.0,2.4,Low Risk
大崙國小-室外,111號,嘉義縣水上鄉,嘉義縣水上鄉,120.3584,23.4434,1000,True,嘉義,85.0,8.78,Low Risk
義仁社區活動中心,義仁村挖仔厝17號前面,嘉義縣中埔鄉,嘉義縣中埔鄉,120.529,23.4443,30,True,嘉義,85.0,9.24,Low Risk
春珠社區活動中心,1鄰8號,嘉義縣太保市,嘉義縣太保市,120.3299,23.4446,70,True,朴子,69.0,8.69,Low Risk
三和公園活動中心,和睦村13鄰中華路630巷43-3號,嘉義縣中埔鄉,嘉義縣中埔鄉,120.459,23.4447,30,True,嘉義,85.0,2.87,Low Risk
大有國小-室外,石頭厝17之1,嘉義縣中埔鄉,嘉義縣中埔鄉,120.4958,23.4456,50,True,嘉義,85.0,5.96,Low Risk
中山國小 室外,22號,嘉義縣中埔鄉,嘉義縣中埔鄉,120.4958,23.4456,100,True,嘉義,85.0,5.96,Low Risk
灣潭社區活動中心,灣潭村客庄15鄰15-7號,嘉義縣中埔鄉,嘉義縣中埔鄉,120.4597,23.4457,30,True,嘉義,85.0,2.84,Low Risk
逐鹿社區活動中心,18鄰梅花七路3巷1號,嘉義縣番路鄉,嘉義縣番路鄉,120.582035,23.448022,100,True,嘉義,85.0,14.48,Low Risk
洲仔代天府,4鄰44-1號,嘉義縣東石鄉,嘉義縣東石鄉,120.1945,23.4513,300,True,朴子,69.0,5.66,Low Risk
頂六國小-室外,頂山門25號,嘉義縣中埔鄉,嘉義縣中埔鄉,120.4632,23.4521,1200,True,嘉義,85.0,2.65,Low Risk
和睦國小綜合教室-室內,和美村後庄16號,嘉義縣中埔鄉,嘉義縣中埔鄉,120.463166,23.452229,100,True,嘉義,85.0,2.64,Low Risk
十字村活動中心,52號,嘉義縣阿里山鄉,嘉義縣阿里山鄉,120.7494,23.4531,20,True,南投（鹿谷）,29.0,29.89,Low Risk
達邦國小室內,1鄰1號,嘉義縣阿里山鄉,嘉義縣阿里山鄉,120.749376,23.453204,50,True,南投（鹿谷）,29.0,29.87,Low Risk
鴿溪寮活動中心,3鄰鴿溪寮23號,嘉義縣水上鄉,嘉義縣水上鄉,120.413159,23.453319,15,True,嘉義,85.0,3.14,Low Risk
興化?社區活動中心,富收村興化?23-60號,嘉義縣中埔鄉,嘉義縣中埔鄉,120.4712,23.4537,50,True,嘉義,85.0,3.29,Low Risk
大鄉國小[室外],560號,嘉義縣朴子市,嘉義縣朴子市,120.2612,23.4539,200,True,朴子,69.0,1.87,Low Risk
民和社區活動中心,4鄰12號,嘉義縣番路鄉,嘉義縣番路鄉,120.5879,23.4539,62,True,嘉義,85.0,15.01,Low Risk
北回國小-室外,榮典路100號,嘉義縣水上鄉,嘉義縣水上鄉,120.4098,23.4544,600,True,嘉義,85.0,3.41,Low Risk
福濟宮,3鄰150號,嘉義縣太保市,嘉義縣太保市,120.3293,23.4548,80,True,朴子,69.0,8.4,Low Risk
太保國中[室外],36號,嘉義縣太保市,嘉義縣太保市,120.329264,23.454862,600,True,朴子,69.0,8.39,Low Risk
田尾社區活動中心,2鄰田尾15號,嘉義縣太保市,嘉義縣太保市,120.3316,23.455,50,True,朴子,69.0,8.63,Low Risk
太保國小[室外],31號,嘉義縣太保市,嘉義縣太保市,120.3316,23.455,500,True,朴子,69.0,8.63,Low Risk
春日社區活動中心,75-1號,花蓮縣玉里鎮,花蓮縣玉里鎮,121.3967,23.455,35,True,關山,26.0,51.51,Low Risk
後潭社區發展協會,294號,嘉義縣太保市,嘉義縣太保市,120.3443,23.4553,50,True,朴子,69.0,9.91,Low Risk
奉天宮濟公廟,崎仔頭736之1號,嘉義縣水上鄉,嘉義縣水上鄉,120.4291,23.4555,180,True,嘉義,85.0,1.61,Low Risk
慈玄宮,溪興街28之2號,嘉義市東區,嘉義市東區,120.4566,23.4555,150,True,嘉義,85.0,1.87,Low Risk
祥和國小[室外],祥和二路西段9號,嘉義縣朴子市,嘉義縣朴子市,120.2871,23.4569,200,True,朴子,69.0,4.12,Low Risk
新福社區活動中心,6鄰14號,嘉義縣番路鄉,嘉義縣番路鄉,120.5304,23.4576,35,True,嘉義,85.0,9.13,Low Risk
東石鄉老人文康中心,151-10號,嘉義縣東石鄉,嘉義縣東石鄉,120.1506,23.4582,94,True,朴子,69.0,9.95,Low Risk
大鄉活動中心,大?榔197-3號,嘉義縣朴子市,嘉義縣朴子市,120.2622,23.4582,38,True,朴子,69.0,1.67,Low Risk
崙頂里集會所,4鄰21號,嘉義縣太保市,嘉義縣太保市,120.3111,23.4585,20,True,朴子,69.0,6.5,Low Risk
蘇厝活動中心,蘇厝村82號,嘉義縣六腳鄉,嘉義縣番路鄉,120.58654,23.458776,80,True,嘉義,85.0,14.83,Low Risk
東石鄉公所,3號,嘉義縣東石鄉,嘉義縣東石鄉,120.1537,23.4589,104,True,朴子,69.0,9.63,Low Risk
安東國小[室內],1號,嘉義縣太保市,嘉義縣太保市,120.3098,23.4589,30,True,朴子,69.0,6.37,Low Risk
安東國小[室外],1號,嘉義縣太保市,嘉義縣太保市,120.3098,23.4589,600,True,朴子,69.0,6.37,Low Risk
興安國民小學,興安街35號,嘉義市東區,嘉義市東區,120.4552,23.4597,450,True,嘉義,85.0,1.53,Low Risk
舞鶴社區活動中心,14鄰中正南路二段278號,花蓮縣瑞穗鄉,花蓮縣瑞穗鄉,121.3536,23.4602,100,True,關山,26.0,50.14,Low Risk
安仁社區活動中心,5鄰頂港子墘10之1號,嘉義縣太保市,嘉義縣太保市,120.3332,23.4603,30,True,朴子,69.0,8.73,Low Risk
光路社區活動中心,新民路555巷6號,嘉義市西區,嘉義市西區,120.44009,23.46073,40,True,嘉義,85.0,0.47,Low Risk
大同國小[室外],大同路239號,嘉義縣朴子市,嘉義縣朴子市,120.2406,23.4609,300,True,朴子,69.0,0.89,Low Risk
東石國小-室外,117號,嘉義縣東石鄉,嘉義縣東石鄉,120.1543,23.461,185,True,朴子,69.0,9.55,Low Risk
東石國小-室內,117號,嘉義縣東石鄉,嘉義縣東石鄉,120.1543,23.461,247,True,朴子,69.0,9.55,Low Risk
朴子國中[室外],大同路245號,嘉義縣朴子市,嘉義縣朴子市,120.2389,23.4611,400,True,朴子,69.0,1.02,Low Risk
靜浦國小大禮堂,64號,花蓮縣豐濱鄉,花蓮縣豐濱鄉,121.4954,23.4615,0,True,關山,26.0,57.49,Low Risk
東榮國中-室內,39-2號,嘉義縣東石鄉,嘉義縣東石鄉,120.1727,23.4619,37,True,朴子,69.0,7.67,Low Risk
東榮國中-室外,39-2號,嘉義縣東石鄉,嘉義縣東石鄉,120.1727,23.4619,481,True,朴子,69.0,7.67,Low Risk
半天岩紫雲寺-室內,2鄰岩仔6號,嘉義縣番路鄉,嘉義縣番路鄉,120.5953,23.4622,53,True,嘉義,85.0,15.72,Low Risk
內甕社區活動中心,3鄰38-29號,嘉義縣番路鄉,嘉義縣番路鄉,120.5234,23.4625,55,True,嘉義,85.0,8.38,Low Risk
內甕國小-室外,凸湖3鄰1-1號,嘉義縣番路鄉,嘉義縣番路鄉,120.5228,23.4631,480,True,嘉義,85.0,8.32,Low Risk
港墘國小-室內,64號,嘉義縣東石鄉,嘉義縣東石鄉,120.2138,23.4638,39,True,朴子,69.0,3.47,Low Risk
港墘國小-室外,64號,嘉義縣東石鄉,嘉義縣東石鄉,120.2138,23.4638,530,True,朴子,69.0,3.47,Low Risk
民和國小-室外,菜公店91號,嘉義縣番路鄉,嘉義縣番路鄉,120.5531,23.464,860,True,嘉義,85.0,11.41,Low Risk
民和國民小學-室內,菜公店91號,嘉義縣番路鄉,嘉義縣番路鄉,120.553073,23.46411,80,True,嘉義,85.0,11.41,Low Risk
嘉義市西區區公所,錦州二街２８號４樓,嘉義市西區,嘉義市西區,120.43538,23.4645,50,True,嘉義,85.0,0.6,Low Risk
老人文康中心,4鄰101-5號,嘉義縣番路鄉,嘉義縣番路鄉,120.554,23.4646,49,True,嘉義,85.0,11.5,Low Risk
番路社區活動中心,4鄰54號,嘉義縣番路鄉,嘉義縣番路鄉,120.5675,23.4648,22,True,嘉義,85.0,12.88,Low Risk
民和國中-室外,菜公店30號,嘉義縣番路鄉,嘉義縣番路鄉,120.555,23.465,1444,True,嘉義,85.0,11.6,Low Risk
朴子市公所,光復路34號,嘉義縣朴子市,嘉義縣朴子市,120.247,23.4651,34,True,朴子,69.0,0.09,Low Risk
興嘉國民小學,重慶路51號,嘉義市西區,嘉義市西區,120.43795,23.46525,2135,True,嘉義,85.0,0.34,Low Risk
東勢社區活動中心,8鄰東勢寮82號,嘉義縣太保市,嘉義縣太保市,120.3038,23.4658,30,True,朴子,69.0,5.71,Low Risk
朴子國小[室外],山通路11號,嘉義縣朴子市,嘉義縣朴子市,120.2479,23.4666,700,True,朴子,69.0,0.14,Low Risk
德武里原住民多功能活動中心,5鄰能雅79號,花蓮縣玉里鎮,花蓮縣玉里鎮,121.4074,23.4669,50,True,關山,26.0,53.19,Low Risk
南興國民中學,宣信街182號,嘉義市東區,嘉義市東區,120.4619,23.4672,800,True,嘉義,85.0,2.12,Low Risk
桃源國小[室內],7鄰78號,嘉義縣竹崎鄉,嘉義縣竹崎鄉,120.6656,23.4674,40,True,嘉義,85.0,22.89,Low Risk
桃源國小[戶外],7鄰78號,嘉義縣竹崎鄉,嘉義縣竹崎鄉,120.6656,23.4674,200,True,嘉義,85.0,22.89,Low Risk
東石國中[室外],山通路6號,嘉義縣朴子市,嘉義縣朴子市,120.2504,23.4677,3300,True,朴子,69.0,0.37,Low Risk
玉山國民中學,友忠路1號,嘉義市西區,嘉義市西區,120.42559,23.46814,605,True,嘉義,85.0,1.64,Low Risk
阿里山聯合社區活動中心,52號,嘉義縣阿里山鄉,嘉義縣阿里山鄉,120.7014,23.4685,50,True,嘉義,85.0,26.54,Low Risk
阿里山國民中小學室內,1鄰31號,嘉義縣阿里山鄉,嘉義縣阿里山鄉,120.701425,23.469062,100,True,嘉義,85.0,26.54,Low Risk
朴子配天宮,黎明路1-2號,嘉義縣朴子市,嘉義縣朴子市,120.2466,23.4694,750,True,朴子,69.0,0.46,Low Risk
嘉南社區活動中心,興業東路311號,嘉義市東區,嘉義市東區,120.4564,23.4697,35,True,嘉義,85.0,1.64,Low Risk
宣信國民小學,宣信街266號,嘉義市東區,嘉義市東區,120.4587,23.4707,445,True,嘉義,85.0,1.9,Low Risk
三家福靈宮,8鄰73-3號,嘉義縣東石鄉,嘉義縣東石鄉,120.1725,23.4709,118,True,朴子,69.0,7.7,Low Risk
三江國小-室內,16號,嘉義縣東石鄉,嘉義縣東石鄉,120.1744,23.4713,28,True,朴子,69.0,7.52,Low Risk
三江國小-室外,16號,嘉義縣東石鄉,嘉義縣東石鄉,120.1744,23.4713,136,True,朴子,69.0,7.52,Low Risk
塭港國小-室內,170號,嘉義縣東石鄉,嘉義縣東石鄉,120.1459,23.4717,75,True,朴子,69.0,10.42,Low Risk
塭港國小-室外,170號,嘉義縣東石鄉,嘉義縣東石鄉,120.1459,23.4717,211,True,朴子,69.0,10.42,Low Risk
鄉屬災變庇護所,69之2號,嘉義縣阿里山鄉,嘉義縣阿里山鄉,120.713709,23.471777,120,True,嘉義,85.0,27.8,Low Risk
港坪社區活動中心,育人路165巷48號,嘉義市西區,嘉義市西區,120.41697,23.47179,30,True,嘉義,85.0,2.6,Low Risk
大同國民小學,成功街15號,嘉義市西區,嘉義市西區,120.44563,23.47214,800,True,嘉義,85.0,0.93,Low Risk
志航國民小學,世賢路四段141號,嘉義市西區,嘉義市西區,120.43871,23.47228,163,True,嘉義,85.0,0.87,Low Risk
垂楊國民小學,垂楊路605號,嘉義市西區,嘉義市西區,120.4,23.4723,3043,True,嘉義,85.0,4.29,Low Risk
興南里集會所,崇文街76號,嘉義市東區,嘉義市東區,120.4547,23.4723,35,True,嘉義,85.0,1.61,Low Risk
義仁國小[室內],4鄰山子門22號,嘉義縣竹崎鄉,嘉義縣竹崎鄉,120.6703,23.4726,20,True,嘉義,85.0,23.38,Low Risk
義仁國小[戶外],4鄰山子門22號,嘉義縣竹崎鄉,嘉義縣竹崎鄉,120.6703,23.4726,120,True,嘉義,85.0,23.38,Low Risk
鹿滿國小[戶外],鹿鳴路2號,嘉義縣竹崎鄉,嘉義縣竹崎鄉,120.6703,23.4726,300,True,嘉義,85.0,23.38,Low Risk
育人國民小學,育人路211號,嘉義市西區,嘉義市西區,120.416728,23.47272,310,True,嘉義,85.0,2.65,Low Risk
崇文國民小學,垂楊路241號,嘉義市東區,嘉義市東區,120.4528,23.4735,650,True,嘉義,85.0,1.53,Low Risk
龍山國小[室內],水道頭70號,嘉義縣竹崎鄉,嘉義縣竹崎鄉,120.586,23.4735,70,True,嘉義,85.0,14.8,Low Risk
龍山國小[戶外],水道頭70號,嘉義縣竹崎鄉,嘉義縣竹崎鄉,120.586,23.4735,800,True,嘉義,85.0,14.8,Low Risk
何庄社區活動中心,育人路611號,嘉義市西區,嘉義市西區,120.4068,23.47354,30,True,嘉義,85.0,3.65,Low Risk
賓朗村活動中心,賓朗村18鄰賓朗路474巷3號,臺東縣卑南鄉,南投縣信義鄉,121.027413,23.47397,50,True,南投（鹿谷）,29.0,36.11,Low Risk
永和里集會所,康樂街259號,嘉義市西區,嘉義市西區,120.44037,23.47406,30,True,嘉義,85.0,1.04,Low Risk
港尾社區活動中心,1鄰9號,嘉義縣太保市,嘉義縣太保市,120.3747,23.4745,100,True,嘉義,85.0,6.87,Low Risk
港口活動中心,7鄰118號,花蓮縣豐濱鄉,花蓮縣豐濱鄉,121.5043,23.4745,0,True,花蓮,40.0,56.09,Low Risk
大湖國小-室內,下坪仔8號,嘉義縣番路鄉,嘉義縣番路鄉,120.6204,23.475,53,True,嘉義,85.0,18.31,Low Risk
大湖國小-室外,下坪仔8號,嘉義縣番路鄉,嘉義縣番路鄉,120.6204,23.475,200,True,嘉義,85.0,18.31,Low Risk
蘭潭國民小學,小雅路419號,嘉義市東區,嘉義市東區,120.4715,23.4753,200,True,嘉義,85.0,3.3,Low Risk
內埔國小[室內],元興路2號,嘉義縣竹崎鄉,嘉義縣竹崎鄉,120.5646,23.4756,300,True,嘉義,85.0,12.64,Low Risk
內埔國小[戶外],元興路2號,嘉義縣竹崎鄉,嘉義縣竹崎鄉,120.5646,23.4756,650,True,嘉義,85.0,12.64,Low Risk
民族國民小學,民族路189號,嘉義市東區,嘉義市東區,120.4552,23.476,190,True,嘉義,85.0,1.89,Low Risk
大業國民中學,大業街57號,嘉義市東區,嘉義市東區,120.4552,23.476,388,True,嘉義,85.0,1.89,Low Risk
江西社區活動中心,4鄰3號,嘉義縣番路鄉,嘉義縣番路鄉,120.5275,23.4764,53,True,嘉義,85.0,8.89,Low Risk
港坪運動公園,大同路100號,嘉義市西區,嘉義市西區,120.422306,23.476678,1000,False,嘉義,85.0,2.34,Warning
白杞社區活動中心,白杞村4鄰白杞42-1號,嘉義縣竹崎鄉,嘉義縣竹崎鄉,120.6976,23.4774,40,True,嘉義,85.0,26.18,Low Risk
東區區公所,吳鳳北路184號,嘉義市東區,嘉義市東區,120.4534,23.4787,30,True,嘉義,85.0,1.98,Low Risk
嘉義市立棒球場,山仔頂249-1號,嘉義市東區,嘉義市東區,120.4534,23.4787,1000,False,嘉義,85.0,1.98,Warning
港坪國民小學,四維路63號,嘉義市西區,嘉義市西區,120.424545,23.47935,420,True,嘉義,85.0,2.35,Low Risk
蘭潭國民中學,民權東路32號,嘉義市東區,嘉義市東區,120.4814,23.4822,270,True,嘉義,85.0,4.53,Low Risk
大湖社區活動中心,番路鄉大湖村10鄰火燒寮1-1號,嘉義縣番路鄉,嘉義縣番路鄉,120.6236,23.4824,44,True,嘉義,85.0,18.7,Low Risk
更寮國小-室外,更寮村19號,嘉義縣六腳鄉,嘉義縣六腳鄉,120.239859,23.482948,560,True,朴子,69.0,2.11,Low Risk
雙溪國小[室外],30號,嘉義縣朴子市,嘉義縣朴子市,120.2778,23.4841,400,True,朴子,69.0,3.7,Low Risk
文雅國民小學,文雅街2號,嘉義市東區,嘉義市東區,120.4873,23.4841,200,True,嘉義,85.0,5.16,Low Risk
僑平國民小學,德安路10號,嘉義市西區,嘉義市西區,120.43241,23.48415,274,True,嘉義,85.0,2.34,Low Risk
雙溪口活動中心,雙溪口40-2號,嘉義縣朴子市,嘉義縣朴子市,120.2741,23.4844,63,True,朴子,69.0,3.42,Low Risk
龍港國小-室外,113號,嘉義縣東石鄉,嘉義縣東石鄉,120.177,23.4846,454,True,朴子,69.0,7.53,Low Risk
新埤國小[室外],214號,嘉義縣太保市,嘉義縣太保市,120.3347,23.4851,700,True,新港,70.0,7.83,Low Risk
圓崇國小[室內],387巷28號,嘉義縣竹崎鄉,嘉義縣竹崎鄉,120.5578,23.4853,100,True,嘉義,85.0,12.1,Low Risk
圓崇國小[戶外],387巷28號,嘉義縣竹崎鄉,嘉義縣竹崎鄉,120.5578,23.4853,600,True,嘉義,85.0,12.1,Low Risk
老人文康中心,5鄰214-12號,嘉義縣太保市,嘉義縣太保市,120.3348,23.4859,100,True,新港,70.0,7.74,Low Risk
王田里集會所,五福街119號,嘉義市東區,嘉義市東區,120.4679,23.4867,50,True,嘉義,85.0,3.65,Low Risk
復金社區活動中心,復金村復鼎金59-1號,嘉義縣竹崎鄉,嘉義縣竹崎鄉,120.5152,23.4867,30,True,嘉義,85.0,7.93,Low Risk
龍山社區活動中心,龍山村14鄰大庭23號,嘉義縣竹崎鄉,嘉義縣竹崎鄉,120.5152,23.4867,50,True,嘉義,85.0,7.93,Low Risk
光華國小[室內],4鄰10號,嘉義縣竹崎鄉,嘉義縣竹崎鄉,120.5759,23.4869,50,True,嘉義,85.0,13.95,Low Risk
光華國小[戶外],4鄰10號,嘉義縣竹崎鄉,嘉義縣竹崎鄉,120.5759,23.4869,160,True,嘉義,85.0,13.95,Low Risk
嘉義國民中學,圓福街86號,嘉義市東區,嘉義市東區,120.4647,23.487,757,True,嘉義,85.0,3.44,Low Risk
埤鄉社區活動中心,5鄰埤麻腳77號,嘉義縣太保市,嘉義縣太保市,120.3872,23.4873,80,True,嘉義,85.0,6.05,Low Risk
下楫國小-室內,147號,嘉義縣東石鄉,嘉義縣東石鄉,120.1965,23.4875,63,True,朴子,69.0,5.78,Low Risk
下楫國小-室外,147號,嘉義縣東石鄉,嘉義縣東石鄉,120.1965,23.4875,469,True,朴子,69.0,5.78,Low Risk
世賢國民小學,世賢路一段687號,嘉義市西區,嘉義市西區,120.42788,23.4893,343,True,嘉義,85.0,3.05,Low Risk
林森國民小學,林森東路346號,嘉義市東區,嘉義市東區,120.4666,23.4895,388,True,嘉義,85.0,3.77,Low Risk
北興國民中學,忠孝路394號,嘉義市東區,嘉義市東區,120.4532,23.4906,319,True,嘉義,85.0,3.12,Low Risk
鹿滿社區活動中心,鹿滿村7鄰麻箕埔95-1號,嘉義縣竹崎鄉,嘉義縣竹崎鄉,120.5067,23.4907,50,True,嘉義,85.0,7.27,Low Risk
瑞穗青蓮寺,仁愛路109號,花蓮縣瑞穗鄉,花蓮縣瑞穗鄉,121.3904,23.4909,100,True,關山,26.0,54.79,Low Risk
新厝社區活動中心,龍江街87號,嘉義市西區,嘉義市西區,120.440796,23.490995,35,True,嘉義,85.0,2.92,Low Risk
花蓮縣鶴岡國民小學,167 號,花蓮縣瑞穗鄉,花蓮縣瑞穗鄉,121.39,23.4913,100,True,關山,26.0,54.81,Low Risk
博愛國民小學,友愛路822號,嘉義市西區,嘉義市西區,120.44401,23.49159,210,True,嘉義,85.0,2.99,Low Risk
精忠社區活動中心,精忠一村1之6號,嘉義市東區,嘉義市東區,120.4768,23.4916,50,True,嘉義,85.0,4.69,Low Risk
豐山國小室內,47號,嘉義縣阿里山鄉,嘉義縣阿里山鄉,120.754,23.4924,40,True,南投（鹿谷）,29.0,25.5,Low Risk
瑞良社區活動中心,4鄰信義路3號,花蓮縣瑞穗鄉,花蓮縣瑞穗鄉,121.394,23.4924,30,True,關山,26.0,55.1,Low Risk
下埤社區活動中心,頂埤57號,嘉義市西區,嘉義市西區,120.41256,23.49248,35,True,嘉義,85.0,4.25,Low Risk
十字國小室內,16號,嘉義縣阿里山鄉,嘉義縣阿里山鄉,120.75402,23.492485,80,True,南投（鹿谷）,29.0,25.49,Low Risk
蒜頭國小-室外,蒜頭村188號,嘉義縣六腳鄉,嘉義縣六腳鄉,120.291893,23.493083,320,True,朴子,69.0,5.45,Low Risk
花蓮縣瑞穗鄉瑞美國民小學,中山路二段389號,花蓮縣瑞穗鄉,花蓮縣瑞穗鄉,121.3916,23.4931,50,True,關山,26.0,55.06,Low Risk
嘉北國民小學,嘉北街65號,嘉義市東區,嘉義市東區,120.4551,23.4935,230,True,嘉義,85.0,3.49,Low Risk
瑞美社區活動中心,13鄰中山路二段387號,花蓮縣瑞穗鄉,花蓮縣瑞穗鄉,121.3912,23.4937,30,True,關山,26.0,55.11,Low Risk
蒜頭國小活動中心-室內,蒜頭村188號,嘉義縣六腳鄉,嘉義縣六腳鄉,120.292893,23.494022,470,True,朴子,69.0,5.59,Low Risk
蒜頭活動中心,蒜頭村73號,嘉義縣六腳鄉,嘉義縣六腳鄉,120.290764,23.494055,30,True,朴子,69.0,5.42,Low Risk
奇美社區活動中心,2鄰40號,花蓮縣瑞穗鄉,花蓮縣瑞穗鄉,121.4467,23.4942,20,True,花蓮,40.0,55.29,Low Risk
北園國民小學,北社尾路168號,嘉義市西區,嘉義市西區,120.42565,23.49452,430,True,嘉義,85.0,3.67,Low Risk
金獅社區活動中心,金獅村11鄰金獅寮31號,嘉義縣竹崎鄉,嘉義縣竹崎鄉,120.5413,23.4946,10,True,嘉義,85.0,10.73,Low Risk
港口宮,5號,嘉義縣東石鄉,嘉義縣東石鄉,120.1864,23.4949,100,True,朴子,69.0,7.07,Low Risk
北園國民中學,北社尾路166巷12號,嘉義市西區,嘉義市西區,120.42663,23.49517,377,True,嘉義,85.0,3.69,Low Risk
六腳鄉老人文康中心,188號之5,嘉義縣六腳鄉,嘉義縣六腳鄉,120.2931,23.4952,240,True,朴子,69.0,5.69,Low Risk
春梅社區活動中心,10鄰梅子厝71-1號,嘉義縣太保市,嘉義縣太保市,120.3867,23.4952,30,True,嘉義,85.0,6.51,Low Risk
太保國小[室內],31號,嘉義縣太保市,嘉義縣太保市,120.3867,23.4952,180,True,嘉義,85.0,6.51,Low Risk
紅葉社區活動中心,1鄰9號,花蓮縣萬榮鄉,花蓮縣萬榮鄉,121.3446,23.4954,50,True,關山,26.0,53.44,Low Risk
南新國小[室內],10鄰中山路一段140號,嘉義縣太保市,嘉義縣太保市,120.3845,23.497,187,True,嘉義,85.0,6.81,Low Risk
南新國小[室外],10鄰中山路一段140號,嘉義縣太保市,嘉義縣太保市,120.3845,23.497,800,True,嘉義,85.0,6.81,Low Risk
花蓮縣立瑞穗國民中學,成功北路18號,花蓮縣瑞穗鄉,花蓮縣瑞穗鄉,121.3759,23.4982,200,True,關山,26.0,54.92,Low Risk
中和國小[室內],奮起湖215號,嘉義縣竹崎鄉,嘉義縣竹崎鄉,120.5344,23.4988,20,True,嘉義,85.0,10.23,Low Risk
中和國小[戶外],奮起湖215號,嘉義縣竹崎鄉,嘉義縣竹崎鄉,120.5344,23.4988,100,True,嘉義,85.0,10.23,Low Risk
沙坑國小[戶外],8鄰水坑57之2號,嘉義縣竹崎鄉,嘉義縣竹崎鄉,120.5344,23.4988,200,True,嘉義,85.0,10.23,Low Risk
頂庄社區活動中心,義教街542巷20號,嘉義市東區,嘉義市東區,120.4577,23.4991,30,True,嘉義,85.0,4.17,Low Risk
水牛厝社區活動中心,4鄰仁愛路25號,嘉義縣太保市,嘉義縣太保市,120.3857,23.4992,100,True,嘉義,85.0,6.84,Low Risk
過溝社區活動中心,4鄰過溝36-5號,嘉義縣太保市,嘉義縣太保市,120.3599,23.4996,70,True,新港,70.0,6.31,Low Risk
瑞祥社區活動中心,4鄰祥北路二段127號,花蓮縣瑞穗鄉,花蓮縣瑞穗鄉,121.3588,23.4998,30,True,關山,26.0,54.41,Low Risk
瑞穗社區活動中心,14鄰民生街41號,花蓮縣瑞穗鄉,花蓮縣瑞穗鄉,121.3787,23.4998,30,True,關山,26.0,55.2,Low Risk
灣內國小-室外,15鄰6號,嘉義縣六腳鄉,嘉義縣六腳鄉,120.312561,23.499803,930,True,新港,70.0,6.98,Low Risk
麻寮古恩宮集會所,13鄰中山路二段250號,嘉義縣太保市,嘉義縣太保市,120.3682,23.4999,70,True,新港,70.0,6.53,Low Risk
嘉新國中[室外],17鄰中興路一段250號,嘉義縣太保市,嘉義縣太保市,120.378286,23.500064,600,True,新港,70.0,6.95,Low Risk
後湖社區活動中心,保義路60巷40號,嘉義市東區,嘉義市東區,120.4537,23.5011,25,True,嘉義,85.0,4.23,Low Risk
鹿滿國小[室內],鹿滿村鹿鳴路2號,嘉義縣竹崎鄉,嘉義縣竹崎鄉,120.6983,23.5015,60,True,南投（鹿谷）,29.0,26.06,Low Risk
六嘉國中禮堂-室內,樹仁路1號,嘉義縣六腳鄉,嘉義縣六腳鄉,120.292165,23.501676,90,True,朴子,69.0,6.06,Low Risk
六嘉國中-室外,樹仁路1號,嘉義縣六腳鄉,嘉義縣六腳鄉,120.292165,23.501676,3000,True,朴子,69.0,6.06,Low Risk
竹崎國小[戶外],文化路32號,嘉義縣竹崎鄉,嘉義縣竹崎鄉,120.5631,23.5023,950,True,嘉義,85.0,13.11,Low Risk
中華社區活動中心,中和村奮起湖150號,嘉義縣竹崎鄉,嘉義縣竹崎鄉,120.5356,23.503,80,True,嘉義,85.0,10.52,Low Risk
竹崎高中[戶外],文化路23號,嘉義縣竹崎鄉,嘉義縣竹崎鄉,120.5129,23.5033,500,True,嘉義,85.0,8.47,Low Risk
豐裡活動中心,中山路257號,花蓮縣壽豐鄉,花蓮縣卓溪鄉,121.3021,23.5034,42,True,關山,26.0,52.94,Low Risk
竹崎國小[室內],竹崎村文化路32號,嘉義縣竹崎鄉,嘉義縣竹崎鄉,120.6951,23.505,80,True,南投（鹿谷）,29.0,25.83,Low Risk
昇平國中[室內],元興路138號,嘉義縣竹崎鄉,嘉義縣竹崎鄉,120.499,23.5069,20,True,嘉義,85.0,7.52,Low Risk
昇平國中[戶外],元興路138號,嘉義縣竹崎鄉,嘉義縣竹崎鄉,120.499,23.5069,950,True,嘉義,85.0,7.52,Low Risk
大崎村辦公處暨社區活動中心,大崎腳17-5號,嘉義縣民雄鄉,嘉義縣民雄鄉,120.465,23.5076,60,True,嘉義（建國路）,78.0,5.32,Low Risk
荖藤社區活動中心,29之1號,嘉義市東區,嘉義市東區,120.4449,23.5086,45,True,嘉義（建國路）,78.0,4.25,Low Risk
六腳國小-室內,六腳村105號,嘉義縣六腳鄉,嘉義縣六腳鄉,120.251814,23.509078,60,True,朴子,69.0,4.88,Low Risk
六腳國小-室外,六腳村105號,嘉義縣六腳鄉,嘉義縣六腳鄉,120.251814,23.509078,530,True,朴子,69.0,4.88,Low Risk
福興村廣興宮室內,6鄰30號,嘉義縣民雄鄉,嘉義縣民雄鄉,120.4259,23.5097,61,True,嘉義（建國路）,78.0,4.0,Low Risk
福興村廣興宮室外,6鄰30號,嘉義縣民雄鄉,嘉義縣民雄鄉,120.4259,23.5097,100,True,嘉義（建國路）,78.0,4.0,Low Risk
鶴岡社區活動中心,14鄰85之6號,花蓮縣瑞穗鄉,花蓮縣瑞穗鄉,121.3911,23.5097,30,True,花蓮,40.0,55.55,Low Risk
福興社區活動中心,牛稠溪68-3號,嘉義縣民雄鄉,嘉義縣民雄鄉,120.4278,23.5098,55,True,嘉義（建國路）,78.0,3.96,Low Risk
水仙宮室內,南港5鄰58號,嘉義縣新港鄉,嘉義縣新港鄉,120.3363,23.51,400,True,新港,70.0,5.07,Low Risk
大崎國小-室外,林子尾66號,嘉義縣民雄鄉,嘉義縣民雄鄉,120.4722,23.5117,50,True,嘉義（建國路）,78.0,5.48,Low Risk
大崎國小-室內,秀林村林子尾66號,嘉義縣民雄鄉,嘉義縣民雄鄉,120.4722,23.5117,50,True,嘉義（建國路）,78.0,5.48,Low Risk
秀林村辦公處暨社區活動中心,林子尾38-1號,嘉義縣民雄鄉,嘉義縣民雄鄉,120.4778,23.5139,112,True,嘉義（建國路）,78.0,5.76,Low Risk
蔦松國小,松中村蔦松路213號　,雲林縣水林鄉,雲林縣水林鄉,120.2297,23.514,300,True,朴子,69.0,5.71,Low Risk
金興村辦公處暨社區活動中心,頭橋1200號,嘉義縣民雄鄉,嘉義縣民雄鄉,120.4372,23.5142,100,True,嘉義（建國路）,78.0,3.47,Low Risk
中興國小,瓊埔村瓊埔路48號　,雲林縣水林鄉,雲林縣水林鄉,120.2101,23.5145,100,True,朴子,69.0,6.68,Low Risk
安和國小室內,安和46號,嘉義縣新港鄉,嘉義縣新港鄉,120.3129,23.5147,48,True,新港,70.0,5.57,Low Risk
安和國小室外,46號,嘉義縣新港鄉,嘉義縣新港鄉,120.3129,23.5147,100,True,新港,70.0,5.57,Low Risk
中興國小[室內],石棹10號之1,嘉義縣竹崎鄉,嘉義縣竹崎鄉,120.6063,23.5149,30,True,嘉義,85.0,17.73,Low Risk
中興國小[戶外],石棹10號之1,嘉義縣竹崎鄉,嘉義縣竹崎鄉,120.6063,23.5149,400,True,嘉義,85.0,17.73,Low Risk
大吉國中-室外,內埔仔2-1號,嘉義縣民雄鄉,嘉義縣民雄鄉,120.4874,23.5155,50,True,嘉義（建國路）,78.0,6.48,Low Risk
大吉國中-室內,內埔仔2-1號,嘉義縣民雄鄉,嘉義縣民雄鄉,120.4874,23.5155,50,True,嘉義（建國路）,78.0,6.48,Low Risk
紫雲社區活動中心,紫雲村11鄰大竹圍3-2號,嘉義縣竹崎鄉,嘉義縣竹崎鄉,120.5731,23.5158,50,True,嘉義,85.0,14.59,Low Risk
香林國小室內,2鄰41號,嘉義縣阿里山鄉,嘉義縣阿里山鄉,120.808613,23.516493,100,True,南投（鹿谷）,29.0,22.53,Low Risk
竹崎老人文康中心,竹崎村中正路95號,嘉義縣竹崎鄉,嘉義縣竹崎鄉,120.5918,23.5184,60,True,嘉義,85.0,16.47,Low Risk
山中村辦公處暨社區活動中心,山中78-1號,嘉義縣民雄鄉,嘉義縣民雄鄉,120.4056,23.5194,106,True,嘉義（建國路）,78.0,3.97,Low Risk
月眉國小室內,月眉123號,嘉義縣新港鄉,嘉義縣新港鄉,120.3517,23.5202,500,True,新港,70.0,3.9,Low Risk
月眉國小室外,月眉124號,嘉義縣新港鄉,嘉義縣新港鄉,120.3517,23.5202,1229,True,新港,70.0,3.9,Low Risk
義和社區活動中心,義和村4鄰山子門23號,嘉義縣竹崎鄉,嘉義縣竹崎鄉,120.5532,23.5213,30,True,嘉義（建國路）,78.0,12.57,Low Risk
義隆社區活動中心,義隆村3鄰山知崙7-1號,嘉義縣竹崎鄉,嘉義縣竹崎鄉,120.5532,23.5213,30,True,嘉義（建國路）,78.0,12.57,Low Risk
坑頭村活動中心,坑頭村8鄰復原莊20號,嘉義縣竹崎鄉,嘉義縣竹崎鄉,120.5544,23.5214,20,True,嘉義（建國路）,78.0,12.69,Low Risk
光華社區活動中心,光華村5鄰27之1號,嘉義縣竹崎鄉,嘉義縣竹崎鄉,120.5544,23.5214,40,True,嘉義（建國路）,78.0,12.69,Low Risk
嘉義縣竹崎鄉昇平村收容所暨防災物資整備所,6鄰頂埔96號之1,嘉義縣竹崎鄉,嘉義縣竹崎鄉,120.5544,23.5214,80,True,嘉義（建國路）,78.0,12.69,Low Risk
蔦松國中,松北村蔦松路1-1號　,雲林縣水林鄉,雲林縣水林鄉,120.2304,23.5217,500,True,朴子,69.0,6.51,Low Risk
興南村集會所,頭橋97號,嘉義縣民雄鄉,嘉義縣民雄鄉,120.438,23.5228,91,True,嘉義（建國路）,78.0,2.54,Low Risk
景陽宮,松北村松東路24號,雲林縣水林鄉,雲林縣水林鄉,120.2364,23.5235,300,True,朴子,69.0,6.57,Low Risk
灣橋社區活動中心,灣橋村16鄰灣橋172號,嘉義縣竹崎鄉,嘉義縣竹崎鄉,120.5064,23.5242,60,True,嘉義（建國路）,78.0,7.87,Low Risk
水井活動中心,152號,雲林縣口湖鄉,雲林縣口湖鄉,120.179136,23.524732,100,True,朴子,69.0,9.62,Low Risk
福樂村辦公處暨社區活動中心,新生一街1號,嘉義縣民雄鄉,嘉義縣民雄鄉,120.4487,23.5263,128,True,嘉義（建國路）,78.0,2.65,Low Risk
興中國小-室外,江厝店30號,嘉義縣民雄鄉,嘉義縣民雄鄉,120.42,23.5266,150,True,嘉義（建國路）,78.0,2.43,Low Risk
興中國小-室內,江厝店30號,嘉義縣民雄鄉,嘉義縣民雄鄉,120.42,23.5266,150,True,嘉義（建國路）,78.0,2.43,Low Risk
瑞北社區活動中心,4鄰祥北路一段54之1號,花蓮縣瑞穗鄉,花蓮縣瑞穗鄉,121.3765,23.5267,30,True,花蓮,40.0,54.41,Low Risk
興中村辦公處暨社區活動中心,江厝店29-4號,嘉義縣民雄鄉,嘉義縣民雄鄉,120.4206,23.5273,128,True,嘉義（建國路）,78.0,2.33,Low Risk
竹崎高中[室內],竹崎村文化路23號,嘉義縣竹崎鄉,嘉義縣竹崎鄉,120.5694,23.5281,100,True,嘉義（建國路）,78.0,14.06,Low Risk
福樂國小教室,光明二街191號,嘉義縣民雄鄉,嘉義縣民雄鄉,120.452072,23.528949,100,True,嘉義（建國路）,78.0,2.67,Low Risk
福樂國小操場,光明二街191號,嘉義縣民雄鄉,嘉義縣民雄鄉,120.452072,23.528949,200,True,嘉義（建國路）,78.0,2.67,Low Risk
沙坑社區活動中心,沙坑村8鄰水坑56之8號,嘉義縣竹崎鄉,嘉義縣竹崎鄉,120.5196,23.5293,20,True,嘉義（建國路）,78.0,9.03,Low Risk
樂野村社區活動中心,56號,嘉義縣阿里山鄉,嘉義縣阿里山鄉,120.74,23.5296,50,True,南投（鹿谷）,29.0,21.74,Low Risk
來吉國小室內,4鄰91號,嘉義縣阿里山鄉,嘉義縣阿里山鄉,120.740007,23.529713,50,True,南投（鹿谷）,29.0,21.73,Low Risk
獅埜社區活動中心,獅埜村8鄰許厝8之1號,嘉義縣竹崎鄉,嘉義縣竹崎鄉,120.5206,23.5303,80,True,嘉義（建國路）,78.0,9.11,Low Risk
文光國小湖口分校,30號,雲林縣口湖鄉,雲林縣口湖鄉,120.164704,23.530488,150,True,朴子,69.0,11.15,Low Risk
北斗村辦公處暨社區活動中心,北勢子19-4號,嘉義縣民雄鄉,嘉義縣民雄鄉,120.4564,23.5333,82,True,嘉義（建國路）,78.0,2.75,Low Risk
秀林國小風雨教室、操場,3鄰北勢子17號,嘉義縣民雄鄉,嘉義縣民雄鄉,120.4571,23.5341,200,True,嘉義（建國路）,78.0,2.77,Low Risk
?福村辦公處暨社區活動中心,7鄰60號,嘉義縣民雄鄉,嘉義縣民雄鄉,120.4424,23.5344,43,True,嘉義（建國路）,78.0,1.55,Low Risk
中央村辦公處暨社區活動中心,田中央77號,嘉義縣民雄鄉,嘉義縣民雄鄉,120.4051,23.5357,67,True,嘉義（建國路）,78.0,3.0,Low Risk
後厝社區活動中心,8鄰110號,雲林縣口湖鄉,雲林縣口湖鄉,120.195009,23.536117,200,True,朴子,69.0,9.53,Low Risk
文隆村辦公處暨社區活動中心,鴨母 47-7號,嘉義縣民雄鄉,嘉義縣民雄鄉,120.4201,23.5374,72,True,嘉義（建國路）,78.0,1.54,Low Risk
和安國小,溪墘村溪墘厝41號,雲林縣水林鄉,雲林縣水林鄉,120.2654,23.5379,150,True,朴子,69.0,8.26,Low Risk
文正國小,山腳村蕃東路1號　,雲林縣水林鄉,雲林縣水林鄉,120.2248,23.5392,300,True,朴子,69.0,8.54,Low Risk
瑞里社區活動中心,幼葉林55號,嘉義縣梅山鄉,嘉義縣梅山鄉,120.6742,23.5393,50,True,斗六,83.0,23.27,Low Risk
瑞里國小[室外],112號,嘉義縣梅山鄉,嘉義縣梅山鄉,120.665,23.54,100,True,斗六,83.0,22.69,Low Risk
松山村辦公處暨社區活動中心,4鄰43號,嘉義縣民雄鄉,嘉義縣民雄鄉,120.4761,23.5401,26,True,嘉義（建國路）,78.0,4.46,Low Risk
六美國小-室外,六斗村31號,嘉義縣六腳鄉,嘉義縣六腳鄉,120.293455,23.540259,620,True,新港,70.0,5.55,Low Risk
松山國小-室外,松子?43-1號,嘉義縣民雄鄉,嘉義縣民雄鄉,120.4751,23.5403,100,True,嘉義（建國路）,78.0,4.36,Low Risk
松山國小3樓多功能教室有電梯,松子腳43之1號,嘉義縣民雄鄉,嘉義縣民雄鄉,120.4751,23.5403,150,True,嘉義（建國路）,78.0,4.36,Low Risk
太興社區活動中心,太興5號,嘉義縣梅山鄉,嘉義縣梅山鄉,120.6345,23.5415,50,True,嘉義（建國路）,78.0,20.58,Low Risk
文光國小,文光路100號,雲林縣口湖鄉,雲林縣口湖鄉,120.189714,23.54171,100,True,朴子,69.0,10.35,Low Risk
太興國小[室外],4號,嘉義縣梅山鄉,嘉義縣梅山鄉,120.6216,23.5423,150,True,嘉義（建國路）,78.0,19.26,Low Risk
六美國小-室內,六斗村31號,嘉義縣六腳鄉,嘉義縣六腳鄉,120.2867,23.5431,60,True,新港,70.0,6.14,Low Risk
西昌村辦公處暨社區活動中心,竹子腳1-2號,嘉義縣民雄鄉,嘉義縣民雄鄉,120.3831,23.544,96,True,新港,70.0,4.01,Low Risk
梧南社區活動中心,文光路56之1號,雲林縣口湖鄉,雲林縣口湖鄉,120.190082,23.544428,80,True,朴子,69.0,10.58,Low Risk
平和村辦公處暨社區活動中心,雙援15-2號,嘉義縣民雄鄉,嘉義縣民雄鄉,120.3933,23.5451,37,True,嘉義（建國路）,78.0,4.01,Low Risk
宜梧國中,光明路1號,雲林縣口湖鄉,雲林縣口湖鄉,120.189073,23.545737,500,True,朴子,69.0,10.76,Low Risk
梧北社區活動中心,復興路175-6號,雲林縣口湖鄉,雲林縣口湖鄉,120.19025,23.548496,100,True,朴子,69.0,10.95,Low Risk
中和村辦公處暨社區活動中心,社溝38-1號,嘉義縣民雄鄉,嘉義縣民雄鄉,120.4129,23.5493,86,True,嘉義（建國路）,78.0,2.07,Low Risk
東湖村辦公處暨社區活動中心,東勢湖174號,嘉義縣民雄鄉,嘉義縣民雄鄉,120.4406,23.5503,97,True,嘉義（建國路）,78.0,0.99,Low Risk
安靖國小[室外],柿子寮3號,嘉義縣梅山鄉,嘉義縣梅山鄉,120.5781,23.5527,150,True,嘉義（建國路）,78.0,14.85,Low Risk
文昌國小室內,古民街12號,嘉義縣新港鄉,嘉義縣新港鄉,120.3505,23.5537,200,True,新港,70.0,0.52,Low Risk
文昌國小室外,古民街12號,嘉義縣新港鄉,嘉義縣新港鄉,120.3505,23.5537,400,True,新港,70.0,0.52,Low Risk
東光基督長老教會,開高巷9號,南投縣信義鄉,南投縣信義鄉,120.927346,23.554004,150,True,南投（鹿谷）,29.0,22.77,Low Risk
民雄國小-室外,民族路43號,嘉義縣民雄鄉,嘉義縣民雄鄉,120.4294,23.5551,300,True,嘉義（建國路）,78.0,1.16,Low Risk
民雄國小-室內,民族路43號,嘉義縣民雄鄉,嘉義縣民雄鄉,120.4294,23.5551,469,True,嘉義（建國路）,78.0,1.16,Low Risk
安龍宮活動中心,89號,雲林縣口湖鄉,雲林縣口湖鄉,120.161817,23.555266,100,True,朴子,69.0,13.3,Low Risk
新港國小室內,登雲路105號,嘉義縣新港鄉,嘉義縣新港鄉,120.345,23.5557,850,True,新港,70.0,0.11,Low Risk
新港國小室外,登雲路105號,嘉義縣新港鄉,嘉義縣新港鄉,120.345,23.5557,1000,True,新港,70.0,0.11,Low Risk
菁埔村辦公處暨社區活動中心,菁埔137-1號,嘉義縣民雄鄉,嘉義縣民雄鄉,120.3987,23.556,86,True,嘉義（建國路）,78.0,3.67,Low Risk
三興村辦公處暨社區活動中心,陳厝寮37號,嘉義縣民雄鄉,嘉義縣民雄鄉,120.4767,23.5569,124,True,嘉義（建國路）,78.0,4.67,Low Risk
朝陽國小,扶朝76號,雲林縣北港鎮,雲林縣北港鎮,120.285,23.557,100,True,新港,70.0,6.17,Low Risk
東榮村辦公處暨嘉義縣長壽會館,中庄130號,嘉義縣民雄鄉,嘉義縣民雄鄉,120.4346,23.5571,109,True,嘉義（建國路）,78.0,1.35,Low Risk
瑞峰社區活動中心,生毛樹12號,嘉義縣梅山鄉,嘉義縣梅山鄉,120.6674,23.5572,50,True,斗六,83.0,21.24,Low Risk
民雄國中-室外,西安路147號,嘉義縣民雄鄉,嘉義縣民雄鄉,120.4207,23.5574,170,True,嘉義（建國路）,78.0,1.83,Low Risk
民雄國中-室內,西安路147號,嘉義縣民雄鄉,嘉義縣民雄鄉,120.4207,23.5574,187,True,嘉義（建國路）,78.0,1.83,Low Risk
北美國小-室內,崙陽村122號,嘉義縣六腳鄉,嘉義縣六腳鄉,120.303813,23.55746,60,True,新港,70.0,4.26,Low Risk
北美國小-室外,122號,嘉義縣六腳鄉,嘉義縣六腳鄉,120.303813,23.55746,670,True,新港,70.0,4.26,Low Risk
東榮國小-室外,105號,嘉義縣民雄鄉,嘉義縣民雄鄉,120.4349,23.5576,200,True,嘉義（建國路）,78.0,1.41,Low Risk
東榮國小-室內,105號,嘉義縣民雄鄉,嘉義縣民雄鄉,120.4349,23.5576,200,True,嘉義（建國路）,78.0,1.41,Low Risk
三興國小-室外,陳厝寮55號,嘉義縣民雄鄉,嘉義縣民雄鄉,120.4819,23.5578,150,True,嘉義（建國路）,78.0,5.21,Low Risk
三興國小-室內,陳厝寮55號,嘉義縣民雄鄉,嘉義縣民雄鄉,120.4819,23.5578,200,True,嘉義（建國路）,78.0,5.21,Low Risk
大南國小[室外],大草埔15號,嘉義縣梅山鄉,嘉義縣梅山鄉,120.5543,23.558,150,True,嘉義（建國路）,78.0,12.48,Low Risk
新港國中室內,福德路106號,嘉義縣新港鄉,嘉義縣新港鄉,120.3438,23.5584,760,True,新港,70.0,0.43,Low Risk
新港國中室外,福德路106號,嘉義縣新港鄉,嘉義縣新港鄉,120.3438,23.5584,1000,True,新港,70.0,0.43,Low Risk
菁埔國小二樓活動中心,菁埔村130-3號,嘉義縣民雄鄉,嘉義縣民雄鄉,120.397377,23.558682,90,True,嘉義（建國路）,78.0,3.9,Low Risk
菁埔國小操場,菁埔村130-3號,嘉義縣民雄鄉,嘉義縣民雄鄉,120.397377,23.558682,99,True,嘉義（建國路）,78.0,3.9,Low Risk
尖山國小,大山村大山路6號,雲林縣水林鄉,雲林縣水林鄉,120.2229,23.5603,100,True,朴子,69.0,10.86,Low Risk
桐林活動中心,太平巷57-1號,南投縣信義鄉,南投縣信義鄉,120.874626,23.560392,150,True,南投（鹿谷）,29.0,19.4,Low Risk
藝術高中室內,藝高路1號,嘉義縣新港鄉,嘉義縣新港鄉,120.349,23.5604,600,True,新港,70.0,0.71,Low Risk
藝術高中室外,藝高路1號,嘉義縣新港鄉,嘉義縣新港鄉,120.349,23.5604,1000,True,新港,70.0,0.71,Low Risk
內茅埔營林區,綠美巷13號,南投縣信義鄉,南投縣信義鄉,120.874414,23.560495,300,True,南投（鹿谷）,29.0,19.38,Low Risk
太平社區活動中心,大坪4號,嘉義縣梅山鄉,嘉義縣梅山鄉,120.6069,23.561,50,True,嘉義（建國路）,78.0,17.85,Low Risk
太平國小[室外],大坪4號,嘉義縣梅山鄉,嘉義縣梅山鄉,120.6069,23.561,200,True,嘉義（建國路）,78.0,17.85,Low Risk
豐收村辦公處暨社區活動中心,好收148-1號,嘉義縣民雄鄉,嘉義縣民雄鄉,120.4506,23.5613,91,True,嘉義（建國路）,78.0,2.56,Low Risk
東埔基督長老教會,高平巷78號,南投縣信義鄉,南投縣信義鄉,120.926763,23.561753,150,True,南投（鹿谷）,29.0,22.05,Low Risk
水仙宮室外,5鄰舊南港59號,嘉義縣新港鄉,嘉義縣新港鄉,120.308799,23.561845,2000,True,新港,70.0,3.82,Low Risk
東興村辦公處暨社區活動中心,葉子寮28-1號,嘉義縣民雄鄉,嘉義縣民雄鄉,120.4984,23.5619,64,True,嘉義（建國路）,78.0,6.95,Low Risk
東埔國小,開高巷63號,南投縣信義鄉,南投縣信義鄉,120.927292,23.561911,15,True,南投（鹿谷）,29.0,22.07,Low Risk
六興宮室外,溪北65號,嘉義縣新港鄉,嘉義縣新港鄉,120.3143,23.5622,500,True,新港,70.0,3.29,Low Risk
六興宮室內,溪北65號,嘉義縣新港鄉,嘉義縣新港鄉,120.3143,23.5622,500,True,新港,70.0,3.29,Low Risk
古民國小室內,古民161號,嘉義縣新港鄉,嘉義縣新港鄉,120.3491,23.5623,120,True,新港,70.0,0.91,Low Risk
古民國小室外,古民161號,嘉義縣新港鄉,嘉義縣新港鄉,120.3491,23.5623,1000,True,新港,70.0,0.91,Low Risk
台興國小,台興路130號,雲林縣口湖鄉,雲林縣口湖鄉,120.142412,23.562312,400,True,朴子,69.0,15.22,Low Risk
福權村辦公處暨社區活動中心,福權26號,嘉義縣民雄鄉,嘉義縣民雄鄉,120.4128,23.5626,31,True,嘉義（建國路）,78.0,2.81,Low Risk
碧湖社區活動中心,堀尺嶺9-1號,嘉義縣梅山鄉,嘉義縣梅山鄉,120.6248,23.5647,50,True,斗六,83.0,18.27,Low Risk
北港國中,民生路102號,雲林縣北港鎮,雲林縣北港鎮,120.2992,23.5657,300,True,新港,70.0,4.87,Low Risk
大興國小,大溝村大溝路1號　,雲林縣水林鄉,雲林縣水林鄉,120.2105,23.5663,300,True,朴子,69.0,11.85,Low Risk
西衛社區活動中心,西衛里84號,澎湖縣馬公市,澎湖縣馬公市,119.5724,23.5665,80,True,馬公,42.0,0.7,Low Risk
南陽國小,光明路59號,雲林縣北港鎮,雲林縣北港鎮,120.301,23.5665,500,True,新港,70.0,4.72,Low Risk
東埔活動中心,開高巷58號,南投縣信義鄉,南投縣信義鄉,120.917077,23.566583,600,True,南投（鹿谷）,29.0,21.02,Low Risk
文光國小過港分校,119號,雲林縣口湖鄉,雲林縣口湖鄉,120.192722,23.567432,300,True,朴子,69.0,12.66,Low Risk
頂崙村辦公處暨社區活動中心,崙子頂25-1號,嘉義縣民雄鄉,嘉義縣民雄鄉,120.4379,23.5679,40,True,嘉義（建國路）,78.0,2.59,Low Risk
勞工育樂中心,澎湖縣馬公市大賢街160號,澎湖縣馬公市,澎湖縣馬公市,119.5658,23.568,100,True,馬公,42.0,0.12,Low Risk
朝天宮厚生大樓,厚生路15號,雲林縣北港鎮,雲林縣北港鎮,120.305,23.568,1000,True,新港,70.0,4.38,Low Risk
八里灣基督長老教會,16鄰豐里49之1號,花蓮縣豐濱鄉,花蓮縣豐濱鄉,121.4859,23.5681,0,True,花蓮,40.0,46.31,Low Risk
興仁國小教室,烏崁里129號,澎湖縣馬公市,澎湖縣馬公市,119.581,23.5702,300,True,馬公,42.0,1.52,Low Risk
澎湖科技大學學生活動中心,澎湖縣馬公市六合路300號,澎湖縣馬公市,澎湖縣馬公市,119.5665,23.5704,400,True,馬公,42.0,0.16,Low Risk
寮頂村集會所,頂寮59-3號,嘉義縣民雄鄉,嘉義縣民雄鄉,120.4269,23.5709,15,True,嘉義（建國路）,78.0,2.93,Low Risk
鐵線社區活動中心,鐵線里4-5號,澎湖縣馬公市,澎湖縣馬公市,119.5805,23.5715,230,True,馬公,42.0,1.49,Low Risk
文澳國小體育館,文學路221號,澎湖縣馬公市,澎湖縣馬公市,119.569,23.5725,190,True,馬公,42.0,0.48,Low Risk
水林國中,水北村水林路104號,雲林縣水林鄉,雲林縣水林鄉,120.2474,23.5728,500,True,新港,70.0,10.2,Low Risk
水燦林國小,水北村水林路6號,雲林縣水林鄉,雲林縣水林鄉,120.2469,23.573,300,True,新港,70.0,10.25,Low Risk
水林鄉公所,水北村水林路12號　,雲林縣水林鄉,雲林縣水林鄉,120.246,23.5732,100,True,新港,70.0,10.35,Low Risk
中正國中體育館,光華里101號,澎湖縣馬公市,澎湖縣馬公市,119.5697,23.5736,300,True,馬公,42.0,0.62,Low Risk
山水國小活動中心,山水里140號,澎湖縣馬公市,澎湖縣馬公市,119.5817,23.5739,500,True,馬公,42.0,1.67,Low Risk
湖西國中活動中心,湖西村43-1號,澎湖縣湖西鄉,澎湖縣湖西鄉,119.6496,23.5739,300,True,馬公,42.0,8.52,Low Risk
建國國中,大同路468號,雲林縣北港鎮,雲林縣北港鎮,120.2956,23.5741,500,True,新港,70.0,5.52,Low Risk
富民社區活動中心,2鄰中正路一段208之1號,花蓮縣瑞穗鄉,花蓮縣瑞穗鄉,121.3745,23.5743,30,True,花蓮,40.0,49.74,Low Risk
金湖國小,民主路15號,雲林縣口湖鄉,雲林縣口湖鄉,120.154157,23.574448,100,True,臺西,57.0,14.93,Low Risk
巨人中學,大同路647號,雲林縣北港鎮,雲林縣北港鎮,120.2889,23.5748,200,True,新港,70.0,6.18,Low Risk
東衛國小活動中心,東衛里170號,澎湖縣馬公市,澎湖縣馬公市,119.5746,23.5749,310,True,馬公,42.0,1.08,Low Risk
崇文國小,崇文路二段285號,雲林縣口湖鄉,雲林縣口湖鄉,120.176942,23.575009,500,True,朴子,69.0,14.17,Low Risk
港西避難所,海豐路2-6號,雲林縣口湖鄉,雲林縣口湖鄉,120.148339,23.575309,50,False,臺西,57.0,15.03,Warning
港西龍台宮,三民路1號,雲林縣口湖鄉,雲林縣口湖鄉,120.147799,23.575331,100,True,臺西,57.0,15.05,Low Risk
北港鎮公所,北辰路1號,雲林縣北港鎮,雲林縣北港鎮,120.3024,23.576,100,True,新港,70.0,4.99,Low Risk
鎮北村辦公處暨社區活動中心,土庫子24-2號,嘉義縣民雄鄉,嘉義縣民雄鄉,120.4498,23.5765,75,True,嘉義（建國路）,78.0,3.9,Low Risk
馬遠社區活動中心,1鄰5號,花蓮縣萬榮鄉,花蓮縣瑞穗鄉,121.362553,23.576867,120,True,花蓮,40.0,50.06,Low Risk
馬遠國民小學,2鄰馬遠39號,花蓮縣萬榮鄉,花蓮縣瑞穗鄉,121.361934,23.576872,200,True,花蓮,40.0,50.09,Low Risk
水燦林國小水林校區,水北村文化路45號,雲林縣水林鄉,雲林縣水林鄉,120.2468,23.5769,300,True,新港,70.0,10.36,Low Risk
龍眼社區活動中心,龍眼林3-1號,嘉義縣梅山鄉,嘉義縣梅山鄉,120.6171,23.577,50,True,斗六,83.0,16.7,Low Risk
梅圳國小[室外],三源23號,嘉義縣梅山鄉,嘉義縣梅山鄉,120.5901,23.5771,150,True,斗六,83.0,15.67,Low Risk
柳溝國小室外,南靖厝5號,嘉義縣溪口鄉,嘉義縣溪口鄉,120.414272,23.577344,1000,True,嘉義（建國路）,78.0,4.05,Low Risk
北辰國小,成功路30號,雲林縣北港鎮,雲林縣北港鎮,120.3027,23.5776,1000,True,新港,70.0,5.05,Low Risk
富源社區活動中心,10鄰學士路31號,花蓮縣瑞穗鄉,花蓮縣瑞穗鄉,121.3759,23.5776,30,True,花蓮,40.0,49.35,Low Risk
富源消防分隊,9鄰中正路157號,花蓮縣瑞穗鄉,花蓮縣瑞穗鄉,121.3764,23.5778,75,True,花蓮,40.0,49.31,Low Risk
澎南國中活動中心,五德里41號,澎湖縣馬公市,澎湖縣馬公市,119.5737,23.5784,300,True,馬公,42.0,1.29,Low Risk
北港高中,成功路26號,雲林縣北港鎮,雲林縣北港鎮,120.3046,23.5784,1000,True,新港,70.0,4.93,Low Risk
樹腳社區活動中心　,樹腳里大庄2-1號,雲林縣北港鎮,雲林縣北港鎮,120.2754,23.5787,200,True,新港,70.0,7.62,Low Risk
過溝社區活動中心,樹腳里過溝42-2號,雲林縣北港鎮,雲林縣北港鎮,120.2737,23.5797,100,True,新港,70.0,7.83,Low Risk
風櫃國小活動中心,風櫃里66號,澎湖縣馬公市,澎湖縣馬公市,119.5811,23.5799,200,True,馬公,42.0,1.94,Low Risk
北港農工,太平路80號,雲林縣北港鎮,雲林縣北港鎮,120.309,23.5803,1000,False,新港,70.0,4.68,Warning
白坑社區活動中心,白坑村1-3號,澎湖縣湖西鄉,澎湖縣湖西鄉,119.6626,23.5817,20,True,馬公,42.0,9.93,Low Risk
富興社區活動中心,13鄰東興路134號,花蓮縣瑞穗鄉,花蓮縣瑞穗鄉,121.3877,23.5817,30,True,花蓮,40.0,48.4,Low Risk
口湖鄉民眾服務站,7鄰中正路一段112號,雲林縣口湖鄉,雲林縣口湖鄉,120.18544,23.582048,50,False,臺西,57.0,13.43,Warning
口湖鄉公所,中正路一段118號,雲林縣口湖鄉,雲林縣口湖鄉,120.185747,23.582642,50,True,臺西,57.0,13.36,Low Risk
鼎灣社區活動中心,鼎灣村37號,澎湖縣湖西鄉,澎湖縣湖西鄉,119.6419,23.5828,55,True,馬公,42.0,7.87,Low Risk
梅山國小[室外],中山路28之1號,嘉義縣梅山鄉,嘉義縣梅山鄉,120.5585,23.583,300,True,嘉義（建國路）,78.0,13.5,Low Risk
鎖港里社區活動中心,鎖港里633號,澎湖縣馬公市,澎湖縣馬公市,119.5719,23.5834,230,True,馬公,42.0,1.7,Low Risk
太武社區活動中心,太武村14-1號,澎湖縣湖西鄉,澎湖縣湖西鄉,119.6202,23.584,20,True,馬公,42.0,5.75,Low Risk
沙港社區農漁民活動中心,澎湖縣湖西鄉沙港村75-1號,澎湖縣湖西鄉,澎湖縣湖西鄉,119.6526,23.584,500,True,馬公,42.0,8.97,Low Risk
湖西鄉公所,澎湖縣湖西鄉湖西村43之11號,澎湖縣湖西鄉,澎湖縣湖西鄉,119.6537,23.5846,100,True,馬公,42.0,9.09,Low Risk
草嶺山莊,草嶺村56號,雲林縣古坑鄉,雲林縣古坑鄉,120.6966,23.5849,100,False,南投（鹿谷）,29.0,17.91,Low Risk
北寮社區活動中心,北寮村25-2號,澎湖縣湖西鄉,澎湖縣湖西鄉,119.669,23.5854,30,True,馬公,42.0,10.64,Low Risk
梅山國中[室外],健康街136號,嘉義縣梅山鄉,嘉義縣梅山鄉,120.5607,23.5867,300,True,嘉義（建國路）,78.0,13.84,Low Risk
口湖國小,文明路103巷46號,雲林縣口湖鄉,雲林縣口湖鄉,120.183936,23.58672,100,True,臺西,57.0,12.93,Low Risk
梅北國小[室外],民生街1號,嘉義縣梅山鄉,嘉義縣梅山鄉,120.5518,23.5871,300,True,嘉義（建國路）,78.0,13.01,Low Risk
潭邊社區活動中心,潭邊村53號,澎湖縣湖西鄉,澎湖縣湖西鄉,119.6425,23.5872,105,True,馬公,42.0,8.04,Low Risk
辰光國小,新厝49號,雲林縣北港鎮,雲林縣北港鎮,120.3182,23.5872,100,True,新港,70.0,4.55,Low Risk
口湖國中,文明路133巷20號,雲林縣口湖鄉,雲林縣口湖鄉,120.184655,23.587604,100,True,臺西,57.0,12.83,Low Risk
復興國小室內,北崙75-4號,嘉義縣新港鄉,嘉義縣新港鄉,120.3572,23.5899,40,True,新港,70.0,4.08,Low Risk
復興國小室外,南港58號,嘉義縣新港鄉,嘉義縣新港鄉,120.3572,23.5899,100,True,新港,70.0,4.08,Low Risk
中林國小室外,147號,嘉義縣大林鎮,嘉義縣大林鎮,120.4767,23.59,900,True,嘉義（建國路）,78.0,6.71,Low Risk
神木活動中心,民和巷27-1號,南投縣信義鄉,南投縣信義鄉,120.88984,23.59024,150,True,南投（鹿谷）,29.0,17.27,Low Risk
和社台大實驗林,同和巷45號,南投縣信義鄉,南投縣信義鄉,120.888755,23.592761,100,True,南投（鹿谷）,29.0,16.98,Low Risk
嘉義縣大林鎮精忠營區,嘉義縣大林鎮過溪里崎頂1號精忠營區,雲林縣古坑鄉,嘉義縣梅山鄉,120.5334,23.5929,100,True,嘉義（建國路）,78.0,11.56,Low Risk
僑美國小,華勝路655號,雲林縣北港鎮,雲林縣北港鎮,120.302058,23.592941,100,True,新港,70.0,6.13,Low Risk
同富國中 -禮堂,同和巷7號,南投縣信義鄉,南投縣信義鄉,120.888631,23.593575,100,True,南投（鹿谷）,29.0,16.9,Low Risk
美林國小室外,78-3號,嘉義縣溪口鄉,嘉義縣溪口鄉,120.379436,23.593759,250,True,新港,70.0,5.54,Low Risk
南寮社區活動中心,南寮村121-5號,澎湖縣湖西鄉,澎湖縣湖西鄉,119.6082,23.5945,80,True,馬公,42.0,5.14,Low Risk
隘門國小多元化教室,隘門村41-1號,澎湖縣湖西鄉,澎湖縣湖西鄉,119.6164,23.5951,75,True,馬公,42.0,5.88,Low Risk
華南國小,華南路28號,雲林縣古坑鄉,雲林縣古坑鄉,120.5747,23.5964,50,True,斗六,83.0,13.19,Low Risk
華山禾園,華山77號,雲林縣古坑鄉,雲林縣古坑鄉,120.5918,23.5964,40,False,斗六,83.0,13.69,Warning
埔南社區活動中心,外埔路126號,雲林縣口湖鄉,雲林縣口湖鄉,120.19068,23.597437,50,True,臺西,57.0,11.68,Low Risk
尖山社區活動中心,尖山村5鄰45-1號,澎湖縣湖西鄉,澎湖縣湖西鄉,119.6139,23.5975,53,True,馬公,42.0,5.8,Low Risk
光復自強外役監獄,建國路一段1號,花蓮縣光復鄉,花蓮縣光復鄉,121.4125,23.598,300,True,花蓮,40.0,45.67,Low Risk
保安宮,6鄰59號,雲林縣口湖鄉,雲林縣口湖鄉,120.161817,23.598224,50,True,臺西,57.0,12.17,Low Risk
成功社區活動中心,成功村80-2號,澎湖縣湖西鄉,澎湖縣湖西鄉,119.6692,23.5985,95,True,馬公,42.0,11.0,Low Risk
鄉村休閒農莊,華山89號,雲林縣古坑鄉,雲林縣古坑鄉,120.5873,23.5985,20,True,斗六,83.0,13.32,Low Risk
大林鎮運動公園,新興街138號,嘉義縣大林鎮,嘉義縣大林鎮,120.458206,23.598562,1200,False,嘉義（建國路）,78.0,6.49,Warning
花東山琉璃禪寺,建國路一段 26之2號,花蓮縣光復鄉,花蓮縣光復鄉,121.4162,23.5992,50,False,花蓮,40.0,45.4,Low Risk
好收國小,好收里好收路20號,雲林縣北港鎮,雲林縣北港鎮,120.2802,23.5997,100,True,新港,70.0,8.32,Low Risk
平林國小室外,民權路80號,嘉義縣大林鎮,嘉義縣大林鎮,120.4616,23.5997,900,True,嘉義（建國路）,78.0,6.75,Low Risk
大林鎮老人體育活動中心,新興街116號,嘉義縣大林鎮,嘉義縣大林鎮,120.4584,23.5998,130,True,嘉義（建國路）,78.0,6.62,Low Risk
頂湖國小,6鄰121號,雲林縣口湖鄉,雲林縣口湖鄉,120.179136,23.5999,100,True,臺西,57.0,11.56,Low Risk
鎮安宮,6鄰109之2號,雲林縣口湖鄉,雲林縣口湖鄉,120.179136,23.5999,300,True,臺西,57.0,11.56,Low Risk
西溪國小視聽教室,西溪村130號,澎湖縣湖西鄉,澎湖縣湖西鄉,119.6697,23.6003,55,True,馬公,42.0,11.11,Low Risk
大美活動中心,1鄰33號,嘉義縣大林鎮,嘉義縣大林鎮,120.5043,23.601,40,True,嘉義（建國路）,78.0,9.59,Low Risk
豐濱國中禮堂,光豐路26號,花蓮縣豐濱鄉,花蓮縣豐濱鄉,121.5218,23.6012,0,True,花蓮,40.0,41.91,Low Risk
溪口鄉老人文康中心,中山路91號,嘉義縣溪口鄉,嘉義縣溪口鄉,120.391817,23.602156,40,True,新港,70.0,7.07,Low Risk
大林國小室外,中正路423號,嘉義縣大林鎮,嘉義縣大林鎮,120.4536,23.6024,1200,True,嘉義（建國路）,78.0,6.72,Low Risk
山田民宿,華山109號,雲林縣古坑鄉,雲林縣古坑鄉,120.5797,23.6025,20,True,斗六,83.0,12.66,Low Risk
溪口鄉公所三樓禮堂,中山路89號3樓,嘉義縣溪口鄉,嘉義縣溪口鄉,120.392284,23.602641,80,True,新港,70.0,7.14,Low Risk
北極殿香客大樓,中正路182號,嘉義縣溪口鄉,嘉義縣溪口鄉,120.39444,23.603785,100,True,新港,70.0,7.38,Low Risk
溪口國小室內,中山路53號,嘉義縣溪口鄉,嘉義縣溪口鄉,120.394218,23.604503,50,True,新港,70.0,7.42,Low Risk
溪口國小室外,中山路53號,嘉義縣溪口鄉,嘉義縣溪口鄉,120.394218,23.604503,850,True,新港,70.0,7.42,Low Risk
宏仁國小,灣東村宏仁路30號,雲林縣水林鄉,雲林縣水林鄉,120.2398,23.6048,300,True,臺西,57.0,11.59,Low Risk
碧清寺,灣東村宏仁路38號,雲林縣水林鄉,雲林縣水林鄉,120.2401,23.6051,350,True,臺西,57.0,11.57,Low Risk
三和國小室外,中興路二段937號,嘉義縣大林鎮,嘉義縣大林鎮,120.4886,23.6058,900,True,嘉義（建國路）,78.0,8.83,Low Risk
柴林國小室外,107號,嘉義縣溪口鄉,嘉義縣溪口鄉,120.37158,23.605881,250,True,新港,70.0,6.27,Low Risk
石壁避難所,草嶺村石壁921地震時設置所以並無地址,雲林縣古坑鄉,雲林縣古坑鄉,120.7094,23.6069,20,True,南投（鹿谷）,29.0,15.15,Low Risk
大富國小,明德路29巷12號,花蓮縣光復鄉,花蓮縣光復鄉,121.3909,23.6073,80,True,花蓮,40.0,45.72,Low Risk
外湖避難所,草嶺村外湖原外湖公厝所以並無地址,雲林縣古坑鄉,雲林縣古坑鄉,120.6784,23.6074,20,False,竹山,80.0,16.57,Warning
排路國小室外,231號,嘉義縣大林鎮,嘉義縣大林鎮,120.4222,23.6101,400,True,嘉義（建國路）,78.0,7.31,Low Risk
桂林國小,桂林村95號,雲林縣古坑鄉,雲林縣古坑鄉,120.6079,23.612,150,True,斗六,83.0,12.82,Low Risk
東榮國小,溝皂里174號,雲林縣北港鎮,雲林縣北港鎮,120.2935,23.6128,100,True,新港,70.0,8.35,Low Risk
排路社區活動中心,排路里167號,嘉義縣大林鎮,嘉義縣大林鎮,120.4243,23.613,70,True,嘉義（建國路）,78.0,7.6,Low Risk
埔北社區活動中心,林圍路39-2號,雲林縣口湖鄉,雲林縣口湖鄉,120.19068,23.613542,60,True,臺西,57.0,9.89,Low Risk
興安府,林圍路35號,雲林縣口湖鄉,雲林縣口湖鄉,120.19068,23.613542,100,True,臺西,57.0,9.89,Low Risk
興昌國小,南昌路6號,雲林縣古坑鄉,雲林縣古坑鄉,120.54,23.6143,100,True,斗六,83.0,10.86,Low Risk
望鄉基督長老教會,望和巷35號,南投縣信義鄉,南投縣信義鄉,120.886208,23.615142,50,True,南投（鹿谷）,29.0,14.83,Low Risk
久美基督長老教會,美信巷31號,南投縣信義鄉,南投縣信義鄉,120.884773,23.615166,200,True,南投（鹿谷）,29.0,14.73,Low Risk
望鄉活動中心,望和巷10號,南投縣信義鄉,南投縣信義鄉,120.886531,23.615773,100,True,南投（鹿谷）,29.0,14.79,Low Risk
久美國小,美信巷54號,南投縣信義鄉,南投縣信義鄉,120.884999,23.616187,200,True,南投（鹿谷）,29.0,14.66,Low Risk
仁德國小,內寮村內寮路6號,雲林縣元長鄉,雲林縣元長鄉,120.3514,23.6169,200,True,新港,70.0,6.93,Low Risk
游東村活動中心,73-1號,嘉義縣溪口鄉,嘉義縣溪口鄉,120.401794,23.617531,25,True,嘉義（建國路）,78.0,8.65,Low Risk
社團國小室外,下林頭51號,嘉義縣大林鎮,嘉義縣大林鎮,120.4959,23.6176,500,True,嘉義（建國路）,78.0,10.32,Low Risk
下崙福安宮（香客大樓）,福安路24號,雲林縣口湖鄉,雲林縣口湖鄉,120.161904,23.618092,300,True,臺西,57.0,10.1,Low Risk
久美活動中心,美信巷55-1號,南投縣信義鄉,南投縣信義鄉,120.88459,23.618856,300,True,南投（鹿谷）,29.0,14.4,Low Risk
永光老人養護中心,光興路20號,雲林縣古坑鄉,雲林縣古坑鄉,120.558397,23.619838,2,True,斗六,83.0,10.32,Low Risk
誠正國小,蘇秦村蘇秦路1號,雲林縣水林鄉,雲林縣水林鄉,120.2616,23.6206,300,True,臺西,57.0,11.07,Low Risk
忠孝國小,龍岩村148號,雲林縣元長鄉,雲林縣元長鄉,120.3146,23.6207,200,True,新港,70.0,7.97,Low Risk
育英國小,番溝84號,雲林縣北港鎮,雲林縣北港鎮,120.2786,23.6225,100,True,新港,70.0,10.15,Low Risk
永光國小,文昌路84號,雲林縣古坑鄉,雲林縣古坑鄉,120.5532,23.6259,100,True,斗六,83.0,9.59,Low Risk
城前社區活動中心,17-1號,澎湖縣白沙鄉,澎湖縣白沙鄉,119.595268,23.626177,74,True,馬公,42.0,7.01,Low Risk
振興宮,光昌路158號,雲林縣古坑鄉,雲林縣古坑鄉,120.552,23.6266,20,True,斗六,83.0,9.51,Low Risk
羅娜天主教,信筆巷139號,南投縣信義鄉,南投縣信義鄉,120.869589,23.627369,300,True,南投（鹿谷）,29.0,12.71,Low Risk
羅娜國小,信筆巷73號,南投縣信義鄉,南投縣信義鄉,120.870287,23.628088,100,True,南投（鹿谷）,29.0,12.69,Low Risk
羅娜活動中心,信筆巷30號,南投縣信義鄉,南投縣信義鄉,120.869961,23.628179,100,True,南投（鹿谷）,29.0,12.66,Low Risk
麻園社區活動中心,中洲路41-1號,雲林縣古坑鄉,雲林縣古坑鄉,120.514,23.6282,20,True,斗六,83.0,9.82,Low Risk
客厝國小,頂寮村頂寮路11號,雲林縣元長鄉,雲林縣元長鄉,120.3338,23.6285,200,True,新港,70.0,8.28,Low Risk
羅娜基督長老教會,信筆巷37號,南投縣信義鄉,南投縣信義鄉,120.874184,23.629096,300,True,南投（鹿谷）,29.0,12.85,Low Risk
豐德宮廣場,蘇秦村海豊路56-1號,雲林縣水林鄉,雲林縣水林鄉,120.2555,23.6313,300,True,臺西,57.0,9.74,Low Risk
外垵社區活動中心,外垵村4-26號,澎湖縣西嶼鄉,澎湖縣西嶼鄉,119.5228,23.6315,90,True,馬公,42.0,8.23,Low Risk
內寮社區活動中心,鯉南路385-16號,南投縣竹山鎮,南投縣竹山鎮,120.6555,23.6323,15,True,竹山,80.0,13.98,Low Risk
大興國小,民權街17號,花蓮縣光復鄉,花蓮縣光復鄉,121.3982,23.6323,300,True,花蓮,40.0,42.91,Low Risk
內垵村?漁民活動中心,內垵村43-5號,澎湖縣西嶼鄉,澎湖縣西嶼鄉,119.5137,23.6324,100,True,馬公,42.0,8.84,Low Risk
舊庄國小,怡然路92號,雲林縣大埤鄉,雲林縣大埤鄉,120.401574,23.633569,150,True,嘉義（建國路）,78.0,10.33,Low Risk
大興活動中心,民權街37號,花蓮縣光復鄉,花蓮縣光復鄉,121.3942,23.6338,100,True,花蓮,40.0,42.96,Low Risk
西嶼國中體育館,池東村213號,澎湖縣西嶼鄉,澎湖縣西嶼鄉,119.5222,23.6348,300,True,馬公,42.0,8.58,Low Risk
東興部落原住民多功能活動中心,9鄰東興18-1號,花蓮縣豐濱鄉,花蓮縣豐濱鄉,121.5308,23.6351,0,True,花蓮,40.0,38.04,Low Risk
橫礁社區活動中心,橫礁村37-1,澎湖縣西嶼鄉,澎湖縣西嶼鄉,119.5246,23.6358,30,True,馬公,42.0,8.55,Low Risk
新生國小,新生路11號,雲林縣元長鄉,雲林縣元長鄉,120.3595,23.6362,200,True,新港,70.0,9.16,Low Risk
馬佛活動中心,民有街51巷3-1號,花蓮縣光復鄉,花蓮縣光復鄉,121.4295,23.6362,100,True,花蓮,40.0,41.09,Low Risk
四湖國小,中山東路37號,雲林縣四湖鄉,雲林縣四湖鄉,120.2284,23.6366,200,True,臺西,57.0,7.87,Low Risk
古坑鄉立幼兒園,中山路1號,雲林縣古坑鄉,雲林縣古坑鄉,120.5577,23.6367,30,True,斗六,83.0,8.46,Low Risk
四湖鄉避難收容場所,中山西路44-1號,雲林縣四湖鄉,雲林縣四湖鄉,120.224343,23.638093,20,False,臺西,57.0,7.57,Warning
四湖鄉立幼兒園,中洋南路10-2號,雲林縣四湖鄉,雲林縣四湖鄉,120.2243,23.6381,40,False,臺西,57.0,7.56,Warning
舊戶政事務所,中山西路44號,雲林縣四湖鄉,雲林縣四湖鄉,120.2243,23.6381,40,True,臺西,57.0,7.56,Low Risk
四湖鄉飛沙集會所避難收容場所,大同路47巷5-1號,雲林縣四湖鄉,雲林縣四湖鄉,120.2243,23.6381,100,True,臺西,57.0,7.56,Low Risk
小門國小,小門村11-9號,澎湖縣西嶼鄉,澎湖縣西嶼鄉,119.5312,23.6382,200,True,馬公,42.0,8.48,Low Risk
合界社區活動中心,合界村80-1號,澎湖縣西嶼鄉,澎湖縣西嶼鄉,119.5313,23.6388,32,True,馬公,42.0,8.53,Low Risk
廣溝集貨市場,廣溝厝13-7號,雲林縣四湖鄉,雲林縣四湖鄉,120.1979,23.6391,40,True,臺西,57.0,7.02,Low Risk
四湖參天宮,關聖路87號,雲林縣四湖鄉,雲林縣四湖鄉,120.226972,23.639405,1560,True,臺西,57.0,7.53,Low Risk
朝陽大埔北極殿,大埔45-2號,雲林縣古坑鄉,雲林縣古坑鄉,120.5945,23.6395,50,True,斗六,83.0,9.49,Low Risk
新鄉基督長老教會,新鄉路69號,南投縣信義鄉,南投縣信義鄉,120.872384,23.640117,80,True,南投（鹿谷）,29.0,11.8,Low Risk
四湖鄉公所3樓禮堂,中山西路44號,雲林縣四湖鄉,雲林縣四湖鄉,120.1747,23.6408,40,True,臺西,57.0,7.27,Low Risk
仁愛國小,潭西村潭內路1號,雲林縣元長鄉,雲林縣元長鄉,120.2893,23.6409,200,True,新港,70.0,11.15,Low Risk
新鄉活動中心,新鄉路71號,南投縣信義鄉,南投縣信義鄉,120.87079,23.641427,200,True,南投（鹿谷）,29.0,11.58,Low Risk
大埤國中,民權路80號,雲林縣大埤鄉,雲林縣大埤鄉,120.428365,23.641888,187,True,嘉義（建國路）,78.0,10.77,Low Risk
砂荖活動中心,建國路二段39號,花蓮縣光復鄉,花蓮縣光復鄉,121.4512,23.6419,100,True,花蓮,40.0,39.62,Low Risk
石龜國小活動中心,5鄰南生路1號,雲林縣斗南鎮,雲林縣斗南鎮,120.482209,23.642396,300,True,斗六,83.0,10.03,Low Risk
調解會暨古坑三村聯合辦公處,中山路45號,雲林縣古坑鄉,雲林縣古坑鄉,120.5616,23.6427,20,True,斗六,83.0,7.87,Low Risk
竹灣社區活動中心,竹灣村70-4號,澎湖縣西嶼鄉,澎湖縣西嶼鄉,119.5163,23.6429,35,True,馬公,42.0,9.66,Low Risk
飛沙國小,大同路26號,雲林縣四湖鄉,雲林縣四湖鄉,120.1773,23.6431,100,True,臺西,57.0,6.94,Low Risk
湳仔社區活動中心,湳仔村崙子路30號,雲林縣古坑鄉,雲林縣古坑鄉,120.5387,23.6433,20,True,斗六,83.0,7.65,Low Risk
大埤國小,中正路23號,雲林縣大埤鄉,雲林縣大埤鄉,120.429371,23.644704,187,True,嘉義（建國路）,78.0,11.08,Low Risk
新光國小,新庄村1-1號,雲林縣古坑鄉,雲林縣古坑鄉,120.5611,23.645,100,True,斗六,83.0,7.61,Low Risk
元長國中,長南村元南路16號,雲林縣元長鄉,雲林縣元長鄉,120.3166,23.6457,500,True,新港,70.0,10.52,Low Risk
"石頭公園渡假山莊含蓮園休閒民宿,石",朝陽路1之286號,雲林縣古坑鄉,雲林縣古坑鄉,120.588,23.6457,130,True,斗六,83.0,8.56,Low Risk
桶頭社區活動中心,鯉南路312號,南投縣竹山鎮,南投縣竹山鎮,120.6564,23.646,50,True,竹山,80.0,12.46,Low Risk
古坑國中,朝陽路2號,雲林縣古坑鄉,雲林縣古坑鄉,120.567,23.6462,200,True,斗六,83.0,7.64,Low Risk
嘉興國小,嘉興65號,雲林縣大埤鄉,雲林縣大埤鄉,120.457078,23.647242,125,True,斗六,83.0,11.48,Low Risk
港子社區活動中心,54-5號,澎湖縣白沙鄉,澎湖縣白沙鄉,119.59875,23.648238,78,True,馬公,42.0,9.41,Low Risk
元長鄉公所大樓,長南村仁愛街2號,雲林縣元長鄉,雲林縣元長鄉,120.3148,23.6497,200,True,新港,70.0,11.0,Low Risk
聯美國小,聯豐路99號,雲林縣大埤鄉,雲林縣大埤鄉,120.397799,23.650369,100,True,新港,70.0,11.88,Low Risk
三崙國小,延平南路18號,雲林縣四湖鄉,雲林縣四湖鄉,120.15602,23.6517,100,True,臺西,57.0,7.14,Low Risk
新社國小二樓綜合教室,150號,花蓮縣豐濱鄉,花蓮縣豐濱鄉,121.5354,23.6519,200,True,花蓮,40.0,36.11,Low Risk
光復鄉立托兒所,中山路一段216巷8號,花蓮縣光復鄉,花蓮縣光復鄉,121.4184,23.6521,100,True,花蓮,40.0,40.0,Low Risk
元長國小,長南村元西路76號,雲林縣元長鄉,雲林縣元長鄉,120.3092,23.6522,500,True,新港,70.0,11.44,Low Risk
花嶼社區發展協會,花嶼76-3號,澎湖縣望安鄉,澎湖縣西嶼鄉,119.5174,23.6527,60,True,馬公,42.0,10.55,Low Risk
荷苞建德寺,小坑5號,雲林縣古坑鄉,雲林縣古坑鄉,120.5914,23.654,200,True,斗六,83.0,7.98,Low Risk
大池社區活動中心,大池村11-5號,澎湖縣西嶼鄉,澎湖縣西嶼鄉,119.5166,23.6541,28,True,馬公,42.0,10.72,Low Risk
信義國小,五塊村北水8號,雲林縣元長鄉,雲林縣元長鄉,120.2804,23.6571,200,True,臺西,57.0,9.66,Low Risk
三條崙海清宮,海清路93號,雲林縣四湖鄉,雲林縣四湖鄉,120.1534,23.6576,500,True,臺西,57.0,6.82,Low Risk
西南活動中心,中正路二段72巷14號,花蓮縣光復鄉,花蓮縣光復鄉,121.4494,23.6584,100,True,花蓮,40.0,38.01,Low Risk
豐田活動中心,豐田12-1號,雲林縣大埤鄉,雲林縣大埤鄉,120.442375,23.65841,50,True,斗六,83.0,12.02,Low Risk
和平國小,子茂村4號,雲林縣元長鄉,雲林縣元長鄉,120.3362,23.6586,200,True,崙背,69.0,11.08,Low Risk
下庄活動中心,下庄18-1號,雲林縣土庫鎮,雲林縣土庫鎮,120.3853,23.6588,46,True,崙背,69.0,11.59,Low Risk
瑞竹社區活動中心,鯉南路305-15號,南投縣竹山鎮,南投縣竹山鎮,120.6599,23.6597,100,True,竹山,80.0,10.9,Low Risk
太巴塱國小,中正路二段23號,花蓮縣光復鄉,花蓮縣光復鄉,121.4484,23.6601,100,True,花蓮,40.0,37.88,Low Risk
綺湖社區?人活動中心,綺湖134號,雲林縣土庫鎮,雲林縣土庫鎮,120.3601,23.661,35,True,崙背,69.0,10.8,Low Risk
仁和國小,仁和路4號,雲林縣大埤鄉,雲林縣大埤鄉,120.420525,23.661589,100,True,崙背,69.0,12.93,Low Risk
水碓國小,水碓路97號,雲林縣古坑鄉,雲林縣古坑鄉,120.5662,23.6623,200,True,斗六,83.0,5.92,Low Risk
大同活動中心,中正路一段370號,花蓮縣光復鄉,花蓮縣光復鄉,121.431,23.6633,100,True,花蓮,40.0,38.31,Low Risk
瑞竹國小活動中心,鯉南路251號,南投縣竹山鎮,南投縣竹山鎮,120.6664,23.664,100,True,竹山,80.0,10.33,Low Risk
嘉隆社區活動中心,東勢鄉嘉隆村守密街51之1號,雲林縣東勢鄉,雲林縣東勢鄉,120.2592,23.6656,78,True,臺西,57.0,7.33,Low Risk
溪埔寮農民休閒活動中心,溪埔27-2號,雲林縣土庫鎮,雲林縣土庫鎮,120.3939,23.6666,113,True,崙背,69.0,11.11,Low Risk
橋真國小,延平路二段642號,雲林縣斗南鎮,雲林縣斗南鎮,120.4751,23.6675,375,True,斗六,83.0,8.66,Low Risk
安南宮,成功路178號,雲林縣臺西鄉,雲林縣臺西鄉,120.2098,23.6676,100,True,臺西,57.0,3.99,Low Risk
豐丘基督長老教會,高平巷28-1號,南投縣信義鄉,南投縣信義鄉,120.873025,23.669128,60,True,南投（鹿谷）,29.0,9.71,Low Risk
田心社區活動中心,田心路59號之1,雲林縣古坑鄉,雲林縣古坑鄉,120.5413,23.6693,20,True,斗六,83.0,4.75,Low Risk
光復鄉公所,中華路257號,花蓮縣光復鄉,花蓮縣光復鄉,121.4233,23.6694,100,True,花蓮,40.0,38.07,Low Risk
埤腳活動中心,埤腳115-1號,雲林縣土庫鎮,雲林縣土庫鎮,120.3489,23.67,67,True,崙背,69.0,9.73,Low Risk
豐丘活動中心,高平巷7-1號,南投縣信義鄉,南投縣信義鄉,120.874935,23.670189,100,True,南投（鹿谷）,29.0,9.81,Low Risk
光復國中,林森路200號,花蓮縣光復鄉,花蓮縣光復鄉,121.4248,23.6705,100,True,花蓮,40.0,37.89,Low Risk
豐丘體技場,高平巷8號,南投縣信義鄉,南投縣信義鄉,120.875111,23.670517,100,True,南投（鹿谷）,29.0,9.8,Low Risk
東勢國民中學活動中心,東勢鄉嘉隆村東榮路65號,雲林縣東勢鄉,雲林縣東勢鄉,120.2571,23.6724,200,True,臺西,57.0,6.75,Low Risk
高林社區活動中心,高林路61號,雲林縣古坑鄉,雲林縣古坑鄉,120.5702,23.6737,20,True,斗六,83.0,4.96,Low Risk
東南社區活動中心,東勢鄉東南村東榮路9巷8-1號,雲林縣東勢鄉,雲林縣東勢鄉,120.2555,23.6739,81,True,臺西,57.0,6.53,Low Risk
坪頂里集會所,坪頂路36號,南投縣竹山鎮,南投縣竹山鎮,120.6732,23.6742,50,True,竹山,80.0,9.15,Low Risk
東勢國民小學活動中心,東榮路29巷9號,雲林縣東勢鄉,雲林縣東勢鄉,120.2571,23.6743,238,True,臺西,57.0,6.65,Low Risk
"明山大飯店室內空間,儲藏室,大廳",興產路2-3號,南投縣鹿谷鄉,南投縣鹿谷鄉,120.7963,23.6743,300,True,南投（鹿谷）,29.0,4.94,Low Risk
東勢鄉賜安宮香客大樓,四安路25號,雲林縣東勢鄉,雲林縣東勢鄉,120.2542,23.6744,134,True,臺西,57.0,6.38,Low Risk
東勢鄉公所3樓,東勢鄉東南村所前街3號,雲林縣東勢鄉,雲林縣東勢鄉,120.2527,23.6754,262,True,臺西,57.0,6.2,Low Risk
順安宮明德大樓,長安路126號,雲林縣斗南鎮,雲林縣斗南鎮,120.47345,23.675538,240,True,斗六,83.0,8.33,Low Risk
鯉南社區活動中心,鯉行路222號,南投縣竹山鎮,南投縣竹山鎮,120.6562,23.6757,20,True,竹山,80.0,9.23,Low Risk
程海社區活動中心,東勢鄉程海村程海路53號,雲林縣東勢鄉,雲林縣東勢鄉,120.2325,23.6761,56,True,臺西,57.0,4.45,Low Risk
第一老人文康活動中心,新建路1-6號,雲林縣土庫鎮,雲林縣土庫鎮,120.388,23.6766,96,True,崙背,69.0,9.85,Low Risk
林厝寮順天府,中華路81號,雲林縣四湖鄉,雲林縣四湖鄉,120.1798,23.677,150,True,臺西,57.0,3.43,Low Risk
東明國中,中興路111號,雲林縣斗南鎮,雲林縣斗南鎮,120.4701,23.6778,252,True,斗六,83.0,8.51,Low Risk
東北社區活動中心,東勢鄉東北村民權路110號,雲林縣東勢鄉,雲林縣東勢鄉,120.2583,23.6779,82,True,臺西,57.0,6.58,Low Risk
扶朝活動中心,扶朝40-8號,雲林縣土庫鎮,雲林縣土庫鎮,120.3624,23.6787,96,True,崙背,69.0,8.88,Low Risk
山內國小,山內村南山路3號,雲林縣元長鄉,雲林縣元長鄉,120.3124,23.6791,200,True,崙背,69.0,9.48,Low Risk
復興社區活動中心,東勢鄉復興村復興路28-1號,雲林縣東勢鄉,雲林縣東勢鄉,120.2781,23.6798,56,True,臺西,57.0,8.4,Low Risk
斗南國小,文昌路150號,雲林縣斗南鎮,雲林縣斗南鎮,120.4795,23.6803,525,True,斗六,83.0,7.54,Low Risk
斗南高中,中山路202號,雲林縣斗南鎮,雲林縣斗南鎮,120.4772,23.6811,485,True,斗六,83.0,7.7,Low Risk
崙?社區活動中心,仁義路38號,雲林縣斗六市,雲林縣斗六市,120.5421,23.6811,50,True,斗六,83.0,3.43,Low Risk
嘉東社區活動中心,嘉東中路21號,雲林縣斗六市,雲林縣斗六市,120.5529,23.6816,40,True,斗六,83.0,3.46,Low Risk
土庫鎮公所活動中心,中興路175號,雲林縣土庫鎮,雲林縣土庫鎮,120.3898,23.6822,44,True,崙背,69.0,9.36,Low Risk
月眉社區活動中心,東勢鄉月眉村月興路5-1號,雲林縣東勢鄉,雲林縣東勢鄉,120.2833,23.683,54,True,麥寮,58.0,8.47,Low Risk
深圳社區活動中心,永興路44-1號,雲林縣斗六市,雲林縣斗六市,120.5188,23.683011,60,True,斗六,83.0,4.17,Low Risk
尚德國小操場,溪頂12號,雲林縣臺西鄉,雲林縣臺西鄉,120.18994,23.683116,150,True,臺西,57.0,2.33,Low Risk
他里霧親水公園,西岐段1454-4號,雲林縣斗南鎮,雲林縣斗南鎮,120.473687,23.683638,3079,False,斗六,83.0,7.91,Warning
大荖里活動中心,大荖路47號,雲林縣土庫鎮,雲林縣土庫鎮,120.3692,23.6842,60,True,崙背,69.0,8.42,Low Risk
東富國小,東富路60號,花蓮縣光復鄉,花蓮縣光復鄉,121.4825,23.6845,100,True,花蓮,40.0,34.05,Low Risk
東和國小,文化路120號,雲林縣古坑鄉,雲林縣古坑鄉,120.5686,23.6849,100,True,斗六,83.0,3.84,Low Risk
山腳里集會所暨活動中心,虎山路299號,南投縣草屯鎮,南投縣信義鄉,120.964468,23.685655,120,True,南投（鹿谷）,29.0,17.69,Low Risk
新厝里集會所暨活動中心,新富一街1號,南投縣草屯鎮,南投縣信義鄉,120.969481,23.686017,100,True,南投（鹿谷）,29.0,18.18,Low Risk
土庫國中樂群堂,復興路318號,雲林縣土庫鎮,雲林縣土庫鎮,120.3886,23.6862,400,True,崙背,69.0,8.91,Low Risk
棋山國小,棋山49號,雲林縣古坑鄉,雲林縣古坑鄉,120.6038,23.6864,100,True,斗六,83.0,6.62,Low Risk
風斗避難中心,陽和巷54號,南投縣信義鄉,南投縣信義鄉,120.850886,23.689635,30,True,南投（鹿谷）,29.0,6.59,Low Risk
興南社區活動中心,興南57之5號,雲林縣虎尾鎮,雲林縣虎尾鎮,120.4392,23.6905,102,True,斗六,83.0,11.03,Low Risk
雲林縣褒忠鄉公所,褒忠鄉中民村中正路451號,雲林縣褒忠鄉,雲林縣褒忠鄉,120.304,23.6912,150,True,崙背,69.0,8.67,Low Risk
南聖宮,南聖路301號,雲林縣斗六市,雲林縣斗六市,120.5675,23.6921,200,True,斗六,83.0,3.17,Low Risk
龍潭社區活動中心,東勢鄉龍潭村仁愛路43號,雲林縣東勢鄉,雲林縣東勢鄉,120.2421,23.6924,56,True,臺西,57.0,4.49,Low Risk
福興社區活動中心,鯉南路191號,南投縣竹山鎮,南投縣竹山鎮,120.6639,23.6928,50,True,竹山,80.0,7.2,Low Risk
重光社區活動中心,重光路43號,雲林縣斗六市,雲林縣斗六市,120.56614,23.693394,80,True,斗六,83.0,2.97,Low Risk
廣安宮,鯉南路186號,南投縣竹山鎮,南投縣竹山鎮,120.663,23.6938,50,True,竹山,80.0,7.11,Low Risk
五榔農民活動中心,五榔24-2號,雲林縣臺西鄉,雲林縣臺西鄉,120.229553,23.69461,150,True,臺西,57.0,3.19,Low Risk
昌南社區活動中心,東勢鄉昌南村昌南路119-2號,雲林縣東勢鄉,雲林縣東勢鄉,120.2608,23.6954,32,True,臺西,57.0,6.3,Low Risk
馬太鞍社區活動中心,5鄰75號,花蓮縣萬榮鄉,花蓮縣萬榮鄉,121.4018,23.696,80,True,花蓮,40.0,36.64,Low Risk
長平社區活動中心,長平南路38號,雲林縣斗六市,雲林縣斗六市,120.502,23.6965,80,True,斗六,83.0,4.7,Low Risk
雲林縣私立揚子中學活動中心,林森路二段541號,雲林縣虎尾鎮,雲林縣虎尾鎮,120.42327,23.696759,56,True,崙背,69.0,10.16,Low Risk
信義國中 -禮堂,玉山路116-1號,南投縣信義鄉,南投縣信義鄉,120.854232,23.696888,150,True,南投（鹿谷）,29.0,6.55,Low Risk
三合社區活動中心,舊部31之1號,雲林縣虎尾鎮,雲林縣虎尾鎮,120.4063,23.6977,21,True,崙背,69.0,8.87,Low Risk
大鞍國小活動中心,竹寮巷11號,南投縣竹山鎮,南投縣竹山鎮,120.7169,23.699,100,True,竹山,80.0,7.55,Low Risk
褒忠國中,褒忠鄉埔姜村中勝路62號,雲林縣褒忠鄉,雲林縣褒忠鄉,120.3108,23.6992,300,True,崙背,69.0,7.55,Low Risk
慈海宮,中山路399巷35-1號,雲林縣臺西鄉,雲林縣臺西鄉,120.191,23.6996,350,True,臺西,57.0,0.9,Low Risk
馬鳴山鎮安宮,褒忠鄉馬鳴村鎮安路31號,雲林縣褒忠鄉,雲林縣褒忠鄉,120.2787,23.6998,200,True,麥寮,58.0,6.57,Low Risk
雲林國中,明德路599號,雲林縣斗六市,雲林縣斗六市,120.532757,23.699976,1000,True,斗六,83.0,1.82,Low Risk
梅林社區活動中心,內林路77-1號,雲林縣斗六市,雲林縣斗六市,120.6046,23.7003,40,True,斗六,83.0,6.2,Low Risk
安海宮,民權路6巷2號,雲林縣臺西鄉,雲林縣臺西鄉,120.2009,23.7004,300,True,臺西,57.0,0.25,Low Risk
褒忠國小,褒忠鄉埔姜村中勝路72號,雲林縣褒忠鄉,雲林縣褒忠鄉,120.3105,23.7008,300,True,崙背,69.0,7.41,Low Risk
芳草社區活動中心,芳草69之1號,雲林縣虎尾鎮,雲林縣虎尾鎮,120.3802,23.7008,122,True,崙背,69.0,7.08,Low Risk
臺西國中操場,中山路408號,雲林縣臺西鄉,雲林縣臺西鄉,120.191626,23.701187,350,True,臺西,57.0,0.79,Low Risk
奉聖宮,竹寮巷19-15號,南投縣竹山鎮,南投縣竹山鎮,120.7167,23.7014,50,True,竹山,80.0,7.31,Low Risk
褒忠鄉立托兒所,褒忠鄉埔姜村中勝路72-2號,雲林縣褒忠鄉,雲林縣褒忠鄉,120.3113,23.7015,200,True,崙背,69.0,7.31,Low Risk
安南社區活動中心,東勢鄉安南村安南路2之2號,雲林縣東勢鄉,雲林縣東勢鄉,120.2524,23.7016,34,True,臺西,57.0,5.4,Low Risk
虎尾科技大學第四期教室,文化路64號（進修推廣部）,雲林縣虎尾鎮,雲林縣虎尾鎮,120.4296,23.7017,63,True,崙背,69.0,10.31,Low Risk
虎尾科技大學第三期教室,文化路64號（教務處）,雲林縣虎尾鎮,雲林縣虎尾鎮,120.4296,23.7017,88,True,崙背,69.0,10.31,Low Risk
虎尾科技大學第ㄧ期教室,文化路64號（通識中心）,雲林縣虎尾鎮,雲林縣虎尾鎮,120.4296,23.7017,256,True,崙背,69.0,10.31,Low Risk
虎尾科技大學第二期教室,文化路64號（教務處）,雲林縣虎尾鎮,雲林縣虎尾鎮,120.4296,23.7017,390,True,崙背,69.0,10.31,Low Risk
臺西國小操場,民權路9號,雲林縣臺西鄉,雲林縣臺西鄉,120.199483,23.701788,150,True,臺西,57.0,0.05,Low Risk
和雅社區活動中心,愛鄉路47-10號,南投縣鹿谷鄉,南投縣鹿谷鄉,120.7753,23.7029,60,True,南投（鹿谷）,29.0,2.62,Low Risk
新吉社區活動中心,新吉61之1號,雲林縣虎尾鎮,雲林縣虎尾鎮,120.419,23.7039,103,True,崙背,69.0,9.31,Low Risk
西屯社區活動中心,164之1號,雲林縣虎尾鎮,雲林縣虎尾鎮,120.3893,23.7044,117,True,崙背,69.0,7.21,Low Risk
南平活動中心,仁愛街31號,雲林縣土庫鎮,雲林縣土庫鎮,120.3532,23.7045,74,True,崙背,69.0,5.92,Low Risk
東屯社區活動中心,162號,雲林縣虎尾鎮,雲林縣虎尾鎮,120.3903,23.7045,54,True,崙背,69.0,7.26,Low Risk
崇修堂,中山路149巷20號,雲林縣斗六市,雲林縣斗六市,120.54064,23.704635,200,True,斗六,83.0,0.92,Low Risk
復興國小,褒忠鄉新湖村復興路71號,雲林縣褒忠鄉,雲林縣褒忠鄉,120.2839,23.7048,150,True,麥寮,58.0,6.32,Low Risk
明利社區活動中心,2鄰34-8號,花蓮縣萬榮鄉,花蓮縣萬榮鄉,121.412375,23.704834,100,True,花蓮,40.0,35.23,Low Risk
安南國民小學活動中心,東勢鄉安南村安南路109號,雲林縣東勢鄉,雲林縣東勢鄉,120.2492,23.705,234,True,臺西,57.0,5.09,Low Risk
梅林國小,梅林路256號,雲林縣斗六市,雲林縣斗六市,120.594878,23.705004,200,True,斗六,83.0,5.14,Low Risk
馬光國小學生活動中心,馬光路174號,雲林縣土庫鎮,雲林縣土庫鎮,120.3536,23.7053,297,True,崙背,69.0,5.83,Low Risk
立仁國小活動中心,立仁街40號,雲林縣虎尾鎮,雲林縣虎尾鎮,120.4283,23.7059,114,True,崙背,69.0,9.93,Low Risk
忠孝里集會所活動中心,中正路7號,雲林縣斗六市,雲林縣斗六市,120.5402,23.7061,50,True,斗六,83.0,0.8,Low Risk
第二老人文康活動中心,民權路43-2號,雲林縣土庫鎮,雲林縣土庫鎮,120.3511,23.7066,111,True,崙背,69.0,5.67,Low Risk
信義里集會所活動中心,文化路6號4樓,雲林縣斗六市,雲林縣斗六市,120.5499,23.7067,50,True,斗六,83.0,0.76,Low Risk
正心中學,正心路1號,雲林縣斗六市,雲林縣斗六市,120.5363,23.7072,1200,True,斗六,83.0,1.03,Low Risk
平和國小地下室,光復路22號,雲林縣虎尾鎮,雲林縣虎尾鎮,120.450732,23.707249,126,True,斗六,83.0,9.61,Low Risk
磯崎村辦公處活動中心,71號,花蓮縣豐濱鄉,花蓮縣豐濱鄉,121.5419,23.7085,0,True,花蓮,40.0,29.81,Low Risk
愛國活動中心,愛國巷114-1號,南投縣信義鄉,南投縣信義鄉,120.853432,23.709187,100,True,南投（鹿谷）,29.0,6.09,Low Risk
北溪社區活動中心,北溪81之1號,雲林縣虎尾鎮,雲林縣虎尾鎮,120.4045,23.7095,97,True,崙背,69.0,7.79,Low Risk
國立虎尾高級中學金英館,光復路222號,雲林縣虎尾鎮,雲林縣虎尾鎮,120.4433,23.7095,357,True,斗六,83.0,10.36,Low Risk
長橋社區活動中心,長橋路4號,花蓮縣鳳林鎮,花蓮縣鳳林鎮,121.4195,23.7097,50,True,花蓮,40.0,34.39,Low Risk
萬榮鄉立幼兒園,1鄰13-3號,花蓮縣萬榮鄉,花蓮縣萬榮鄉,121.414808,23.709766,50,True,花蓮,40.0,34.64,Low Risk
下溪社區活動中心,大庄77-1號,雲林縣虎尾鎮,雲林縣虎尾鎮,120.4605,23.7102,69,True,斗六,83.0,8.6,Low Risk
內湖國小專科教室2間,興產路71號,南投縣鹿谷鄉,南投縣鹿谷鄉,120.7818,23.7113,150,True,南投（鹿谷）,29.0,1.53,Low Risk
同安國小活動中心,東勢鄉同安村同安路67號,雲林縣東勢鄉,雲林縣東勢鄉,120.2657,23.7116,91,True,麥寮,58.0,4.87,Low Risk
多功能活動中心,大成街123號,雲林縣虎尾鎮,雲林縣虎尾鎮,120.4491,23.7116,360,True,斗六,83.0,9.76,Low Risk
安慶國小地下室,民主路36號,雲林縣虎尾鎮,雲林縣虎尾鎮,120.4402,23.7117,90,True,崙背,69.0,10.61,Low Risk
虎尾鎮立體育場,5鄰水源路10-10號,雲林縣虎尾鎮,雲林縣虎尾鎮,120.432713,23.711752,6000,True,崙背,69.0,9.95,Low Risk
斗六國中,育英北街69號,雲林縣斗六市,雲林縣斗六市,120.5512,23.7129,1000,True,斗六,83.0,0.64,Low Risk
忠信活動中心,中平巷32-5號,南投縣信義鄉,南投縣信義鄉,120.868377,23.712945,50,True,南投（鹿谷）,29.0,7.55,Low Risk
虎尾國小體育館,明正路88號,雲林縣虎尾鎮,雲林縣虎尾鎮,120.4315,23.7135,686,True,崙背,69.0,9.74,Low Risk
斗六市老人文康活動中心,莊敬路62號,雲林縣斗六市,雲林縣斗六市,120.5428,23.7138,200,True,斗六,83.0,0.31,Low Risk
斗六公園,莊敬路62號前,雲林縣斗六市,雲林縣斗六市,120.5428,23.7138,500,False,斗六,83.0,0.31,Warning
萬榮社區活動中心,1鄰8號,花蓮縣萬榮鄉,花蓮縣萬榮鄉,121.410119,23.714392,50,True,花蓮,40.0,34.47,Low Risk
虎尾高級農工職業學校活動中心,博愛路65號,雲林縣虎尾鎮,雲林縣虎尾鎮,120.4368,23.7146,647,True,崙背,69.0,10.16,Low Risk
鯉魚國小活動中心,鯉行路92號,南投縣竹山鎮,南投縣竹山鎮,120.6545,23.7152,100,True,竹山,80.0,5.13,Low Risk
新坤社區活動中心,東勢鄉新坤村新吉路5-5號,雲林縣東勢鄉,雲林縣東勢鄉,120.251,23.7156,25,True,麥寮,58.0,4.22,Low Risk
潮厝國小,褒忠鄉潮厝村潮厝96號,雲林縣褒忠鄉,雲林縣褒忠鄉,120.3352,23.7159,150,True,崙背,69.0,4.83,Low Risk
崇德國中桌球館,文科路1530號,雲林縣虎尾鎮,雲林縣虎尾鎮,120.4173,23.7171,357,True,崙背,69.0,8.3,Low Risk
石榴國中,光復路66號,雲林縣斗六市,雲林縣斗六市,120.5928,23.7176,600,True,斗六,83.0,4.91,Low Risk
森榮里辦公處,林森路113-1號,花蓮縣鳳林鎮,花蓮縣鳳林鎮,121.3972,23.7176,30,True,花蓮,40.0,34.93,Low Risk
堀頭社區活動中心,堀頭52號,雲林縣虎尾鎮,雲林縣虎尾鎮,120.4505,23.7182,74,True,斗六,83.0,9.65,Low Risk
三塊厝社區活動中心,三塊厝7之2號,雲林縣虎尾鎮,雲林縣虎尾鎮,120.4734,23.7182,39,True,斗六,83.0,7.32,Low Risk
中溪社區活動中心,溪埔10之1號,雲林縣虎尾鎮,雲林縣虎尾鎮,120.4614,23.7183,85,True,斗六,83.0,8.54,Low Risk
安西府,五港村中央路76號,雲林縣臺西鄉,雲林縣臺西鄉,120.2007,23.7185,2510,True,臺西,57.0,1.82,Low Risk
堀頭里活動中心,6鄰堀頭86-1號,雲林縣虎尾鎮,雲林縣虎尾鎮,120.451553,23.718646,52,True,斗六,83.0,9.54,Low Risk
虎溪社區活動中心,虎溪路67-2號,雲林縣斗六市,雲林縣斗六市,120.522752,23.719842,40,True,斗六,83.0,2.43,Low Risk
崙豐國小操場,崙豐路42號,雲林縣臺西鄉,雲林縣臺西鄉,120.209759,23.720327,150,True,臺西,57.0,2.28,Low Risk
埒內社區活動中心,埒內143之5號,雲林縣虎尾鎮,雲林縣虎尾鎮,120.4455,23.7208,84,True,斗六,83.0,10.18,Low Risk
安溪社區活動中心,安溪6號,雲林縣虎尾鎮,雲林縣虎尾鎮,120.4432,23.721,98,True,斗六,83.0,10.41,Low Risk
進安府香客大樓,永豐村崙豐65號,雲林縣臺西鄉,雲林縣臺西鄉,120.2097,23.7218,120,True,臺西,57.0,2.42,Low Risk
四美社區活動中心,東勢鄉四美村四美路65-5號,雲林縣東勢鄉,雲林縣東勢鄉,120.2443,23.7223,32,True,麥寮,58.0,3.55,Low Risk
田子里集會所,田東路43-6號,南投縣竹山鎮,南投縣竹山鎮,120.6886,23.7224,30,True,竹山,80.0,3.95,Low Risk
廉使社區活動中心,廉使1020號,雲林縣虎尾鎮,雲林縣虎尾鎮,120.4201,23.723,80,True,崙背,69.0,8.22,Low Risk
龍巖國小,褒忠鄉田洋村民生路28巷15號,雲林縣褒忠鄉,雲林縣褒忠鄉,120.3012,23.7233,150,True,麥寮,58.0,6.04,Low Risk
榴中社區活動中心,中興路1號,雲林縣斗六市,雲林縣斗六市,120.581,23.7241,100,True,斗六,83.0,3.91,Low Risk
虎尾國中活動中心,中興153號,雲林縣虎尾鎮,雲林縣虎尾鎮,120.4559,23.7243,325,True,斗六,83.0,9.18,Low Risk
龍潭健康公園,雲林縣議會對面公園,雲林縣斗六市,雲林縣斗六市,120.581,23.7246,200,False,斗六,83.0,3.93,Warning
明聖宮,溪頂路165-3號,雲林縣臺西鄉,雲林縣臺西鄉,120.212596,23.724606,300,True,臺西,57.0,2.84,Low Risk
鎮西國小,西平路3號,雲林縣斗六市,雲林縣斗六市,120.5861,23.7247,500,True,斗六,83.0,4.42,Low Risk
竹林村集會所,光復路174-7號,南投縣鹿谷鄉,南投縣鹿谷鄉,120.758,23.7256,300,True,南投（鹿谷）,29.0,3.79,Low Risk
榴北社區活動中心,南環路86號,雲林縣斗六市,雲林縣斗六市,120.576,23.725612,80,True,斗六,83.0,3.51,Low Risk
明德里多功能活動中心,鎮北路712號,雲林縣斗六市,雲林縣斗六市,120.53765,23.726344,50,True,斗六,83.0,1.78,Low Risk
湖本活動中心,三權路28號,雲林縣林內鄉,雲林縣林內鄉,120.6229,23.7266,30,True,竹山,80.0,6.45,Low Risk
福田社區活動中心,鯉南路136-1號,南投縣竹山鎮,南投縣竹山鎮,120.6665,23.7278,15,True,竹山,80.0,3.36,Low Risk
過溪國小活動中心,鯉南路136號,南投縣竹山鎮,南投縣竹山鎮,120.6665,23.7278,100,True,竹山,80.0,3.36,Low Risk
惠來社區活動中心,惠來113之1號,雲林縣虎尾鎮,雲林縣虎尾鎮,120.4842,23.7291,103,True,斗六,83.0,6.48,Low Risk
鳳信社區活動中心,中正路1段120巷24號,花蓮縣鳳林鎮,花蓮縣鳳林鎮,121.4434,23.7297,50,True,花蓮,40.0,31.22,Low Risk
中溪國民小學教室,過溪63號,雲林縣虎尾鎮,雲林縣虎尾鎮,120.461735,23.729841,40,True,斗六,83.0,8.71,Low Risk
中溪國民小學運動場,過溪63號,雲林縣虎尾鎮,雲林縣虎尾鎮,120.461735,23.729841,200,True,斗六,83.0,8.71,Low Risk
竹豐社區活動中心,光復路92-12號,南投縣鹿谷鄉,南投縣鹿谷鄉,120.75,23.7314,200,True,南投（鹿谷）,29.0,4.74,Low Risk
鳳凰社區活動中心,仁義路14-8號,南投縣鹿谷鄉,南投縣鹿谷鄉,120.7846,23.7361,200,True,南投（鹿谷）,29.0,2.18,Low Risk
德興里集會所,德興巷43號,南投縣竹山鎮,南投縣竹山鎮,120.6702,23.7365,100,True,竹山,80.0,2.33,Low Risk
郡坑國小,水信路3段303巷8號,南投縣水里鄉,南投縣水里鄉,120.855427,23.73696,200,True,南投（鹿谷）,29.0,6.53,Low Risk
廣興社區活動中心,光復路200號,南投縣鹿谷鄉,南投縣鹿谷鄉,120.7611,23.7374,250,True,南投（鹿谷）,29.0,3.98,Low Risk
坪頂集戶,三部三路9號,南投縣水里鄉,南投縣水里鄉,120.857857,23.737705,50,True,南投（鹿谷）,29.0,6.79,Low Risk
秀林里集會所,頂林路369-6號,南投縣竹山鎮,南投縣竹山鎮,120.6877,23.738,100,True,竹山,80.0,2.3,Low Risk
新興國小操場,復興路53號,雲林縣臺西鄉,雲林縣臺西鄉,120.222261,23.739817,150,True,麥寮,58.0,3.37,Low Risk
郡坑派出所,10鄰郡坑巷26號,南投縣水里鄉,南投縣水里鄉,120.858177,23.740478,50,True,南投（鹿谷）,29.0,6.92,Low Risk
光復國小教室,11鄰39號,雲林縣虎尾鎮,雲林縣虎尾鎮,120.401894,23.740995,20,True,崙背,69.0,5.71,Low Risk
樂活會館,中華路2號,花蓮縣鳳林鎮,花蓮縣鳳林鎮,121.449348,23.741218,150,True,花蓮,40.0,29.81,Low Risk
湖山社區活動中心,楓湖路92號,雲林縣斗六市,雲林縣斗六市,120.555534,23.741409,40,True,斗六,83.0,3.46,Low Risk
溪洲國小,萬年路809號,雲林縣斗六市,雲林縣斗六市,120.555534,23.741409,200,True,斗六,83.0,3.46,Low Risk
來惠國民小學,惠來路12號,雲林縣二崙鄉,雲林縣虎尾鎮,120.4163,23.7424,500,True,崙背,69.0,7.08,Low Risk
鳳林鎮藝文中心,中正路2段1號,花蓮縣鳳林鎮,花蓮縣鳳林鎮,121.4472,23.7429,300,True,花蓮,40.0,29.76,Low Risk
土城里集會所,中正路167之15號,南投縣草屯鎮,南投縣信義鄉,120.984755,23.743495,60,True,南投（鹿谷）,29.0,19.56,Low Risk
鳳林國中進德堂,鳳林鎮光復路8號,花蓮縣鳳林鎮,花蓮縣鳳林鎮,121.4488,23.7439,350,True,花蓮,40.0,29.58,Low Risk
九芎國小,文化路10號,雲林縣林內鄉,雲林縣林內鄉,120.6031,23.7441,75,True,斗六,83.0,6.92,Low Risk
鳳林鎮公所,光華路124號,花蓮縣鳳林鎮,花蓮縣鳳林鎮,121.4518,23.7447,80,True,花蓮,40.0,29.35,Low Risk
吳厝國小,四四號,雲林縣西螺鎮,雲林縣西螺鎮,120.4229,23.745,120,True,崙背,69.0,7.68,Low Risk
吳厝里活動中心,吳厝81-1號號,雲林縣西螺鎮,雲林縣西螺鎮,120.4235,23.7456,50,True,崙背,69.0,7.72,Low Risk
鹿谷鄉公所,中正路2段73號,南投縣鹿谷鄉,南投縣鹿谷鄉,120.7532,23.7457,100,True,南投（鹿谷）,29.0,5.17,Low Risk
彰雅社區活動中心,和興巷21 號,南投縣鹿谷鄉,南投縣鹿谷鄉,120.7559,23.7459,200,True,南投（鹿谷）,29.0,4.96,Low Risk
"鳳禮,鳳智里活動中心",大同街7-1號,花蓮縣鳳林鎮,花蓮縣鳳林鎮,121.451,23.746,60,True,花蓮,40.0,29.27,Low Risk
凍頂集會所,凍頂巷10-12號,南投縣鹿谷鄉,南投縣鹿谷鄉,120.7685,23.7466,200,True,南投（鹿谷）,29.0,4.08,Low Risk
十三社區活動中心,十三南路3-5號,雲林縣斗六市,雲林縣斗六市,120.569365,23.746632,40,True,斗六,83.0,4.59,Low Risk
鎮南宮餐廳,22鄰新興路27-6號,雲林縣麥寮鄉,雲林縣麥寮鄉,120.2518,23.7469,665,True,麥寮,58.0,0.73,Low Risk
拱範宮停車場香客大樓,中山路3號,雲林縣麥寮鄉,雲林縣麥寮鄉,120.2554,23.7469,0,True,麥寮,58.0,0.82,Low Risk
??里集會所,鯉南路99-1號,南投縣竹山鎮,南投縣竹山鎮,120.6758,23.7469,100,True,竹山,80.0,1.07,Low Risk
九芎活動中心,中央路160-3號,雲林縣林內鄉,雲林縣林內鄉,120.6008,23.7471,30,True,斗六,83.0,6.9,Low Risk
公館里活動中心,公?109號,雲林縣西螺鎮,雲林縣西螺鎮,120.4533,23.7474,50,True,斗六,83.0,10.14,Low Risk
興華社區活動中心,16鄰興華50-1號,雲林縣麥寮鄉,雲林縣麥寮鄉,120.2948,23.7479,180,True,麥寮,58.0,4.42,Low Risk
鹿谷社區活動中心,興農巷50-6號,南投縣鹿谷鄉,南投縣鹿谷鄉,120.7527,23.7489,200,True,南投（鹿谷）,29.0,5.42,Low Risk
鳳義社區活動中心,鳳林鎮水源路56-2號,花蓮縣鳳林鎮,花蓮縣鳳林鎮,121.4393,23.7491,50,True,花蓮,40.0,29.61,Low Risk
鹿場里活動中心,西螺鎮鹿場里82號,雲林縣西螺鎮,雲林縣西螺鎮,120.4735,23.7498,50,True,斗六,83.0,8.41,Low Risk
鳳仁社區活動中心,中華路111號,花蓮縣鳳林鎮,花蓮縣鳳林鎮,121.452,23.7498,50,True,花蓮,40.0,28.85,Low Risk
莿桐國中,農校路1號,雲林縣莿桐鄉,雲林縣莿桐鄉,120.507665,23.750013,100,True,斗六,83.0,5.7,Low Risk
新生社區活動中心,新生路346號,南投縣竹山鎮,南投縣竹山鎮,120.676,23.7503,150,True,竹山,80.0,0.69,Low Risk
新生社區活動中心,新生路346號,南投縣竹山鎮,南投縣竹山鎮,120.676,23.7503,150,True,竹山,80.0,0.69,Low Risk
永隆社區活動中心,仁義路41-12號,南投縣鹿谷鄉,南投縣鹿谷鄉,120.7766,23.7508,300,True,南投（鹿谷）,29.0,4.01,Low Risk
三和國民小學,三和路17號,雲林縣二崙鄉,雲林縣二崙鄉,120.406,23.7511,500,True,崙背,69.0,5.87,Low Risk
坪頂製茶中心,63-5號,雲林縣林內鄉,雲林縣林內鄉,120.6373,23.7511,50,True,竹山,80.0,4.11,Low Risk
鳳仁國小羽球館,鳳林鎮光復路94號,花蓮縣鳳林鎮,花蓮縣鳳林鎮,121.4518,23.7512,300,True,花蓮,40.0,28.73,Low Risk
九隆里活動中心,九隆45-1號,雲林縣西螺鎮,雲林縣西螺鎮,120.4328,23.7522,50,True,崙背,69.0,8.58,Low Risk
榮村社區活動中心,榮村20-1號,雲林縣莿桐鄉,雲林縣莿桐鄉,120.513523,23.752278,70,True,斗六,83.0,5.52,Low Risk
桂林里集會所,中山路7-80號,南投縣竹山鎮,南投縣竹山鎮,120.6914,23.7523,100,True,竹山,80.0,1.5,Low Risk
大榮2村社區活動中心,復興路69號,花蓮縣鳳林鎮,花蓮縣鳳林鎮,121.4676,23.7523,50,True,花蓮,40.0,27.82,Low Risk
大榮1村社區活動中心,鳳林鎮大榮3路15號,花蓮縣鳳林鎮,花蓮縣鳳林鎮,121.4676,23.7523,50,True,花蓮,40.0,27.82,Low Risk
霄仁社區活動中心,霄仁厝47-17號,雲林縣麥寮鄉,雲林縣麥寮鄉,120.2747,23.753,100,True,麥寮,58.0,2.33,Low Risk
淵明國中,公園路3號,雲林縣林內鄉,雲林縣林內鄉,120.6144,23.7537,200,True,竹山,80.0,6.41,Low Risk
麥寮國小活動中心,中山路260號,雲林縣麥寮鄉,雲林縣麥寮鄉,120.2448,23.7538,200,True,麥寮,58.0,0.72,Low Risk
包公廟,下橫街一巷27-1號,南投縣竹山鎮,南投縣竹山鎮,120.6854,23.754,40,True,竹山,80.0,0.87,Low Risk
林中國小,公園4號,雲林縣林內鄉,雲林縣林內鄉,120.6153,23.7549,100,True,竹山,80.0,6.31,Low Risk
靈德廟城隍廟,下橫街16號,南投縣竹山鎮,南投縣竹山鎮,120.6857,23.7549,120,True,竹山,80.0,0.87,Low Risk
興天宮,中正巷13-7號,南投縣竹山鎮,南投縣竹山鎮,120.6971,23.7549,50,True,竹山,80.0,2.02,Low Risk
中正社區活動中心,中正巷22號,南投縣竹山鎮,南投縣竹山鎮,120.6967,23.7553,60,True,竹山,80.0,1.98,Low Risk
東興國小,東興路1號,雲林縣崙背鄉,雲林縣崙背鄉,120.374054,23.755745,27,True,崙背,69.0,2.58,Low Risk
賜福宮,12鄰92號,雲林縣二崙鄉,雲林縣二崙鄉,120.4159,23.7558,200,True,崙背,69.0,6.84,Low Risk
七座里活動中心,七座25號,雲林縣西螺鎮,雲林縣西螺鎮,120.4445,23.7559,50,True,崙背,69.0,9.75,Low Risk
竹山鎮第一公有零售市場,橫街90號,南投縣竹山鎮,南投縣竹山鎮,120.683024,23.75611,80,False,竹山,80.0,0.58,Warning
延山社區活動中心,大舜巷36-6號,南投縣竹山鎮,南投縣竹山鎮,120.7252,23.7562,50,True,竹山,80.0,4.87,Low Risk
林內國中,長源路200號,雲林縣林內鄉,雲林縣林內鄉,120.5935,23.7563,100,True,斗六,83.0,6.99,Low Risk
雲林國小活動中心,雲林里大明路666號,南投縣竹山鎮,南投縣竹山鎮,120.677,23.7568,150,True,竹山,80.0,0.06,Low Risk
成功國小,坪頂1號,雲林縣林內鄉,雲林縣林內鄉,120.6403,23.7569,30,True,竹山,80.0,3.77,Low Risk
祖師公廟三坪院,竹山路16號,南投縣竹山鎮,南投縣竹山鎮,120.6861,23.757,40,True,竹山,80.0,0.9,Low Risk
莿桐國小,莿桐鄉莿桐中正路147號,雲林縣莿桐鄉,雲林縣莿桐鄉,120.497619,23.757197,299,True,斗六,83.0,6.98,Low Risk
中崎社區活動中心,集山路3段1392號,南投縣竹山鎮,南投縣竹山鎮,120.6687,23.7575,50,True,竹山,80.0,0.88,Low Risk
崙背鄉立幼兒園,大同路156號,雲林縣崙背鄉,雲林縣崙背鄉,120.3456,23.7578,300,True,崙背,69.0,0.32,Low Risk
崙背國中,大成路91號,雲林縣崙背鄉,雲林縣崙背鄉,120.3489,23.758,882,True,崙背,69.0,0.05,Low Risk
羅厝村活動中心,東興路14鄰33-10號,雲林縣崙背鄉,雲林縣崙背鄉,120.3673,23.758,38,True,崙背,69.0,1.89,Low Risk
林南活動中心,成功路13號,雲林縣林內鄉,雲林縣林內鄉,120.6166,23.7585,30,True,竹山,80.0,6.18,Low Risk
延祥社區活動中心,鹿山路284巷13號,南投縣竹山鎮,南投縣竹山鎮,120.7022,23.7587,50,True,竹山,80.0,2.55,Low Risk
崙背國小,大成路154號,雲林縣崙背鄉,雲林縣崙背鄉,120.347209,23.758983,2267,True,崙背,69.0,0.22,Low Risk
林內國小,中正路111號,雲林縣林內鄉,雲林縣林內鄉,120.6175,23.7595,300,True,竹山,80.0,6.1,Low Risk
興華國小活動中心,興化1號,雲林縣麥寮鄉,雲林縣麥寮鄉,120.2882,23.7597,100,True,麥寮,58.0,3.77,Low Risk
延和國中活動中心,鹿山路40號,南投縣竹山鎮,南投縣竹山鎮,120.6953,23.7603,50,True,竹山,80.0,1.88,Low Risk
竹圍里集會所,7鄰枋坪巷1號,南投縣竹山鎮,南投縣竹山鎮,120.682,23.7605,40,True,竹山,80.0,0.66,Low Risk
奉天宮,中山路280號,雲林縣崙背鄉,雲林縣崙背鄉,120.353426,23.760759,225,True,崙背,69.0,0.6,Low Risk
莿桐鄉公所4樓禮堂,莿桐鄉莿桐村和平路53號,雲林縣莿桐鄉,雲林縣莿桐鄉,120.5027,23.7609,50,True,斗六,83.0,6.95,Low Risk
莿桐鄉公所4樓禮堂,和平路53號,雲林縣莿桐鄉,雲林縣莿桐鄉,120.502474,23.761029,64,True,斗六,83.0,6.97,Low Risk
延和里集會所,大和街42號1樓,南投縣竹山鎮,南投縣竹山鎮,120.6899,23.7616,70,True,竹山,80.0,1.41,Low Risk
竹山國小齊賢館,向學街32號,南投縣竹山鎮,南投縣竹山鎮,120.6875,23.7618,100,True,竹山,80.0,1.2,Low Risk
崙背鄉公所,行政街1號,雲林縣崙背鄉,雲林縣崙背鄉,120.359259,23.761897,75,True,崙背,69.0,1.17,Low Risk
天衡宮,民權路8號,雲林縣崙背鄉,雲林縣崙背鄉,120.3573,23.7619,100,True,崙背,69.0,1.0,Low Risk
三界公廟,下坪路29號,南投縣竹山鎮,南投縣竹山鎮,120.6849,23.7619,150,True,竹山,80.0,0.99,Low Risk
順安宮,忠孝北街29號,雲林縣崙背鄉,雲林縣崙背鄉,120.348649,23.762521,150,True,崙背,69.0,0.55,Low Risk
下湳里活動中心,安南81號,雲林縣西螺鎮,雲林縣西螺鎮,120.4358,23.7632,50,True,崙背,69.0,8.88,Low Risk
大有國小,大有路14號,雲林縣崙背鄉,雲林縣崙背鄉,120.308721,23.763775,306,True,崙背,69.0,4.13,Low Risk
重興國小,重興15號,雲林縣林內鄉,雲林縣林內鄉,120.5791,23.7641,100,True,斗六,83.0,6.77,Low Risk
"東明,西榮,南陽三村聯合活動中心",民權路386號,雲林縣崙背鄉,雲林縣崙背鄉,120.3523,23.7645,296,True,崙背,69.0,0.85,Low Risk
照靈廟,坊坪巷18-11號,南投縣竹山鎮,南投縣竹山鎮,120.6758,23.7664,50,True,竹山,80.0,1.12,Low Risk
廣興國小,西螺鎮廣興里五九號,雲林縣西螺鎮,雲林縣西螺鎮,120.4581,23.7669,500,True,斗六,83.0,10.76,Low Risk
初鄉村集會所,仁愛路259-8號,南投縣鹿谷鄉,南投縣鹿谷鄉,120.7365,23.7672,200,True,竹山,80.0,6.14,Low Risk
北林3村社區活動中心,民和路1號,花蓮縣鳳林鎮,花蓮縣鳳林鎮,121.471,23.7672,50,True,花蓮,40.0,26.2,Low Risk
海豐社區活動中心,忠和59號,雲林縣麥寮鄉,雲林縣麥寮鄉,120.2154,23.7675,50,True,麥寮,58.0,4.02,Low Risk
民生國小,華興路1號,雲林縣林內鄉,雲林縣林內鄉,120.5971,23.7677,10,True,斗六,83.0,8.17,Low Risk
東興里活動中心,東興34號,雲林縣西螺鎮,雲林縣西螺鎮,120.4783,23.7678,50,True,斗六,83.0,9.21,Low Risk
中和里集會所,中和路96-15號,南投縣竹山鎮,南投縣竹山鎮,120.6629,23.768,100,True,竹山,80.0,1.95,Low Risk
延平國小活動中心,集山路二段1161號,南投縣竹山鎮,南投縣竹山鎮,120.7071,23.768,150,True,竹山,80.0,3.3,Low Risk
廣興里活動中心,84號,雲林縣西螺鎮,雲林縣西螺鎮,120.458,23.7682,50,True,斗六,83.0,10.85,Low Risk
興中社區活動中心,興中83號,雲林縣虎尾鎮,雲林縣莿桐鄉,120.518,23.7701,143,True,斗六,83.0,7.04,Low Risk
頂湳里活動中心,西螺鎮頂湳里頂南24-3號,雲林縣西螺鎮,雲林縣西螺鎮,120.4521,23.7706,50,True,崙背,69.0,10.62,Low Risk
二崙國民小學,中興路36號,雲林縣二崙鄉,雲林縣二崙鄉,120.413,23.7722,1000,True,崙背,69.0,6.74,Low Risk
崙後社區活動中心,3鄰沙崙後39-8號,雲林縣麥寮鄉,雲林縣麥寮鄉,120.266569,23.772356,50,True,麥寮,58.0,2.58,Low Risk
油車國民小學,港後村60號,雲林縣二崙鄉,雲林縣二崙鄉,120.4124,23.773,500,True,崙背,69.0,6.7,Low Risk
延正里舊社區活動中心,延正路70號,南投縣竹山鎮,南投縣竹山鎮,120.6979,23.773,80,True,竹山,80.0,2.79,Low Risk
埤頭里活動中心,埤頭1-1號,雲林縣西螺鎮,雲林縣西螺鎮,120.4751,23.7731,50,True,斗六,83.0,9.85,Low Risk
明禮國小活動中心,沙崙後92號,雲林縣麥寮鄉,雲林縣麥寮鄉,120.2656,23.7738,50,True,麥寮,58.0,2.66,Low Risk
二崙國民中學,中正路88號,雲林縣二崙鄉,雲林縣二崙鄉,120.4069,23.7738,1500,True,崙背,69.0,6.19,Low Risk
重興活動中心,進興路46-9號,雲林縣林內鄉,雲林縣林內鄉,120.584,23.7738,30,True,斗六,83.0,7.95,Low Risk
興貴社區活動中心,興北101-1號,雲林縣莿桐鄉,雲林縣莿桐鄉,120.518992,23.77383,63,True,斗六,83.0,7.38,Low Risk
楊厝社區活動中心,永和2號,雲林縣麥寮鄉,雲林縣麥寮鄉,120.2448,23.7752,50,True,麥寮,58.0,2.52,Low Risk
林中活動中心,榮興路20號,雲林縣林內鄉,雲林縣林內鄉,120.6113,23.7758,30,True,竹山,80.0,7.06,Low Risk
下坪社區活動中心,下坪路18-50號,南投縣竹山鎮,南投縣竹山鎮,120.6799,23.776,50,True,竹山,80.0,2.2,Low Risk
饒平國小,饒平路1號,雲林縣莿桐鄉,雲林縣莿桐鄉,120.521305,23.777725,300,True,斗六,83.0,7.71,Low Risk
人和活動中心,民生巷9-1號,南投縣信義鄉,南投縣信義鄉,120.896546,23.779044,80,True,南投（鹿谷）,29.0,12.37,Low Risk
文賢國小,文賢路一號,雲林縣西螺鎮,雲林縣西螺鎮,120.4744,23.7793,300,True,斗六,83.0,10.39,Low Risk
坪林台大實驗林?作站,大林巷5號,南投縣水里鄉,南投縣水里鄉,120.841997,23.779422,100,True,南投（鹿谷）,29.0,8.31,Low Risk
南平社區活動中心,自強路368-1號,花蓮縣鳳林鎮,花蓮縣鳳林鎮,121.4584,23.7817,50,True,花蓮,40.0,25.52,Low Risk
水璉活動中心,水璉二街21號,花蓮縣壽豐鄉,花蓮縣壽豐鄉,121.5472,23.7817,41,True,花蓮,40.0,21.75,Low Risk
延正里新社區活動中心,公正巷30-6號,南投縣竹山鎮,南投縣竹山鎮,120.6929,23.7827,100,True,竹山,80.0,3.33,Low Risk
秀峰社區活動中心,仁愛路153-5號,南投縣鹿谷鄉,南投縣鹿谷鄉,120.7762,23.7831,200,True,南投（鹿谷）,29.0,7.4,Low Risk
見晴國民小學,7鄰89號,花蓮縣萬榮鄉,花蓮縣鳳林鎮,121.451955,23.783512,130,True,花蓮,40.0,25.73,Low Risk
雙龍活動中心,光復巷32號,南投縣信義鄉,南投縣信義鄉,120.947694,23.783703,100,True,南投（鹿谷）,29.0,17.19,Low Risk
永興社區活動中心,林朋巷177-1號,南投縣水里鄉,南投縣水里鄉,120.862437,23.783973,300,True,南投（鹿谷）,29.0,10.03,Low Risk
雙龍國小,光復巷4號,南投縣信義鄉,南投縣信義鄉,120.950204,23.785303,100,True,南投（鹿谷）,29.0,17.5,Low Risk
陽明國小,頂街1號,雲林縣崙背鄉,雲林縣崙背鄉,120.35524,23.785977,56,True,崙背,69.0,3.23,Low Risk
後安社區活動中心,3鄰後安163號,雲林縣麥寮鄉,雲林縣麥寮鄉,120.2393,23.786,62,True,麥寮,58.0,3.83,Low Risk
新安里活動中心,新社100號,雲林縣西螺鎮,雲林縣西螺鎮,120.4491,23.7865,50,True,崙背,69.0,10.71,Low Risk
振興里活動中心,125-1號,雲林縣西螺鎮,雲林縣西螺鎮,120.4734,23.7879,50,True,斗六,83.0,11.16,Low Risk
文興國小,新社二五七號,雲林縣西螺鎮,雲林縣西螺鎮,120.4461,23.7882,300,True,崙背,69.0,10.48,Low Risk
雙龍天主教,光復巷23號,南投縣信義鄉,南投縣信義鄉,120.945384,23.789469,200,True,南投（鹿谷）,29.0,17.26,Low Risk
迪巴恩基督長老教會,光復巷50號,南投縣信義鄉,南投縣信義鄉,120.945202,23.789961,100,True,南投（鹿谷）,29.0,17.27,Low Risk
福田里活動中心,社口87號,雲林縣西螺鎮,雲林縣西螺鎮,120.4406,23.7906,50,True,崙背,69.0,10.04,Low Risk
大新國小,二一六號,雲林縣西螺鎮,雲林縣西螺鎮,120.4873,23.7909,500,True,斗六,83.0,10.57,Low Risk
大新里活動中心,大新163-2號,雲林縣西螺鎮,雲林縣西螺鎮,120.4872,23.7912,50,True,斗六,83.0,10.6,Low Risk
豐榮國小,豐榮路21號,雲林縣崙背鄉,雲林縣崙背鄉,120.312303,23.79152,675,True,崙背,69.0,5.29,Low Risk
清水社區活動中心,仁愛路103號,南投縣鹿谷鄉,南投縣鹿谷鄉,120.7833,23.7919,250,True,南投（鹿谷）,29.0,8.22,Low Risk
中和國小,草湖路2號,雲林縣崙背鄉,雲林縣崙背鄉,120.33041,23.792293,27,True,崙背,69.0,4.29,Low Risk
西螺國中,興農西路二一七號,雲林縣西螺鎮,雲林縣西螺鎮,120.4601,23.7928,600,True,崙背,69.0,11.99,Low Risk
示範托兒所,西螺鎮正興里興農西路105巷21-1號,雲林縣西螺鎮,雲林縣西螺鎮,120.4633,23.7933,200,True,斗六,83.0,12.29,Low Risk
青雲活動中心,開信巷1-1號,南投縣信義鄉,南投縣信義鄉,120.943862,23.793542,100,True,南投（鹿谷）,29.0,17.33,Low Risk
漢光里活動中心,西興南路354號,雲林縣西螺鎮,雲林縣西螺鎮,120.4569,23.7936,50,True,崙背,69.0,11.71,Low Risk
地利國小,開信巷17號,南投縣信義鄉,南投縣信義鄉,120.943332,23.793828,50,True,南投（鹿谷）,29.0,17.3,Low Risk
西螺農工,大同路四號,雲林縣西螺鎮,雲林縣西螺鎮,120.471,23.7946,700,True,斗六,83.0,11.89,Low Risk
波石活動中心,波石巷98-3號,南投縣信義鄉,南投縣水里鄉,120.921385,23.794817,100,True,南投（鹿谷）,29.0,15.44,Low Risk
合興村活動中心,鼻倡路20號,彰化縣二水鄉,彰化縣二水鄉,120.642545,23.794879,127,True,竹山,80.0,5.55,Low Risk
米棧活動中心,米棧路二段21號,花蓮縣壽豐鄉,花蓮縣壽豐鄉,121.5243,23.7951,34,True,花蓮,40.0,21.04,Low Risk
施厝聯合活動中心,施厝176-3號,雲林縣麥寮鄉,雲林縣麥寮鄉,120.2824,23.7953,100,True,麥寮,58.0,5.59,Low Risk
中山國小,新街路二號,雲林縣西螺鎮,雲林縣西螺鎮,120.4653,23.7953,500,True,斗六,83.0,12.32,Low Risk
永定國民小學,永定路 238 號,雲林縣二崙鄉,雲林縣二崙鄉,120.4198,23.7959,500,True,崙背,69.0,8.39,Low Risk
舊圖書館,民生路20號,雲林縣西螺鎮,雲林縣西螺鎮,120.4655,23.7965,200,True,斗六,83.0,12.41,Low Risk
民和社區活動中心,民和路157號,南投縣水里鄉,南投縣水里鄉,120.924508,23.797088,200,True,南投（鹿谷）,29.0,15.85,Low Risk
民和國中禮堂,中學路29號,南投縣水里鄉,南投縣水里鄉,120.924508,23.797088,500,True,南投（鹿谷）,29.0,15.85,Low Risk
三盛社區活動中心,11鄰仁德西路一段26號,雲林縣麥寮鄉,雲林縣麥寮鄉,120.2649,23.7975,100,True,麥寮,58.0,5.07,Low Risk
中興活動中心,6鄰許厝1街2號,雲林縣麥寮鄉,雲林縣麥寮鄉,120.229235,23.797881,100,True,麥寮,58.0,5.44,Low Risk
橋頭國小活動中心,仁德?248號,雲林縣麥寮鄉,雲林縣麥寮鄉,120.273868,23.797886,200,True,麥寮,58.0,5.42,Low Risk
倡和村活動中心,倡和路41-1號,彰化縣二水鄉,彰化縣二水鄉,120.649193,23.797909,65,True,竹山,80.0,5.43,Low Risk
西螺鎮公所,雲林縣西螺鎮光復西路20號（西螺鎮公所）,雲林縣西螺鎮,雲林縣西螺鎮,120.4654,23.798,400,True,斗六,83.0,12.55,Low Risk
安定國小,埔心路二一0號,雲林縣西螺鎮,雲林縣西螺鎮,120.4393,23.7982,300,True,崙背,69.0,10.26,Low Risk
大園里活動中心,西螺鎮大園里光復東路95號,雲林縣西螺鎮,雲林縣西螺鎮,120.4725,23.7983,50,True,斗六,83.0,12.12,Low Risk
頂崁社區活動中心,圳頭巷27-2號,南投縣水里鄉,南投縣水里鄉,120.865831,23.798748,100,True,南投（鹿谷）,29.0,11.49,Low Risk
河南里活動中心,西螺鎮河南里河南58號,雲林縣西螺鎮,雲林縣西螺鎮,120.4414,23.7995,50,True,崙背,69.0,10.52,Low Risk
河南里活動中心,河南58號,雲林縣西螺鎮,雲林縣西螺鎮,120.4414,23.7995,50,True,崙背,69.0,10.52,Low Risk
文昌國小,延平路五０四號,雲林縣西螺鎮,雲林縣西螺鎮,120.4489,23.7996,500,True,崙背,69.0,11.21,Low Risk
詔安里活動中心,詔安16-1號,雲林縣西螺鎮,雲林縣西螺鎮,120.4456,23.7997,50,True,崙背,69.0,10.91,Low Risk
安定里活動中心,安定100號號,雲林縣西螺鎮,雲林縣西螺鎮,120.4394,23.7998,50,True,崙背,69.0,10.35,Low Risk
源泉國小活動中心,彰化縣二水鄉大園村員集路二段316號,彰化縣二水鄉,彰化縣二水鄉,120.6424,23.8,80,True,竹山,80.0,6.01,Low Risk
修仁村活動中心,修仁路27-3號,彰化縣二水鄉,彰化縣二水鄉,120.631495,23.800055,131,True,竹山,80.0,6.73,Low Risk
二水鄉公所,南通路2段764號,彰化縣二水鄉,彰化縣二水鄉,120.6309,23.8003,60,True,竹山,80.0,6.79,Low Risk
禪和宮,公館15-1號,雲林縣二崙鄉,雲林縣二崙鄉,120.3637,23.8006,200,True,崙背,69.0,5.02,Low Risk
西螺福興宮,延平路180號,雲林縣西螺鎮,雲林縣西螺鎮,120.4608,23.8013,120,True,崙背,69.0,12.4,Low Risk
聯合里辦公處,中市路31號,雲林縣西螺鎮,雲林縣西螺鎮,120.4599,23.8018,100,True,崙背,69.0,12.33,Low Risk
東南國中,東南路326號,雲林縣西螺鎮,雲林縣西螺鎮,120.4548,23.8028,600,True,崙背,69.0,11.91,Low Risk
林榮社區活動中心,永康路54號,花蓮縣鳳林鎮,花蓮縣鳳林鎮,121.45,23.8035,50,True,花蓮,40.0,24.08,Low Risk
永豐社區活動中心,南湖一路25號,南投縣水里鄉,南投縣水里鄉,120.857221,23.804301,300,True,南投（鹿谷）,29.0,11.46,Low Risk
大園村活動中心,大園巷 11-9號,彰化縣二水鄉,彰化縣二水鄉,120.637258,23.804774,108,True,竹山,80.0,6.75,Low Risk
瑞田社區活動中心,仁愛路69-3號,南投縣鹿谷鄉,南投縣鹿谷鄉,120.7929,23.8048,250,True,南投（鹿谷）,29.0,9.58,Low Risk
上安社區老人會館,水信路路3段221巷1號,南投縣水里鄉,南投縣水里鄉,120.835733,23.806556,50,True,南投（鹿谷）,29.0,10.64,Low Risk
上安社區活動中心,三部三路9號,南投縣水里鄉,南投縣水里鄉,120.835733,23.806556,200,True,南投（鹿谷）,29.0,10.64,Low Risk
玉峰社區活動中心,仁愛路7-19號,南投縣水里鄉,南投縣水里鄉,120.835733,23.806556,400,True,南投（鹿谷）,29.0,10.64,Low Risk
雷厝活動中心,6鄰雷厝62-2號,雲林縣麥寮鄉,雲林縣麥寮鄉,120.2891,23.8067,50,True,大城,60.0,5.72,Low Risk
惠民村活動中心,山腳路一段48-1號,彰化縣二水鄉,彰化縣二水鄉,120.632285,23.806923,127,True,竹山,80.0,7.25,Low Risk
受玄宮,裕民巷53號,彰化縣二水鄉,彰化縣二水鄉,120.618217,23.807484,160,True,竹山,80.0,8.27,Low Risk
新吉社區活動中心,新吉69號,雲林縣麥寮鄉,雲林縣麥寮鄉,120.2763,23.8076,30,True,大城,60.0,5.31,Low Risk
海豐村活動中心,山腳路一段113-5號,彰化縣二水鄉,彰化縣二水鄉,120.631193,23.808275,53,True,竹山,80.0,7.44,Low Risk
社寮國中教室及活動中心,集山路一段1729號,南投縣竹山鎮,南投縣竹山鎮,120.7205,23.8095,100,True,竹山,80.0,7.36,Low Risk
二水村活動中心,員集路三段625號,彰化縣二水鄉,彰化縣二水鄉,120.615818,23.80974,21,True,竹山,80.0,8.62,Low Risk
圖書館二樓,溪邊巷72號,彰化縣二水鄉,彰化縣二水鄉,120.616648,23.809958,114,True,竹山,80.0,8.58,Low Risk
水里國小禮堂,民族路151號,南投縣水里鄉,南投縣水里鄉,120.854753,23.810077,500,True,南投（鹿谷）,29.0,11.87,Low Risk
水里國中體育館,民生路2號,南投縣水里鄉,南投縣水里鄉,120.857053,23.811019,500,True,南投（鹿谷）,29.0,12.08,Low Risk
水里鄉公所,民生路112號,南投縣水里鄉,南投縣水里鄉,120.856075,23.811322,200,True,南投（鹿谷）,29.0,12.06,Low Risk
文化村活動中心,文化一 巷1號,彰化縣二水鄉,彰化縣二水鄉,120.618783,23.811622,56,True,竹山,80.0,8.55,Low Risk
中州國小活動中心,集山路1段955號,南投縣竹山鎮,南投縣竹山鎮,120.738,23.8118,80,True,竹山,80.0,8.72,Low Risk
三村集會所,博愛路37號,南投縣水里鄉,南投縣水里鄉,120.853693,23.812232,100,True,南投（鹿谷）,29.0,12.02,Low Risk
第三立體停車場三樓,北埔街96號,南投縣水里鄉,南投縣水里鄉,120.853008,23.81304,500,True,南投（鹿谷）,29.0,12.07,Low Risk
富州社區活動中心,集山路1段422號,南投縣竹山鎮,南投縣竹山鎮,120.747,23.8141,50,True,竹山,80.0,9.56,Low Risk
光化村活動中心,光進一巷20-1號,彰化縣二水鄉,彰化縣二水鄉,120.615971,23.814279,64,True,竹山,80.0,8.97,Low Risk
潮洋國小,彰化縣溪州鄉潮洋村陸軍路1段146號,彰化縣溪州鄉,彰化縣溪州鄉,120.5195,23.8143,42,True,斗六,83.0,11.68,Low Risk
中央社區活動中心,集山路1段1236巷6號,南投縣竹山鎮,南投縣竹山鎮,120.7334,23.8145,43,True,竹山,80.0,8.62,Low Risk
五伯村活動中心,過圳路222號,彰化縣二水鄉,彰化縣二水鄉,120.612113,23.814864,31,True,竹山,80.0,9.29,Low Risk
中央社區活動中心,中正路116號,南投縣水里鄉,南投縣水里鄉,120.852127,23.814914,500,True,南投（鹿谷）,29.0,12.2,Low Risk
大庄國小,彰化縣溪州鄉大?村中橫巷1號,彰化縣溪州鄉,彰化縣溪州鄉,120.5675,23.816,42,True,斗六,83.0,11.8,Low Risk
日月潭特色遊學中心原光明國小,銃櫃巷18號,南投縣魚池鄉,南投縣魚池鄉,120.8851,23.8169,30,True,南投（鹿谷）,29.0,14.29,Low Risk
水里鄉農會倉庫,民生路158號,南投縣水里鄉,南投縣水里鄉,120.854148,23.817226,300,True,南投（鹿谷）,29.0,12.53,Low Risk
社寮社區活動中心,大公街75號,南投縣竹山鎮,南投縣竹山鎮,120.7223,23.8174,80,True,竹山,80.0,8.18,Low Risk
義民廟,民權路335號,南投縣水里鄉,南投縣水里鄉,120.848799,23.817421,20,True,南投（鹿谷）,29.0,12.29,Low Risk
潭南活動中心,和平巷36-2號,南投縣信義鄉,南投縣信義鄉,120.940118,23.817457,40,True,埔里,43.0,17.07,Low Risk
新民村集會所,外埔巷11之28號,南投縣名間鄉,南投縣名間鄉,120.6924,23.8185,30,True,竹山,80.0,7.08,Low Risk
過圳村活動中心,三義巷30-7號,彰化縣二水鄉,彰化縣二水鄉,120.607488,23.818606,64,True,竹山,80.0,9.92,Low Risk
憫世寶宮,山頂巷192號,南投縣水里鄉,南投縣水里鄉,120.852233,23.818731,300,True,南投（鹿谷）,29.0,12.58,Low Risk
溪口活動中心,溪口路103巷2號,花蓮縣壽豐鄉,花蓮縣壽豐鄉,121.4734,23.8195,50,True,花蓮,40.0,21.21,Low Risk
成城國小會議室、105-106、201-208教室,中山路二段150號,南投縣水里鄉,南投縣水里鄉,120.848389,23.819695,400,True,南投（鹿谷）,29.0,12.5,Low Risk
埔中村民眾活動中心,埔中巷11-12號,南投縣名間鄉,南投縣名間鄉,120.6436,23.821,30,True,竹山,80.0,7.96,Low Risk
潭南國小,和平巷48號,南投縣信義鄉,南投縣信義鄉,120.93987,23.821418,60,True,埔里,43.0,16.64,Low Risk
頭社社區活動中心會所三聖宮,平和巷40之2號,南投縣魚池鄉,南投縣魚池鄉,120.908,23.8234,50,True,南投（鹿谷）,29.0,16.4,Low Risk
合和村活動中心,番田一巷46號,彰化縣二水鄉,彰化縣二水鄉,120.612473,23.823503,142,True,竹山,80.0,9.96,Low Risk
成功國小,彰化縣溪州鄉成功村登山路2段365號,彰化縣溪州鄉,彰化縣溪州鄉,120.5448,23.8261,42,True,斗六,83.0,12.7,Low Risk
三條國小,彰化縣溪州鄉三條村中央路2段31號,彰化縣溪州鄉,彰化縣溪州鄉,120.4945,23.8269,42,True,斗六,83.0,13.79,Low Risk
炭寮村集會所,炭寮巷1之50號,南投縣名間鄉,南投縣名間鄉,120.679,23.8284,50,True,竹山,80.0,8.01,Low Risk
十五村活動中心,十五路33-1號,彰化縣二水鄉,彰化縣二水鄉,120.601502,23.828596,22,True,竹山,80.0,11.13,Low Risk
復興村活動中心,員集路5段472號,彰化縣二水鄉,彰化縣二水鄉,120.604775,23.829548,113,True,竹山,80.0,10.98,Low Risk
濁水村集會所,福興巷14號（福興宮旁）,南投縣名間鄉,南投縣名間鄉,120.7121,23.8308,40,True,竹山,80.0,9.0,Low Risk
車埕國小禮堂,民權巷127號,南投縣水里鄉,南投縣水里鄉,120.865694,23.831567,200,True,南投（鹿谷）,29.0,14.49,Low Risk
集集里里集會所暨社區活動中心,成功路205號,南投縣集集鎮,南投縣集集鎮,120.785291,23.831643,50,True,南投（鹿谷）,29.0,12.6,Low Risk
英文堂廣場,集里路34號,南投縣魚池鄉,南投縣魚池鄉,120.894,23.8318,25,True,南投（鹿谷）,29.0,16.15,Low Risk
昭天宮廣場,大安路2段312號,彰化縣田中鎮,彰化縣田中鎮,120.594904,23.831884,181,True,竹山,80.0,11.86,Low Risk
水尾國小,彰化縣溪州鄉水尾村太平路137號,彰化縣溪州鄉,彰化縣溪州鄉,120.4716,23.8319,42,True,二林,74.0,12.13,Low Risk
車埕社區活動中心,民權巷33-1號,南投縣水里鄉,南投縣水里鄉,120.86443,23.833623,50,True,南投（鹿谷）,29.0,14.63,Low Risk
松嶺社區活動中心,豐柏路38號,南投縣名間鄉,南投縣名間鄉,120.6339,23.8342,60,True,竹山,80.0,9.71,Low Risk
永昌里里集會所暨社區活動中心,柴橋巷3-1號,南投縣集集鎮,南投縣集集鎮,120.817036,23.83455,20,True,南投（鹿谷）,29.0,13.09,Low Risk
松柏村集會所,名松路二段216之1號,南投縣名間鄉,南投縣名間鄉,120.6355,23.8346,40,True,竹山,80.0,9.68,Low Risk
豐坪活動中心,豐坪路2段73號,花蓮縣壽豐鄉,花蓮縣壽豐鄉,121.5096,23.8351,32,True,花蓮,40.0,17.7,Low Risk
崁腳村民眾活動中心,名松路一段350號,南投縣名間鄉,南投縣名間鄉,120.66,23.8353,30,True,竹山,80.0,8.95,Low Risk
聯勤兵整中心,龍泉巷15號,南投縣集集鎮,南投縣集集鎮,120.7509,23.8363,300,True,南投,64.0,10.83,Low Risk
南雅村集會所,市場巷20-2號,南投縣名間鄉,南投縣名間鄉,120.702841,23.837014,20,True,南投,64.0,8.64,Low Risk
頭社國小,平和巷105號,南投縣魚池鄉,南投縣魚池鄉,120.9027,23.8373,75,True,埔里,43.0,16.06,Low Risk
田頭國小,光明路60號,彰化縣竹塘鄉,彰化縣竹塘鄉,120.448869,23.837309,200,True,二林,74.0,10.55,Low Risk
公所中山堂,彰南路40-1號,南投縣名間鄉,南投縣名間鄉,120.7033,23.8382,50,True,南投,64.0,8.52,Low Risk
圳寮國小,彰化縣溪州鄉圳寮村下樹巷29號,彰化縣溪州鄉,彰化縣溪州鄉,120.5229,23.8391,42,True,員林,65.0,14.22,Low Risk
永光國小,青埔路7-8號,彰化縣大城鄉,彰化縣大城鄉,120.300323,23.83961,100,True,大城,60.0,3.56,Low Risk
大安國小,大安路1段200號,彰化縣田中鎮,彰化縣田中鎮,120.594376,23.840611,181,True,南投,64.0,12.26,Low Risk
樹湖活動中心,大樹腳59號,花蓮縣壽豐鄉,花蓮縣壽豐鄉,121.4692,23.8407,38,True,花蓮,40.0,19.67,Low Risk
中山村集會所,名松路一段83號,南投縣名間鄉,南投縣名間鄉,120.6932,23.8419,50,True,南投,64.0,7.95,Low Risk
羅厝國小,文昌東路100號,彰化縣埔心鄉,彰化縣溪州鄉,120.51,23.842,100,True,二林,74.0,13.77,Low Risk
萬安宮,古山路57號,彰化縣大城鄉,彰化縣大城鄉,120.31032,23.842146,100,True,大城,60.0,4.37,Low Risk
上山社區活動中心,大山路2-1號,彰化縣大城鄉,彰化縣大城鄉,120.318028,23.842192,100,True,大城,60.0,5.12,Low Risk
新厝村集會所,新厝路74號,南投縣名間鄉,南投縣名間鄉,120.6591,23.8427,60,True,南投,64.0,8.26,Low Risk
成功國小西畔分校,廣一巷24號,彰化縣溪州鄉,彰化縣溪州鄉,120.5399,23.8429,42,True,員林,65.0,13.41,Low Risk
僑義國小,彰化縣溪州鄉溪厝村中山路2段362號,彰化縣溪州鄉,彰化縣溪州鄉,120.4791,23.8442,33,True,二林,74.0,11.44,Low Risk
樹腳社區活動中心,福田路6號,彰化縣竹塘鄉,彰化縣竹塘鄉,120.447765,23.844303,50,True,二林,74.0,9.79,Low Risk
臺西社區活動中心,許厝巷10號,彰化縣大城鄉,彰化縣大城鄉,120.272574,23.844414,100,True,大城,60.0,1.21,Low Risk
豐山國小,中山路41號,花蓮縣壽豐鄉,花蓮縣壽豐鄉,121.4918,23.8464,50,True,花蓮,40.0,17.7,Low Risk
新廣社區活動中心,光明路廣福巷57號,彰化縣竹塘鄉,彰化縣竹塘鄉,120.430132,23.846486,100,True,二林,74.0,8.99,Low Risk
三崙社區活動中心,中庄巷7號,南投縣名間鄉,南投縣名間鄉,120.6367,23.8468,30,True,南投,64.0,8.87,Low Risk
長安國小,東陽路二段123號,彰化縣竹塘鄉,彰化縣竹塘鄉,120.386672,23.847335,100,True,二林,74.0,8.97,Low Risk
豐山活動中心,中山路127巷15號,花蓮縣壽豐鄉,花蓮縣壽豐鄉,121.4936,23.8478,47,True,花蓮,40.0,17.47,Low Risk
頂庄國小,東厝路63-1號,彰化縣大城鄉,彰化縣大城鄉,120.282454,23.848336,100,True,大城,60.0,1.5,Low Risk
德化國小,中正路211巷1號,南投縣魚池鄉,南投縣魚池鄉,120.9355,23.8485,150,True,埔里,43.0,13.78,Low Risk
土庫國小,東陽路一段362號,彰化縣竹塘鄉,彰化縣竹塘鄉,120.409448,23.84954,100,True,二林,74.0,8.41,Low Risk
竹圍社區活動中心,竹圍路187號,彰化縣埤頭鄉,彰化縣埤頭鄉,120.454562,23.850218,50,True,二林,74.0,9.5,Low Risk
溪州國中,中央路三段300號,彰化縣溪州鄉,彰化縣溪州鄉,120.4951,23.8504,78,True,二林,74.0,12.03,Low Risk
弓鞋社區活動中心,弓鞋巷16之2號,南投縣名間鄉,南投縣名間鄉,120.6262,23.8504,30,True,南投,64.0,9.2,Low Risk
沙崙社區活動中心,沙崙路281號,彰化縣田中鎮,彰化縣田中鎮,120.583072,23.851096,181,True,員林,65.0,12.45,Low Risk
老人文康活動中心,圳南路138號,彰化縣溪州鄉,彰化縣溪州鄉,120.497777,23.851238,42,True,二林,74.0,12.16,Low Risk
溪州國小,彰化縣溪州鄉尾厝村中山路3段415號,彰化縣溪州鄉,彰化縣溪州鄉,120.4971,23.8526,584,True,二林,74.0,12.01,Low Risk
大城國中,彰化縣大城鄉大城村中平路132號,彰化縣大城鄉,彰化縣大城鄉,120.324,23.8529,100,True,大城,60.0,5.53,Low Risk
大城演藝廳,彰化縣大城鄉大城村中平路176號,彰化縣大城鄉,彰化縣大城鄉,120.3203,23.853,100,True,大城,60.0,5.16,Low Risk
大城國小,彰化縣大城鄉東城村南平路224號,彰化縣大城鄉,彰化縣大城鄉,120.3203,23.853,100,True,大城,60.0,5.16,Low Risk
南州國小,彰化縣溪州鄉溪州村公園路95號,彰化縣溪州鄉,彰化縣溪州鄉,120.4909,23.853,363,True,二林,74.0,11.52,Low Risk
彰化縣田中鎮內安國民小學,中南路三段 54 號,彰化縣田中鎮,彰化縣田中鎮,120.5997,23.8537,100,True,南投,64.0,10.92,Low Risk
新民國小,公館路320號,彰化縣田中鎮,彰化縣田中鎮,120.585674,23.85428,181,True,南投,64.0,12.05,Low Risk
大新國小,大新路556號,彰化縣北斗鎮,彰化縣北斗鎮,120.557239,23.85495,440,True,員林,65.0,11.87,Low Risk
西林社區活動中心,8鄰134號,花蓮縣萬榮鄉,花蓮縣萬榮鄉,121.342737,23.855288,100,True,花蓮,40.0,29.14,Low Risk
陸嘉社區活動中心,中華路434號,彰化縣埤頭鄉,彰化縣埤頭鄉,120.470711,23.855657,15,True,二林,74.0,9.91,Low Risk
仁和村集會所,山腳巷17-2號,南投縣名間鄉,南投縣名間鄉,120.7057,23.8562,50,True,南投,64.0,6.65,Low Risk
新庄社區活動中心,中山街134號,彰化縣田中鎮,彰化縣田中鎮,120.594252,23.856537,141,True,南投,64.0,11.19,Low Risk
田中鎮立圖書館,中新路229號,彰化縣田中鎮,彰化縣田中鎮,120.588689,23.856625,320,True,南投,64.0,11.65,Low Risk
廈新社區活動中心,大廈巷30號,南投縣名間鄉,南投縣名間鄉,120.6758,23.8568,40,True,南投,64.0,6.32,Low Risk
彰化縣立景崧文化教育園區-龍江館,中州路一段416號,彰化縣田中鎮,彰化縣田中鎮,120.5821,23.8571,150,True,員林,65.0,11.78,Low Risk
田中國小,中州路1段177號,彰化縣田中鎮,彰化縣田中鎮,120.587487,23.857342,272,True,南投,64.0,11.71,Low Risk
西林天主堂,7鄰103號,花蓮縣萬榮鄉,花蓮縣萬榮鄉,121.3593,23.8576,100,True,花蓮,40.0,27.52,Low Risk
竹圍村社區活動中心,竹圍巷39號,南投縣名間鄉,南投縣名間鄉,120.6382,23.8582,50,True,南投,64.0,7.75,Low Risk
赤水社區活動中心,南田路258之10號,南投縣名間鄉,南投縣名間鄉,120.6317,23.8595,20,True,南投,64.0,8.07,Low Risk
新庄社區活動中心,光華路124號,彰化縣埤頭鄉,彰化縣埤頭鄉,120.483697,23.859739,20,True,二林,74.0,10.47,Low Risk
竹林社區活動中心,竹鹿路保安巷45號,彰化縣竹塘鄉,彰化縣竹塘鄉,120.40292,23.860386,50,True,二林,74.0,7.24,Low Risk
大坑村集會所,武東巷11之2號,南投縣名間鄉,南投縣名間鄉,120.6578,23.8605,60,True,南投,64.0,6.47,Low Risk
田中鎮公所公共造產公有第一零售市場,員集路2段462號,彰化縣田中鎮,彰化縣田中鎮,120.585,23.8606,150,True,員林,65.0,11.45,Low Risk
西港國小二樓,東港村中央路2號,彰化縣大城鄉,彰化縣大城鄉,120.286532,23.860997,100,True,大城,60.0,1.85,Low Risk
竹塘國小,文化街20號,彰化縣竹塘鄉,彰化縣竹塘鄉,120.428771,23.861033,200,True,二林,74.0,7.39,Low Risk
田中鎮民活動中心,斗中路1段210號,彰化縣田中鎮,彰化縣田中鎮,120.580803,23.861492,75,True,員林,65.0,11.27,Low Risk
虎坑社區活動中心,虎坑巷6之1號,南投縣名間鄉,南投縣名間鄉,120.6955,23.8622,60,True,南投,64.0,5.74,Low Risk
幸福國小,頂興路83巷1弄1號,桃園市龜山區,南投縣魚池鄉,120.971916,23.862946,200,True,埔里,43.0,11.78,Low Risk
楓樹國小,光峰路277號,桃園市龜山區,南投縣魚池鄉,120.971916,23.862946,200,True,埔里,43.0,11.78,Low Risk
東仁社區活動中心,大老巷34號,南投縣名間鄉,南投縣名間鄉,120.7,23.8652,60,True,南投,64.0,5.52,Low Risk
三潭國小,員集路2段715號,彰化縣田中鎮,彰化縣田中鎮,120.586202,23.865501,272,True,員林,65.0,10.94,Low Risk
大湖社區活動中心,大湖路260號,彰化縣埤頭鄉,彰化縣埤頭鄉,120.4528,23.8659,40,True,二林,74.0,7.92,Low Risk
中和社區活動中心,彰化縣北斗中和里中圳路305號,彰化縣北斗鎮,彰化縣北斗鎮,120.5462,23.8661,150,True,員林,65.0,10.76,Low Risk
明潭國小,中山路191號,南投縣魚池鄉,南投縣魚池鄉,120.9098,23.8674,100,True,埔里,43.0,12.73,Low Risk
東和國小,山腳路4段188巷109號,彰化縣田中鎮,彰化縣田中鎮,120.6062,23.867482,181,True,南投,64.0,9.5,Low Risk
龍潭社區活動中心,大社路1段216巷100弄20號,彰化縣田中鎮,彰化縣田中鎮,120.580809,23.867615,121,True,員林,65.0,10.6,Low Risk
月眉國小,月眉路3段24號,花蓮縣壽豐鄉,花蓮縣壽豐鄉,121.556384,23.867967,50,True,花蓮,40.0,12.31,Low Risk
月眉國小-米棧分校,米棧路一段53號,花蓮縣壽豐鄉,花蓮縣壽豐鄉,121.5564,23.8681,45,True,花蓮,40.0,12.29,Low Risk
明潭國中,中山路190號,南投縣魚池鄉,南投縣魚池鄉,120.9113,23.8684,150,True,埔里,43.0,12.56,Low Risk
壽豐活動中心,壽豐路1段97號,花蓮縣壽豐鄉,花蓮縣壽豐鄉,121.5099,23.8691,13,True,花蓮,40.0,14.58,Low Risk
菜寮社區活動中心,東平路6號,彰化縣大城鄉,彰化縣大城鄉,120.312409,23.869103,100,True,大城,60.0,4.63,Low Risk
共和活動中心,農墾2街38號,花蓮縣壽豐鄉,花蓮縣壽豐鄉,121.5308,23.8693,31,True,花蓮,40.0,13.33,Low Risk
元埔社區活動中心,文化路495巷11號,彰化縣埤頭鄉,彰化縣埤頭鄉,120.503333,23.869502,35,True,二林,74.0,11.36,Low Risk
田仔社區活動中心,田仔巷41之2號,南投縣名間鄉,南投縣名間鄉,120.6751,23.8702,50,True,南投,64.0,4.87,Low Risk
萬來國小,彰化縣北斗鎮西德里文賢街35號,彰化縣北斗鎮,彰化縣北斗鎮,120.5221,23.8703,500,True,員林,65.0,10.98,Low Risk
壽豐鄉公所,壽山路26號,花蓮縣壽豐鄉,花蓮縣壽豐鄉,121.5091,23.8704,50,True,花蓮,40.0,14.52,Low Risk
文化中心,公園路30號,花蓮縣壽豐鄉,花蓮縣壽豐鄉,121.5091,23.8704,50,True,花蓮,40.0,14.52,Low Risk
芙朝社區活動中心,文化路829號,彰化縣埤頭鄉,彰化縣埤頭鄉,120.482115,23.870694,25,True,二林,74.0,9.54,Low Risk
螺青國小,彰化縣北斗鎮斗中路712號,彰化縣北斗鎮,彰化縣北斗鎮,120.534312,23.871139,440,True,員林,65.0,10.48,Low Risk
鹽寮活動中心,鹽寮165號,花蓮縣壽豐鄉,花蓮縣壽豐鄉,121.59829,23.871385,15,True,花蓮,40.0,11.11,Low Risk
北斗鎮公所,彰化縣北斗鎮西德里公所街二號,彰化縣北斗鎮,彰化縣北斗鎮,120.5218,23.8714,70,True,員林,65.0,10.88,Low Risk
大庄村集會所,大廈巷82-4號,南投縣名間鄉,南投縣名間鄉,120.6551,23.8722,30,True,南投,64.0,5.48,Low Risk
錦梓社區活動中心,皮子寮巷21號,南投縣名間鄉,南投縣名間鄉,120.6324,23.8734,40,True,南投,64.0,6.95,Low Risk
五庄社區活動中心,竹五路222號,彰化縣竹塘鄉,彰化縣竹塘鄉,120.431604,23.873491,50,True,二林,74.0,6.17,Low Risk
彰化縣田中鎮明禮國民國小,民光路一段394號,彰化縣田中鎮,彰化縣田中鎮,120.5661,23.8755,100,True,員林,65.0,9.58,Low Risk
北斗國小,彰化縣北斗鎮新政里文苑路一段32號,彰化縣北斗鎮,彰化縣北斗鎮,120.523284,23.875762,230,True,員林,65.0,10.37,Low Risk
三光社區活動中心,民光路1段392巷25號,彰化縣田中鎮,彰化縣田中鎮,120.566974,23.875905,70,True,員林,65.0,9.54,Low Risk
北斗國中,文苑路136號,彰化縣北斗鎮,彰化縣北斗鎮,120.521586,23.875935,170,True,員林,65.0,10.42,Low Risk
螺陽國小,斗苑路2段150號,彰化縣北斗鎮,彰化縣北斗鎮,120.514719,23.87624,420,True,員林,65.0,10.69,Low Risk
中寮社區活動中心,鄉林巷23號,南投縣中寮鄉,南投縣中寮鄉,120.7732,23.8763,30,True,南投,64.0,9.82,Low Risk
崁頂社區活動中心,永平路104號,南投縣中寮鄉,南投縣中寮鄉,120.7732,23.8763,50,True,南投,64.0,9.82,Low Risk
下社區活動中心,大岩巷30之8號,南投縣名間鄉,南投縣名間鄉,120.6355,23.8764,60,True,南投,64.0,6.5,Low Risk
中寮社區活動中心,彰化縣北斗中寮里中央路30巷31號,彰化縣北斗鎮,彰化縣北斗鎮,120.5109,23.8781,310,True,員林,65.0,10.7,Low Risk
北斗家商,彰化縣北斗鎮大道里學府路50號,彰化縣北斗鎮,彰化縣北斗鎮,120.5221,23.8785,470,True,員林,65.0,10.14,Low Risk
內城社區活動中心,龍南路6-3號,南投縣中寮鄉,南投縣中寮鄉,120.7628,23.879,100,True,南投,64.0,8.74,Low Risk
豐美社區活動中心,平和路5號,彰化縣大城鄉,彰化縣大城鄉,120.306808,23.879191,100,True,大城,60.0,4.64,Low Risk
新街村集會所,彰南路472號,南投縣名間鄉,南投縣名間鄉,120.6934,23.8797,20,True,南投,64.0,3.79,Low Risk
仙樂社區活動中心,仙鹿巷,南投縣中寮鄉,南投縣中寮鄉,120.7641,23.8798,50,True,南投,64.0,8.82,Low Risk
埤頭國中,中學路67號,彰化縣埤頭鄉,彰化縣埤頭鄉,120.460262,23.880113,50,True,二林,74.0,7.18,Low Risk
頂興社區活動中心,永平路48-12號,南投縣中寮鄉,南投縣中寮鄉,120.7724,23.8805,50,True,南投,64.0,9.56,Low Risk
光榮活動中心,光榮1街26之1號,花蓮縣壽豐鄉,花蓮縣壽豐鄉,121.5143,23.8817,39,True,花蓮,40.0,13.22,Low Risk
大林村集會所,永川巷5號,南投縣魚池鄉,南投縣魚池鄉,120.9442,23.8823,25,True,埔里,43.0,9.92,Low Risk
萬丹社區活動中心,新丹巷38-2號,南投縣名間鄉,南投縣名間鄉,120.7063,23.8827,50,True,南投,64.0,3.99,Low Risk
爽文老人活動中心,龍南路209-1號,南投縣中寮鄉,南投縣中寮鄉,120.7992,23.8828,100,True,南投,64.0,12.06,Low Risk
金安老人會館,有水巷28-2號,南投縣魚池鄉,南投縣魚池鄉,120.9233,23.8834,30,True,埔里,43.0,10.53,Low Risk
平和活動中心,平和路32號,花蓮縣壽豐鄉,花蓮縣壽豐鄉,121.5197,23.8837,49,True,花蓮,40.0,12.69,Low Risk
睦宜社區活動中心,聖德巷162號,彰化縣田尾鄉,彰化縣田尾鄉,120.549163,23.884051,42,True,員林,65.0,8.74,Low Risk
新興老人會館,新興巷10-6號,南投縣水里鄉,南投縣水里鄉,120.872715,23.884867,500,True,埔里,43.0,13.45,Low Risk
天乙宮,建平路一段66號,彰化縣田尾鄉,彰化縣田尾鄉,120.527114,23.885121,90,True,員林,65.0,9.26,Low Risk
八仙社區活動中心,永樂路36-1號,南投縣中寮鄉,南投縣中寮鄉,120.7572,23.8857,50,True,南投,64.0,7.91,Low Risk
老人文康中心,彰化縣竹塘鄉民靖村金山路40號,彰化縣竹塘鄉,彰化縣竹塘鄉,120.41144,23.886404,100,True,二林,74.0,4.31,Low Risk
南鎮國小,光復路一段295號,彰化縣田尾鄉,彰化縣田尾鄉,120.560701,23.886533,150,True,員林,65.0,8.35,Low Risk
大林社區活動中心,嵩山巷27號,南投縣魚池鄉,南投縣魚池鄉,120.949,23.8872,25,True,埔里,43.0,9.28,Low Risk
五城村活動中心,五城巷24-2號,南投縣魚池鄉,南投縣魚池鄉,120.8879,23.8874,75,True,埔里,43.0,12.17,Low Risk
鄉立托兒所,彰水路3段352巷45號,彰化縣埤頭鄉,彰化縣埤頭鄉,120.4601,23.8888,40,True,二林,74.0,6.53,Low Risk
清聖宮,清興路50巷71號,彰化縣社頭鄉,彰化縣社頭鄉,120.605951,23.888885,300,True,南投,64.0,8.5,Low Risk
仁里社區活動中心,中正路二段103巷9號,彰化縣田尾鄉,彰化縣田尾鄉,120.534111,23.888979,84,True,員林,65.0,8.6,Low Risk
花與樹博物館,光復路2段575號,彰化縣田尾鄉,彰化縣田尾鄉,120.534111,23.888979,350,True,員林,65.0,8.6,Low Risk
老人文康中心,安康街72號,彰化縣埤頭鄉,彰化縣埤頭鄉,120.46,23.889,25,True,二林,74.0,6.51,Low Risk
永安社區活動中心,復興巷22號,南投縣中寮鄉,南投縣中寮鄉,120.7369,23.8892,50,True,南投,64.0,5.87,Low Risk
新生社區活動中心,延平路150號,彰化縣田尾鄉,彰化縣田尾鄉,120.548715,23.88931,84,True,員林,65.0,8.17,Low Risk
四武宮辦公室,埔尾路51號,彰化縣埤頭鄉,彰化縣埤頭鄉,120.487282,23.889782,30,True,二林,74.0,8.82,Low Risk
社頭鄉公所大禮堂,社斗路一段295號,彰化縣社頭鄉,彰化縣社頭鄉,120.585,23.8898,50,True,員林,65.0,8.29,Low Risk
東光村避難所,慶隆巷31-9號,南投縣魚池鄉,南投縣魚池鄉,120.9665,23.8898,25,True,埔里,43.0,8.79,Low Risk
福田社區活動中心,光復路一段98巷181號,彰化縣田尾鄉,彰化縣田尾鄉,120.562711,23.889989,60,True,員林,65.0,7.96,Low Risk
東光國小,慶隆巷36號,南投縣魚池鄉,南投縣魚池鄉,120.9667,23.8905,200,True,埔里,43.0,8.71,Low Risk
五城國小,華龍巷1-2號,南投縣魚池鄉,南投縣魚池鄉,120.8891,23.8909,100,True,埔里,43.0,11.8,Low Risk
正義社區活動中心,中正路一段232號,彰化縣田尾鄉,彰化縣田尾鄉,120.516759,23.891782,34,True,員林,65.0,9.08,Low Risk
田尾國小,中山路一段449號,彰化縣田尾鄉,彰化縣田尾鄉,120.528588,23.891877,500,True,員林,65.0,8.51,Low Risk
南鎮社區活動中心,平和路一段140號,彰化縣田尾鄉,彰化縣田尾鄉,120.554772,23.892145,78,True,員林,65.0,7.77,Low Risk
中明活動中心,文正巷5-10號,南投縣魚池鄉,南投縣魚池鄉,120.9206,23.8922,25,True,埔里,43.0,9.78,Low Risk
永和社區活動中心,龍南路321-11號,南投縣中寮鄉,南投縣中寮鄉,120.7764,23.8925,50,True,南投,64.0,9.54,Low Risk
埤頭國小,中南路145號,彰化縣埤頭鄉,彰化縣埤頭鄉,120.478352,23.892504,50,True,二林,74.0,7.87,Low Risk
永興里災民收容所社區活動中心,八卦路58巷20號,南投縣南投市,南投縣南投市,120.6389,23.8926,150,True,南投,64.0,5.23,Low Risk
南曾社區活動中心,福德巷185號,彰化縣田尾鄉,彰化縣田尾鄉,120.534173,23.892743,84,True,員林,65.0,8.2,Low Risk
嘉和里災民收容所嘉和里神木社區活動中心,樂利三街2號,南投縣南投市,南投縣南投市,120.6696,23.8928,100,True,南投,64.0,2.76,Low Risk
社頭鄉老人文康活動中心,南勢巷9-16號,彰化縣社頭鄉,彰化縣社頭鄉,120.595,23.893,150,True,員林,65.0,8.28,Low Risk
千秋里災民收容所社區活動中心,千秋路222號,南投縣南投市,南投縣南投市,120.706,23.893,150,True,南投,64.0,3.06,Low Risk
圖書館一樓,文鄉路135號,彰化縣埤頭鄉,彰化縣埤頭鄉,120.4587,23.8933,40,True,二林,74.0,6.12,Low Risk
中和國小活動中心,溪林路284號,彰化縣埤頭鄉,彰化縣埤頭鄉,120.4587,23.8933,50,True,二林,74.0,6.12,Low Risk
三豐社區活動中心,平康路13號,彰化縣大城鄉,彰化縣大城鄉,120.299171,23.893532,100,True,大城,60.0,5.24,Low Risk
合興國小,文鄉路161號,彰化縣埤頭鄉,彰化縣埤頭鄉,120.459432,23.894074,50,True,二林,74.0,6.13,Low Risk
北曾社區活動中心,福德巷359號,彰化縣田尾鄉,彰化縣田尾鄉,120.53401,23.894834,90,True,員林,65.0,7.99,Low Risk
爽文社區活動中心,龍南路190號,南投縣中寮鄉,南投縣中寮鄉,120.7244,23.8949,100,True,南投,64.0,4.45,Low Risk
嘉和里、嘉興里災民收容所嘉和里集會所,嘉和一路232巷2號,南投縣南投市,南投縣南投市,120.6871,23.8955,250,True,南投,64.0,1.95,Low Risk
嘉和里災民收容所嘉和里集會所,嘉和一路232巷2號,南投縣南投市,南投縣南投市,120.6871,23.8955,250,True,南投,64.0,1.95,Low Risk
路上國小,新上路12號,彰化縣芳苑鄉,彰化縣芳苑鄉,120.3283,23.8961,150,True,大城,60.0,7.52,Low Risk
中興國小,光復路73號,彰化縣二林鎮,彰化縣二林鎮,120.427,23.8963,100,True,二林,74.0,3.66,Low Risk
永芳社區活動中心,龍南路269-1號,南投縣中寮鄉,南投縣中寮鄉,120.7145,23.8966,50,True,南投,64.0,3.48,Low Risk
社頭鄉運動公園體育館,彰化縣社頭鄉美雅村中山路1段172號,彰化縣社頭鄉,彰化縣社頭鄉,120.5858,23.8968,500,True,員林,65.0,7.56,Low Risk
北鎮社區活動中心,平和路二段151號,彰化縣田尾鄉,彰化縣田尾鄉,120.552144,23.897327,78,True,員林,65.0,7.23,Low Risk
溪頂社區活動中心,三溪路一段209號,彰化縣田尾鄉,彰化縣田尾鄉,120.508138,23.897399,45,True,員林,65.0,9.07,Low Risk
田尾社區活動中心,光復路三段538巷1號,彰化縣田尾鄉,彰化縣田尾鄉,120.508138,23.897399,84,True,員林,65.0,9.07,Low Risk
社頭國小,社斗路一段258號,彰化縣社頭鄉,彰化縣社頭鄉,120.584451,23.897442,300,True,員林,65.0,7.45,Low Risk
二林鎮鎮立幼兒園,斗苑路四段586號,彰化縣二林鎮,彰化縣二林鎮,120.3707,23.8976,200,True,二林,74.0,5.01,Low Risk
興華社區活動中心,中農路15號,彰化縣二林鎮,彰化縣二林鎮,120.366378,23.898143,75,True,二林,74.0,5.33,Low Risk
萬興國中,二溪路6段626號,彰化縣二林鎮,彰化縣二林鎮,120.366378,23.898143,121,True,二林,74.0,5.33,Low Risk
圓和宮,鎮平巷1號,彰化縣二林鎮,彰化縣二林鎮,120.366378,23.898143,121,True,二林,74.0,5.33,Low Risk
民眾活動中心,文明巷3號,彰化縣二林鎮,彰化縣二林鎮,120.366378,23.898143,121,True,二林,74.0,5.33,Low Risk
育德國小,中南巷41-1號,彰化縣二林鎮,彰化縣二林鎮,120.366378,23.898143,121,True,二林,74.0,5.33,Low Risk
梅芳社區活動中心,太平路72-1號,彰化縣二林鎮,彰化縣二林鎮,120.366378,23.898143,151,True,二林,74.0,5.33,Low Risk
慈靈宮,同安巷80-1號,彰化縣二林鎮,彰化縣二林鎮,120.366378,23.898143,227,True,二林,74.0,5.33,Low Risk
廣福宮,新榮巷1-2號,彰化縣二林鎮,彰化縣二林鎮,120.366378,23.898143,303,True,二林,74.0,5.33,Low Risk
東興社區活動中心,福建巷45-1號,彰化縣二林鎮,彰化縣二林鎮,120.366378,23.898143,303,True,二林,74.0,5.33,Low Risk
麒麟宮代化堂集會所,新店巷35號,南投縣魚池鄉,南投縣魚池鄉,120.9396,23.8983,50,True,埔里,43.0,8.35,Low Risk
永豐社區活動中心,東西路621號,彰化縣埤頭鄉,彰化縣埤頭鄉,120.450794,23.898467,25,True,二林,74.0,5.13,Low Risk
新興社區活動中心,新興路280號,彰化縣田尾鄉,彰化縣田尾鄉,120.558394,23.898593,90,True,員林,65.0,7.02,Low Risk
魚池國小,瓊文巷41號,南投縣魚池鄉,南投縣魚池鄉,120.9373,23.899,300,True,埔里,43.0,8.37,Low Risk
長興長寮尾活動中心,長興巷8之11號,南投縣魚池鄉,南投縣魚池鄉,120.9533,23.8992,50,True,埔里,43.0,7.88,Low Risk
龍安社區活動中心,龍南路94-5號,南投縣中寮鄉,南投縣中寮鄉,120.7592,23.8996,50,True,南投,64.0,7.66,Low Risk
月眉活動中心,月眉路三段108號,花蓮縣壽豐鄉,花蓮縣壽豐鄉,121.554,23.8996,53,True,花蓮,40.0,9.23,Low Risk
三鹿社區活動中心,三鹿里自強路293號,臺中市沙鹿區,彰化縣二林鎮,120.364822,23.899861,224,True,二林,74.0,5.36,Low Risk
二林國小,彰化縣二林鎮豐田里斗苑路五段22號,彰化縣二林鎮,彰化縣二林鎮,120.3716,23.8999,200,True,二林,74.0,4.78,Low Risk
中正國小,建興街80號,彰化縣二林鎮,彰化縣二林鎮,120.3773,23.8999,150,True,二林,74.0,4.33,Low Risk
新厝社區活動中心,光明巷54號,彰化縣田尾鄉,彰化縣田尾鄉,120.503867,23.899999,30,True,員林,65.0,9.12,Low Risk
原斗國小,斗苑路一段865號,彰化縣二林鎮,彰化縣二林鎮,120.3754,23.9005,100,True,二林,74.0,4.43,Low Risk
社頭國中,中興路1號,彰化縣社頭鄉,彰化縣社頭鄉,120.582081,23.901267,300,True,員林,65.0,6.98,Low Risk
仁豐國小,中正路二段101號,彰化縣田尾鄉,彰化縣田尾鄉,120.508227,23.902513,100,True,員林,65.0,8.62,Low Risk
三和里災民收容所里集會所,彰南路一段992號,南投縣南投市,南投縣南投市,120.6859,23.9026,250,True,南投,64.0,1.16,Low Risk
豐田社區活動中心,光復路四段114號,彰化縣田尾鄉,彰化縣田尾鄉,120.510873,23.903422,60,True,員林,65.0,8.37,Low Risk
三興里災民收容所南投高商活動中心,彰南路一段993號,南投縣南投市,南投縣南投市,120.6853,23.9039,250,True,南投,64.0,1.01,Low Risk
打簾社區活動中心,民生路一段245號,彰化縣田尾鄉,彰化縣田尾鄉,120.529979,23.904866,60,True,員林,65.0,7.15,Low Risk
志學活動中心,中正路120巷13號,花蓮縣壽豐鄉,花蓮縣壽豐鄉,121.5322,23.9053,40,True,花蓮,40.0,10.05,Low Risk
崇文里災民收容所南投國小活動中心,彰南路一段1059號,南投縣南投市,南投縣南投市,120.6839,23.9058,250,True,南投,64.0,0.81,Low Risk
彰仁里災民收容所南投國小活動中心,彰南路一段1059號,南投縣南投市,南投縣南投市,120.6839,23.9058,250,True,南投,64.0,0.81,Low Risk
新城村避難所,通文巷8號,南投縣魚池鄉,南投縣魚池鄉,120.9259,23.9059,50,True,埔里,43.0,8.2,Low Risk
中寮國小活動中心,永平路316號,南投縣中寮鄉,南投縣中寮鄉,120.8067,23.906,100,True,南投,64.0,12.36,Low Risk
新莊社區活動中心,永社路75-1號,彰化縣永靖鄉,彰化縣永靖鄉,120.553913,23.906852,26,True,員林,65.0,6.16,Low Risk
永靖國中,錫壽路123號,彰化縣永靖鄉,彰化縣永靖鄉,120.553913,23.906852,472,True,員林,65.0,6.16,Low Risk
原斗社區活動中心,中正巷13號,彰化縣二林鎮,彰化縣二林鎮,120.436185,23.907276,10,True,二林,74.0,3.35,Low Risk
西斗社區活動中心,再發路46號,彰化縣二林鎮,彰化縣二林鎮,120.436185,23.907276,12,True,二林,74.0,3.35,Low Risk
東和里集會所,照西路176巷1號,彰化縣二林鎮,彰化縣二林鎮,120.436185,23.907276,18,True,二林,74.0,3.35,Low Risk
大永社區活動中心,大永路17號,彰化縣二林鎮,彰化縣二林鎮,120.436185,23.907276,91,True,二林,74.0,3.35,Low Risk
東勢社區活動中心,面前巷2號,彰化縣二林鎮,彰化縣二林鎮,120.436185,23.907276,91,True,二林,74.0,3.35,Low Risk
新興宮,成田巷2號之4,彰化縣二林鎮,彰化縣二林鎮,120.436185,23.907276,136,True,二林,74.0,3.35,Low Risk
復豐社區活動中心,漏瑤巷30號,彰化縣二林鎮,彰化縣二林鎮,120.436185,23.907276,151,True,二林,74.0,3.35,Low Risk
慈聖?,路東巷1-23號,彰化縣二林鎮,彰化縣二林鎮,120.436185,23.907276,200,True,二林,74.0,3.35,Low Risk
南光社區活動中心,懷仁街8號,彰化縣二林鎮,彰化縣二林鎮,120.436185,23.907276,200,True,二林,74.0,3.35,Low Risk
中正村社區活動中心,光明路58號,南投縣仁愛鄉,南投縣仁愛鄉,120.98989,23.907318,100,True,埔里,43.0,7.2,Low Risk
朝興國小,社石路91號,彰化縣社頭鄉,彰化縣社頭鄉,120.604063,23.908289,200,True,員林,65.0,7.24,Low Risk
養靈社區活動養靈社區活動中心山楂腳,山楂腳巷16-1號,南投縣魚池鄉,南投縣魚池鄉,120.9149,23.9089,25,True,埔里,43.0,8.57,Low Risk
振興里災民收容所里辦公處,振興巷29巷18號,南投縣南投市,南投縣南投市,120.6961,23.9095,100,True,南投,64.0,1.16,Low Risk
仁和里災民收容所市區7里聯合辦公處,民生街33-3號,南投縣南投市,南投縣南投市,120.6858,23.9101,150,True,南投,64.0,0.33,Low Risk
南投里災民收容所市區七里聯合辦公處,民生街33之3號,南投縣南投市,南投縣南投市,120.6858,23.9101,150,True,南投,64.0,0.33,Low Risk
三民里災民收容所南投高中,建國路137號,南投縣南投市,南投縣南投市,120.6809,23.9105,300,True,南投,64.0,0.53,Low Risk
湳港社區活動中心,湳港村永社路205號,彰化縣永靖鄉,彰化縣永靖鄉,120.548393,23.910928,230,True,員林,65.0,5.83,Low Risk
五福社區活動中心,五福村五福巷99-1號,彰化縣永靖鄉,彰化縣永靖鄉,120.541084,23.911429,67,True,員林,65.0,6.01,Low Risk
溪畔社區活動中心,溪畔巷157號,彰化縣田尾鄉,彰化縣永靖鄉,120.536106,23.912249,36,True,員林,65.0,6.14,Low Risk
福山里災民收容所社區活動中心,八卦路521之12號,南投縣南投市,南投縣南投市,120.6376,23.9131,150,True,南投,64.0,4.85,Low Risk
平和里災民收容所平和國小活動中心,育樂路62號,南投縣南投市,南投縣南投市,120.6912,23.9132,250,True,南投,64.0,0.6,Low Risk
龍泉里災民收容所康壽國小活動中心,南陽路269號,南投縣南投市,南投縣南投市,120.6863,23.9133,150,True,南投,64.0,0.11,Low Risk
康壽里災民收容所康壽國小活動中心,南陽路269號,南投縣南投市,南投縣南投市,120.6863,23.9133,150,True,南投,64.0,0.11,Low Risk
漳和里災民收容所漳和里活動中心,文化路532號,南投縣南投市,南投縣南投市,120.6738,23.9134,150,True,南投,64.0,1.17,Low Risk
漳和里災民收容所南投國中活動中心,祖祠路361號,南投縣南投市,南投縣南投市,120.6769,23.9137,250,True,南投,64.0,0.86,Low Risk
武界基督長老教會,界山巷62號,南投縣仁愛鄉,南投縣仁愛鄉,121.042737,23.913769,200,True,埔里,43.0,9.76,Low Risk
港西社區活動中心,福德巷36-1號,彰化縣永靖鄉,彰化縣永靖鄉,120.541515,23.914104,34,True,員林,65.0,5.72,Low Risk
漳興里災民收容所社區活動中心,漳興巷51號,南投縣南投市,南投縣南投市,120.681,23.9146,200,True,南投,64.0,0.47,Low Risk
大雁村集會所,大雁巷2-1號,南投縣魚池鄉,南投縣魚池鄉,120.9193,23.9166,25,True,埔里,43.0,7.63,Low Risk
豐崙國小,校前路50號,彰化縣埤頭鄉,彰化縣埤頭鄉,120.4602,23.9172,50,True,二林,74.0,5.21,Low Risk
陸豐國小,民生路3段200號,彰化縣田尾鄉,彰化縣田尾鄉,120.505044,23.917345,120,True,員林,65.0,7.69,Low Risk
永南社區活動中心,永西路155號,彰化縣永靖鄉,彰化縣永靖鄉,120.542396,23.918325,37,True,員林,65.0,5.25,Low Risk
福興社區活動中心,福興村中肚巷52號,彰化縣永靖鄉,彰化縣永靖鄉,120.513506,23.918644,37,True,員林,65.0,6.95,Low Risk
橋頭國小,員集路三段528號,彰化縣社頭鄉,彰化縣社頭鄉,120.579834,23.9187,300,True,員林,65.0,5.06,Low Risk
沛霖宮,中正路三段271號,彰化縣田尾鄉,彰化縣田尾鄉,120.498374,23.918704,80,True,員林,65.0,8.13,Low Risk
獨鰲社區活動中心,獨鰲路192巷1-9號,彰化縣永靖鄉,彰化縣永靖鄉,120.531449,23.919024,116,True,員林,65.0,5.73,Low Risk
共和國小,五馬巷57-1號,南投縣魚池鄉,南投縣魚池鄉,120.9663,23.9192,75,True,埔里,43.0,5.52,Low Risk
池南活動中心,池南路2段17號,花蓮縣壽豐鄉,花蓮縣壽豐鄉,121.506,23.9197,53,True,花蓮,40.0,11.12,Low Risk
浮圳社區活動中心,浮圳路409號,彰化縣永靖鄉,彰化縣永靖鄉,120.560075,23.920049,45,True,員林,65.0,4.63,Low Risk
湳雅國小,山腳路三段395號,彰化縣社頭鄉,彰化縣社頭鄉,120.601444,23.920353,300,True,員林,65.0,6.01,Low Risk
崙美社區活動中心,獨鰲路270巷8-1號,彰化縣永靖鄉,彰化縣永靖鄉,120.538616,23.920355,96,True,員林,65.0,5.22,Low Risk
軍功里災民收容所里活動中心,軍功路140巷76號,南投縣南投市,南投縣南投市,120.7003,23.9208,150,True,南投,64.0,1.75,Low Risk
後寮國小,芳寮路30號,彰化縣芳苑鄉,彰化縣芳苑鄉,120.3417,23.9209,150,True,二林,74.0,6.92,Low Risk
陸豐社區活動中心,陸豐路48號,彰化縣田尾鄉,彰化縣田尾鄉,120.50099,23.920935,45,True,員林,65.0,7.77,Low Risk
張厝村集會所,張厝村大圳巷9-6號,彰化縣社頭鄉,彰化縣田尾鄉,120.50099,23.920935,50,True,員林,65.0,7.77,Low Risk
平山里災民收容所平山里辦公處,平山二路47巷2號,南投縣南投市,南投縣南投市,120.6749,23.921,150,True,南投,64.0,1.38,Low Risk
甘霖宮,永福路一段12號,彰化縣永靖鄉,彰化縣永靖鄉,120.541331,23.92112,50,True,員林,65.0,5.02,Low Risk
福盛社區活動中心,永樂路88-8號,南投縣中寮鄉,南投縣中寮鄉,120.7318,23.9236,50,True,南投,64.0,4.87,Low Risk
東山里災民收容所觀音寺,東山路13號,南投縣南投市,南投縣南投市,120.7167,23.9238,150,False,南投,64.0,3.41,Warning
聖興宮,興寧路196號,彰化縣永靖鄉,彰化縣永靖鄉,120.569898,23.923805,197,True,員林,65.0,4.26,Low Risk
竹子社區活動中心,竹中巷41號,彰化縣永靖鄉,彰化縣永靖鄉,120.503855,23.924464,45,True,員林,65.0,7.31,Low Risk
鳳鳴里災民收容所鳳鳴國中禮堂,八卦路896號,南投縣南投市,南投縣南投市,120.6397,23.9248,250,True,南投,64.0,4.82,Low Risk
四芳社區活動中心,四湳路106-1號,彰化縣永靖鄉,彰化縣永靖鄉,120.522486,23.925579,73,True,員林,65.0,5.76,Low Risk
同安社區活動中心,西畔巷11-1號,彰化縣永靖鄉,彰化縣永靖鄉,120.528556,23.925671,145,True,員林,65.0,5.32,Low Risk
光雲社區活動中心,意善巷78-1號,彰化縣永靖鄉,彰化縣永靖鄉,120.555617,23.92713,88,True,員林,65.0,3.91,Low Risk
湳墘社區活動中心,忠心路13-1號,彰化縣永靖鄉,彰化縣永靖鄉,120.532649,23.92828,39,True,員林,65.0,4.83,Low Risk
同仁社區活動中心,同仁村東畔路7-1號,彰化縣永靖鄉,彰化縣永靖鄉,120.532649,23.92828,43,True,員林,65.0,4.83,Low Risk
新興里災民收容所新豐國小禮堂,彰南路三段221號,南投縣南投市,南投縣南投市,120.6724,23.9294,250,True,南投,64.0,2.25,Low Risk
麒麟國小,武界路7號,南投縣埔里鎮,南投縣埔里鎮,120.99,23.9304,280,True,埔里,43.0,4.83,Low Risk
崙子社區活動中心,九分路192-1號,彰化縣永靖鄉,彰化縣永靖鄉,120.566311,23.930578,35,True,員林,65.0,3.46,Low Risk
五汴社區活動中心,五汴巷1號,彰化縣永靖鄉,彰化縣永靖鄉,120.558809,23.9307,35,True,員林,65.0,3.46,Low Risk
西勢社區活動中心,西安路117巷36號,彰化縣溪湖鎮,彰化縣溪湖鎮,120.476644,23.931225,30,True,二林,74.0,6.84,Low Risk
愛蘭里集會所,梅村路110號,南投縣埔里鎮,南投縣埔里鎮,120.9902,23.9314,50,True,埔里,43.0,4.74,Low Risk
和興社區活動中心,永樂路143-2號,南投縣中寮鄉,南投縣中寮鄉,120.7501,23.9322,50,True,南投,64.0,6.92,Low Risk
內興里災民收容所德興國小活動中心,中興路200號,南投縣南投市,南投縣南投市,120.693,23.9325,250,True,南投,64.0,2.31,Low Risk
光華活動中心,光華二街200號,花蓮縣吉安鄉,花蓮縣吉安鄉,121.578,23.934,37,True,花蓮,40.0,4.7,Low Risk
義和村集會所,永平路513-12號,南投縣中寮鄉,南投縣中寮鄉,120.7601,23.9349,100,True,南投,64.0,7.98,Low Risk
內新里災民收容所內新里集會所,南營路283號,南投縣南投市,南投縣南投市,120.6903,23.9357,150,True,南投,64.0,2.57,Low Risk
義和社區活動中心,永平路447-12號,南投縣中寮鄉,南投縣中寮鄉,120.7589,23.9359,50,True,南投,64.0,7.9,Low Risk
港源社區五榖宮,南港路26號,南投縣國姓鄉,南投縣國姓鄉,120.8663,23.9366,50,True,埔里,43.0,10.93,Low Risk
龍岩村集會所,龍南路154號,南投縣中寮鄉,南投縣中寮鄉,120.7629,23.9376,50,True,南投,64.0,8.35,Low Risk
珠格里集會所,珠生路36-5號,南投縣埔里鎮,南投縣埔里鎮,120.9584,23.9376,30,True,埔里,43.0,3.61,Low Risk
太平國小,太平路289號,彰化縣埔心鄉,彰化縣埔心鄉,120.552667,23.938168,200,True,員林,65.0,2.82,Low Risk
埔心鄉立幼兒園,太平路336號,彰化縣埔心鄉,彰化縣埔心鄉,120.5513,23.9385,100,True,員林,65.0,2.84,Low Risk
永豐里災民收容所里辦公處,中華路190巷50號,南投縣南投市,南投縣南投市,120.6703,23.9385,100,True,南投,64.0,3.22,Low Risk
湳底社區活動中心,湳底路27-6號,彰化縣溪湖鎮,彰化縣溪湖鎮,120.507252,23.940604,30,True,員林,65.0,6.14,Low Risk
鳳山里災民收容所鳳山里集會所,八卦路1310號,南投縣南投市,南投縣南投市,120.6379,23.9409,100,True,南投,64.0,5.73,Low Risk
金龍宮,水頭路18號,南投縣埔里鎮,南投縣埔里鎮,120.9707,23.9409,30,True,埔里,43.0,3.12,Low Risk
媽厝國小,湳底路67號,彰化縣溪湖鎮,彰化縣溪湖鎮,120.496339,23.941071,100,True,員林,65.0,7.17,Low Risk
清水社區活動中心,瀧林巷2-6號,南投縣中寮鄉,南投縣中寮鄉,120.7725,23.9415,100,True,南投,64.0,9.41,Low Risk
光明里災民收容所光復國小導師室地下室,光明一路67號,南投縣南投市,南投縣南投市,120.7024,23.9416,150,True,南投,64.0,3.62,Low Risk
桃米里集會所,桃米巷48-1號,南投縣埔里鎮,南投縣埔里鎮,120.9269,23.9424,50,True,埔里,43.0,5.1,Low Risk
營南里災民收容所營南里集會所,營盤路113號,南投縣南投市,南投縣南投市,120.6754,23.9438,150,True,南投,64.0,3.57,Low Risk
福興里災民收容所福興里集會所永興宮,彰南路三段953號,南投縣南投市,南投縣南投市,120.665769,23.944121,50,True,南投,64.0,3.99,Low Risk
水頭里集會所,中正路121號,南投縣埔里鎮,南投縣埔里鎮,120.9799,23.9446,30,True,埔里,43.0,2.96,Low Risk
廣福國小活動中心,內城巷3-2號,南投縣中寮鄉,南投縣中寮鄉,120.7883,23.9447,100,True,南投,64.0,11.05,Low Risk
美港社區活動中心,中山路一段118號,彰化縣大村鄉,彰化縣員林市,120.562457,23.944818,50,True,員林,65.0,1.87,Low Risk
溪南里集會所醒覺堂,珠生路59-1號,南投縣埔里鎮,南投縣埔里鎮,120.9567,23.945,60,True,埔里,43.0,2.89,Low Risk
福興里災民收容所三玄宮,吉利路126號,南投縣南投市,南投縣南投市,120.6593,23.9467,150,True,南投,64.0,4.59,Low Risk
永福社區活動中心,永平路400號,南投縣中寮鄉,南投縣中寮鄉,120.791,23.9471,50,True,南投,64.0,11.39,Low Risk
萬豐國小,清華巷8號,南投縣仁愛鄉,南投縣仁愛鄉,121.07602,23.947392,200,True,埔里,43.0,11.24,Low Risk
干城活動中心,干城一街97巷1號,花蓮縣吉安鄉,花蓮縣吉安鄉,121.545,23.9474,35,True,花蓮,40.0,6.17,Low Risk
文蘭活動中心,6鄰79號,花蓮縣秀林鄉,花蓮縣秀林鄉,121.5068,23.9479,100,True,花蓮,40.0,9.8,Low Risk
舊館國小,員鹿路4段201號,彰化縣埔心鄉,彰化縣埔心鄉,120.525928,23.948035,600,True,員林,65.0,4.08,Low Risk
二林工商,斗苑路4段500號,彰化縣二林鎮,彰化縣二林鎮,120.4428,23.9482,200,True,二林,74.0,4.23,Low Risk
大庭社區活動中心,崙仔腳路34-1號,彰化縣溪湖鎮,彰化縣溪湖鎮,120.498582,23.949215,40,True,員林,65.0,6.71,Low Risk
光榮里災民收容所省政府青少年活動中心,中學路1號,南投縣南投市,南投縣南投市,120.6962,23.9498,200,True,南投,64.0,4.24,Low Risk
國立暨南大學體育健康中心,大學路1號,南投縣埔里鎮,南投縣埔里鎮,120.93,23.950278,2200,True,埔里,43.0,4.37,Low Risk
南港國小1甲-6甲與3間專科教室,南港路112之8號,南投縣國姓鄉,南投縣國姓鄉,120.8693,23.9504,60,True,埔里,43.0,10.23,Low Risk
南港社區活動中心,南港路112之11號,南投縣國姓鄉,南投縣國姓鄉,120.8695,23.9508,50,True,埔里,43.0,10.2,Low Risk
明聖國小,西安南路178號,彰化縣埔心鄉,彰化縣埔心鄉,120.557191,23.951445,400,True,員林,65.0,1.28,Low Risk
仁安活動中心,南海三街71號,花蓮縣吉安鄉,花蓮縣吉安鄉,121.5968,23.9517,63,True,花蓮,40.0,2.2,Low Risk
光華里災民收容所光華國小活動中心,光華四路2號,南投縣南投市,南投縣南投市,120.6908,23.9522,100,True,南投,64.0,4.39,Low Risk
營北里災民收容所營北里辦公處,中正路152-7號,南投縣南投市,南投縣南投市,120.6877,23.9524,100,True,南投,64.0,4.39,Low Risk
員林市育英國小,光明街31號,彰化縣員林市,彰化縣員林市,120.5742,23.9526,230,True,員林,65.0,1.5,Low Risk
南華活動中心,南華四街123號,花蓮縣吉安鄉,花蓮縣吉安鄉,121.5513,23.9527,63,True,花蓮,40.0,5.34,Low Risk
埔心鄉公所,員鹿路二段344號,彰化縣埔心鄉,彰化縣埔心鄉,120.5435,23.9531,100,True,員林,65.0,2.21,Low Risk
埔心國小,員鹿路二段254號,彰化縣埔心鄉,彰化縣埔心鄉,120.544016,23.953935,500,True,員林,65.0,2.13,Low Risk
東溪國小,員鹿路一段538號,彰化縣溪湖鎮,彰化縣溪湖鎮,120.497939,23.953975,50,True,員林,65.0,6.68,Low Risk
埔心國中,忠義北路51號,彰化縣埔心鄉,彰化縣埔心鄉,120.543018,23.95404,700,True,員林,65.0,2.22,Low Risk
稻香活動中心,慶豐路79號,花蓮縣吉安鄉,花蓮縣吉安鄉,121.5757,23.9548,40,True,花蓮,40.0,3.06,Low Risk
永興活動中心,永興七街86號,花蓮縣吉安鄉,花蓮縣吉安鄉,121.5683,23.955,53,True,花蓮,40.0,3.68,Low Risk
仁和活動中心,南海三街314號,花蓮縣吉安鄉,花蓮縣吉安鄉,121.5876,23.9563,101,True,花蓮,40.0,2.08,Low Risk
田中社區活動中心,田中央路275巷42弄113號,彰化縣溪湖鎮,彰化縣溪湖鎮,120.46673,23.956799,30,True,二林,74.0,6.78,Low Risk
老人文康中心,德華街17號,彰化縣溪湖鎮,彰化縣溪湖鎮,120.47851,23.956882,100,True,二林,74.0,7.84,Low Risk
成功里集會所,種瓜路87-2號,南投縣埔里鎮,南投縣埔里鎮,120.8946,23.9575,100,True,埔里,43.0,7.55,Low Risk
枇杷里集會所,和二街1號,南投縣埔里鎮,南投縣埔里鎮,120.9766,23.9579,80,True,埔里,43.0,1.5,Low Risk
草湖國中,彰化縣芳苑鄉草湖村功湖路草湖段140號,彰化縣芳苑鄉,彰化縣芳苑鄉,120.3784,23.9583,400,True,二林,74.0,4.86,Low Risk
員林市西區體館,雙景街50號,彰化縣員林市,彰化縣員林市,120.5642,23.9587,200,True,員林,65.0,0.34,Low Risk
杷城里集會所,民有二街69號,南投縣埔里鎮,南投縣埔里鎮,120.9699,23.9588,100,True,埔里,43.0,1.13,Low Risk
員林市公所三樓禮堂,三民街18號,彰化縣員林市,彰化縣員林市,120.5743,23.9591,100,True,員林,65.0,1.16,Low Risk
溪湖鎮公所,大溪路2段423號,彰化縣溪湖鎮,彰化縣溪湖鎮,120.478529,23.95923,100,True,二林,74.0,7.96,Low Risk
溪湖國小,二溪路一段35號,彰化縣溪湖鎮,彰化縣溪湖鎮,120.478529,23.95923,100,True,二林,74.0,7.96,Low Risk
同聲集會所,光華街115號,南投縣埔里鎮,南投縣埔里鎮,120.9655,23.9594,100,True,埔里,43.0,1.08,Low Risk
湖西國小,北聖路20號,彰化縣溪湖鎮,彰化縣溪湖鎮,120.467753,23.959709,60,True,二林,74.0,7.04,Low Risk
南埔社區活動中心,青宅巷56號,南投縣草屯鎮,南投縣草屯鎮,120.6633,23.9599,50,True,南投,64.0,5.67,Low Risk
光輝里災民收容所里集會所,府西路79號,南投縣南投市,南投縣南投市,120.6861,23.9601,150,True,南投,64.0,5.24,Low Risk
紫微宮,草溪路214號,南投縣草屯鎮,南投縣草屯鎮,120.6689,23.9611,30,True,南投,64.0,5.6,Low Risk
南埔里集會所,中正路305號,南投縣草屯鎮,南投縣草屯鎮,120.6845,23.9611,80,True,南投,64.0,5.35,Low Risk
草屯國小禮堂,玉屏路210號,南投縣草屯鎮,南投縣草屯鎮,120.6845,23.9629,200,True,南投,64.0,5.55,Low Risk
河東社區活動中心,河東路281號,彰化縣溪湖鎮,彰化縣溪湖鎮,120.448106,23.962975,30,True,二林,74.0,5.74,Low Risk
薰化里集會所,育英街18號2樓,南投縣埔里鎮,南投縣埔里鎮,120.9623,23.9635,25,True,埔里,43.0,0.82,Low Risk
清新里集會所,育英街18號1樓,南投縣埔里鎮,南投縣埔里鎮,120.9623,23.9635,30,True,埔里,43.0,0.82,Low Risk
南門里集會所,南昌街115巷2號,南投縣埔里鎮,南投縣埔里鎮,120.9669,23.9637,60,True,埔里,43.0,0.58,Low Risk
義民祠,南村路8-1號,南投縣埔里鎮,南投縣埔里鎮,120.9446,23.9638,30,True,埔里,43.0,2.43,Low Risk
湖東國小,大溪路二段423號,彰化縣溪湖鎮,彰化縣溪湖鎮,120.482373,23.963927,100,True,員林,65.0,8.22,Low Risk
福安宮,信善街1號,彰化縣溪湖鎮,彰化縣溪湖鎮,120.479389,23.96397,30,True,二林,74.0,8.3,Low Risk
王功國小,育嬰巷75號,彰化縣芳苑鄉,彰化縣芳苑鄉,120.342,23.9642,400,True,二林,74.0,8.13,Low Risk
虎山國小禮堂,新生路76號,南投縣草屯鎮,南投縣草屯鎮,120.6809,23.9648,200,True,南投,64.0,5.78,Low Risk
銅門收容所,9鄰53號,花蓮縣秀林鄉,花蓮縣秀林鄉,121.4944,23.965,70,True,花蓮,40.0,10.73,Low Risk
湖北國小,地政路201號,彰化縣溪湖鎮,彰化縣溪湖鎮,120.47679,23.965221,100,True,二林,74.0,8.15,Low Risk
春陽活動中心,3鄰龍山巷67-1號,南投縣仁愛鄉,南投縣仁愛鄉,121.211132,23.965785,100,True,埔里,43.0,24.72,Low Risk
東昌活動中心,東海六街74號,花蓮縣吉安鄉,花蓮縣吉安鄉,121.5953,23.9658,47,True,花蓮,40.0,0.76,Low Risk
太清宮,太平路二段114號,南投縣草屯鎮,南投縣草屯鎮,120.739,23.9669,30,True,南投,64.0,8.11,Low Risk
員林市僑信國小,中山路二段280號,彰化縣員林市,彰化縣員林市,120.5716,23.967,200,True,員林,65.0,1.04,Low Risk
泰安里集會所,民族二街58號,南投縣埔里鎮,南投縣埔里鎮,120.9756,23.9671,50,True,埔里,43.0,0.81,Low Risk
平林里集會所,健行路65巷31號,南投縣草屯鎮,南投縣草屯鎮,120.7397,23.9673,100,True,南投,64.0,8.19,Low Risk
員林市東山國小,山腳路四段212號,彰化縣員林市,彰化縣員林市,120.601,23.9678,300,True,員林,65.0,3.9,Low Risk
石川里集會所,石川路37-37號,南投縣草屯鎮,南投縣草屯鎮,120.7451,23.968,100,True,南投,64.0,8.62,Low Risk
西門里集會所,中正路511號,南投縣埔里鎮,南投縣埔里鎮,120.9643,23.9681,50,True,埔里,43.0,0.38,Low Risk
仁里活動中心,仁里五街1號,花蓮縣吉安鄉,花蓮縣吉安鄉,121.5925,23.9684,90,True,花蓮,40.0,0.81,Low Risk
親愛村活動中心,高平路4號,南投縣仁愛鄉,南投縣仁愛鄉,121.107902,23.968466,100,True,埔里,43.0,14.22,Low Risk
御史里舊集會所,東山路27號,南投縣草屯鎮,南投縣草屯鎮,120.6685,23.9686,50,True,南投,64.0,6.41,Low Risk
主農社區活動中心,中順街77號,花蓮縣花蓮市,花蓮縣花蓮市,121.5968,23.9688,50,True,花蓮,40.0,0.41,Low Risk
福興活動中心,福德街1號,花蓮縣吉安鄉,花蓮縣吉安鄉,121.5624,23.9689,106,True,花蓮,40.0,3.81,Low Risk
土城國小禮堂,中正路189號,南投縣草屯鎮,南投縣草屯鎮,120.6763,23.9691,200,True,南投,64.0,6.3,Low Risk
坪頂國小禮堂,南坪路40-2號,南投縣草屯鎮,南投縣草屯鎮,120.6657,23.9692,200,True,南投,64.0,6.56,Low Risk
鳳霞國小,五通南路82號,彰化縣埔心鄉,彰化縣埔心鄉,120.526197,23.969739,363,True,員林,65.0,3.87,Low Risk
敦和國小禮堂,敦和路72-6號,南投縣草屯鎮,南投縣草屯鎮,120.668,23.9698,200,True,南投,64.0,6.56,Low Risk
南昌活動中心,文化七街64號,花蓮縣吉安鄉,花蓮縣吉安鄉,121.5797,23.9704,72,True,花蓮,40.0,2.04,Low Risk
梧鳳國小,大溪路三段175號,彰化縣埔心鄉,彰化縣埔心鄉,120.512005,23.970465,363,True,員林,65.0,5.29,Low Risk
慈恩社區活動中心,九成街46號,南投縣埔里鎮,南投縣埔里鎮,120.9598,23.9712,50,True,埔里,43.0,0.86,Low Risk
中正國小,中正路210號,花蓮縣花蓮市,花蓮縣花蓮市,121.5997,23.9717,187,True,花蓮,40.0,0.04,Low Risk
中原國小文中三國中預定地,中原路531號,花蓮縣花蓮市,花蓮縣花蓮市,121.5964,23.9718,85,True,花蓮,40.0,0.35,Low Risk
石川社區活動中心,石川路46-10號,南投縣草屯鎮,南投縣草屯鎮,120.6606,23.9719,50,True,南投,64.0,7.01,Low Risk
加老里集會所,加老路268號,南投縣草屯鎮,南投縣草屯鎮,120.6837,23.972,50,True,南投,64.0,6.56,Low Risk
大城社區活動中心,大城路18號,南投縣埔里鎮,南投縣埔里鎮,120.9589,23.9721,50,True,埔里,43.0,0.98,Low Risk
中竹社區活動中心,竹福路181號,彰化縣溪湖鎮,彰化縣溪湖鎮,120.504958,23.973162,40,True,員林,65.0,6.05,Low Risk
新興社區活動中心,新興巷6-3號,彰化縣大村鄉,彰化縣大村鄉,120.537435,23.973249,30,True,員林,65.0,2.92,Low Risk
虎山社區活動中心,虎耳一街40號,南投縣埔里鎮,南投縣埔里鎮,120.9777,23.9734,120,True,埔里,43.0,1.12,Low Risk
吉安國小,吉安路二段97號,花蓮縣吉安鄉,花蓮縣吉安鄉,121.5628,23.9734,223,True,花蓮,40.0,3.76,Low Risk
花蓮城隍廟香客大樓,成功街169號,花蓮縣花蓮市,花蓮縣花蓮市,121.6058,23.9734,100,True,花蓮,40.0,0.66,Low Risk
恆吉活動中心,大城路259號,南投縣埔里鎮,南投縣埔里鎮,120.9498,23.9736,60,True,埔里,43.0,1.91,Low Risk
吉安活動中心,中興路355巷7號,花蓮縣吉安鄉,花蓮縣吉安鄉,121.5643,23.9736,32,True,花蓮,40.0,3.61,Low Risk
通天宮,員鹿路269-1號,彰化縣溪湖鎮,彰化縣溪湖鎮,120.47264,23.973695,30,True,二林,74.0,8.37,Low Risk
五穀宮,中山路三段99巷18號,花蓮縣吉安鄉,花蓮縣吉安鄉,121.5742,23.974,70,True,花蓮,40.0,2.62,Low Risk
親愛國小萬大分校,大安路87號,南投縣仁愛鄉,南投縣仁愛鄉,121.127976,23.974175,200,True,埔里,43.0,16.27,Low Risk
雙冬社區活動中心,中正路83-1號,南投縣草屯鎮,南投縣草屯鎮,120.7039,23.9749,100,True,南投,64.0,7.14,Low Risk
勝安活動中心,慈惠一街30號,花蓮縣吉安鄉,花蓮縣吉安鄉,121.5869,23.9754,38,True,花蓮,40.0,1.38,Low Risk
宜昌活動中心,吉祥六街52巷9號,花蓮縣吉安鄉,花蓮縣吉安鄉,121.5832,23.9756,49,True,花蓮,40.0,1.75,Low Risk
忠孝國小,中華路298號,花蓮縣花蓮市,花蓮縣花蓮市,121.5986,23.9756,47,True,花蓮,40.0,0.49,Low Risk
主權社區活動中心,中原路666號,花蓮縣花蓮市,花蓮縣花蓮市,121.5938,23.9757,72,True,花蓮,40.0,0.78,Low Risk
蜈蚣里集會所,蜈蚣路36號,南投縣埔里鎮,南投縣埔里鎮,120.9897,23.9767,50,True,埔里,43.0,2.38,Low Risk
南村里集會所,中山路四段373號,南投縣埔里鎮,南投縣埔里鎮,120.919707,23.976883,70,True,埔里,43.0,4.98,Low Risk
碧洲社區活動中心,立人路763巷59號,南投縣草屯鎮,南投縣草屯鎮,120.6864,23.9773,100,True,南投,64.0,7.15,Low Risk
勝安宮,慈惠三街118號,花蓮縣吉安鄉,花蓮縣吉安鄉,121.5867,23.9777,1300,True,花蓮,40.0,1.51,Low Risk
敦和里集會所,仁愛街156號,南投縣草屯鎮,南投縣草屯鎮,120.7005,23.9778,50,True,南投,64.0,7.37,Low Risk
聖地慈惠堂,慈惠三街136號,花蓮縣吉安鄉,花蓮縣吉安鄉,121.586,23.978,700,True,花蓮,40.0,1.58,Low Risk
中正體育館,公園路53號,花蓮縣花蓮市,花蓮縣花蓮市,121.6142,23.978,593,True,花蓮,40.0,1.64,Low Risk
國風國中,林政街7號,花蓮縣花蓮市,花蓮縣花蓮市,121.5954,23.9785,800,True,花蓮,40.0,0.91,Low Risk
新寶國小,芳漢路129巷100號,彰化縣芳苑鄉,彰化縣芳苑鄉,120.35004,23.978617,150,True,二林,74.0,8.49,Low Risk
山腳社區活動中心,信洋街40號,南投縣草屯鎮,南投縣草屯鎮,120.7257,23.9788,20,True,南投,64.0,8.39,Low Risk
碧峰里集會所,碧峰路135巷6號,南投縣草屯鎮,南投縣草屯鎮,120.7177,23.9789,100,True,南投,64.0,8.03,Low Risk
明義國小,明義街107號,花蓮縣花蓮市,花蓮縣花蓮市,121.6029,23.979,185,True,花蓮,40.0,0.91,Low Risk
房里里集會所,房里路7-1號,南投縣埔里鎮,南投縣埔里鎮,120.9493,23.9791,40,True,埔里,43.0,2.21,Low Risk
南埔將軍廟文教中心,中正路288-41號,南投縣草屯鎮,南投縣草屯鎮,120.6982,23.9797,100,True,南投,64.0,7.53,Low Risk
大園國小,彰化縣埔鹽鄉豐澤村埔打路45之1號,彰化縣埔鹽鄉,彰化縣埔鹽鄉,120.4882,23.9798,150,True,員林,65.0,7.88,Low Risk
旭光高中禮堂,中正路568-23號,南投縣草屯鎮,南投縣草屯鎮,120.6866,23.9799,200,True,南投,64.0,7.44,Low Risk
富寮里集會所,富頂路一段267號,南投縣草屯鎮,南投縣草屯鎮,120.6947,23.9801,20,True,南投,64.0,7.52,Low Risk
平林國小禮堂,健行路65巷90號,南投縣草屯鎮,南投縣草屯鎮,120.721,23.9801,200,True,南投,64.0,8.3,Low Risk
新庄里集會所,芬草路二段342號,南投縣草屯鎮,南投縣草屯鎮,120.6806,23.9803,50,True,南投,64.0,7.5,Low Risk
上林老人活動中心,草溪路599巷2弄8號,南投縣草屯鎮,南投縣草屯鎮,120.6799,23.9804,60,True,南投,64.0,7.51,Low Risk
北山國中,中正路4段157號,南投縣國姓鄉,南投縣國姓鄉,120.8736,23.9805,50,True,埔里,43.0,9.67,Low Risk
北山國小1甲-6甲與6間專科教室,中正路4段19之1號,南投縣國姓鄉,南投縣國姓鄉,120.8939,23.9808,50,True,埔里,43.0,7.64,Low Risk
籃城社區活動中心,籃城路21號,南投縣埔里鎮,南投縣埔里鎮,120.9567,23.981,100,True,埔里,43.0,1.77,Low Risk
加興宮,加老南路282-1號,南投縣草屯鎮,南投縣草屯鎮,120.6872,23.9813,30,True,南投,64.0,7.6,Low Risk
龍泉宮,玉屏巷24-2號,南投縣草屯鎮,南投縣草屯鎮,120.7911,23.9815,20,True,南投,64.0,13.18,Low Risk
碧峰國小禮堂,立人路439號,南投縣草屯鎮,南投縣草屯鎮,120.6775,23.9817,200,True,南投,64.0,7.68,Low Risk
南天宮,中正路4段160-1號,南投縣國姓鄉,南投縣國姓鄉,120.8724,23.9817,50,True,埔里,43.0,9.81,Low Risk
嘉長宮,加老東路68號,南投縣草屯鎮,南投縣草屯鎮,120.7911,23.9818,30,True,南投,64.0,13.2,Low Risk
花蓮市公所,林森路252號,花蓮縣花蓮市,花蓮縣花蓮市,121.6068,23.9821,37,True,花蓮,40.0,1.4,Low Risk
慶豐活動中心,慶北一街237號,花蓮縣吉安鄉,花蓮縣吉安鄉,121.5632,23.9825,61,True,花蓮,40.0,3.92,Low Risk
敦和宮,敦和路74號,南投縣草屯鎮,南投縣草屯鎮,120.664,23.9835,200,True,南投,64.0,8.13,Low Risk
國立花蓮農業職業學校,建國路161號,花蓮縣花蓮市,花蓮縣花蓮市,121.599,23.9836,382,True,花蓮,40.0,1.37,Low Risk
中原國小禮堂,坪腳巷20號,南投縣草屯鎮,南投縣草屯鎮,120.7428,23.984,200,True,南投,64.0,9.82,Low Risk
大西國小,大崙路10號之1,彰化縣大村鄉,彰化縣大村鄉,120.5261,23.9841,100,True,員林,65.0,4.52,Low Risk
永和宮,中和路57-1號,南投縣草屯鎮,南投縣草屯鎮,120.6638,23.9841,20,True,南投,64.0,8.2,Low Risk
永安宮,玉屏路129號,南投縣草屯鎮,南投縣草屯鎮,120.7951,23.9847,20,True,南投,64.0,13.71,Low Risk
天盛國小,彰化縣埔鹽鄉天盛村番金路68之1號,彰化縣埔鹽鄉,彰化縣埔鹽鄉,120.4288,23.985,150,True,二林,74.0,6.93,Low Risk
坪頂社區活動中心,南坪路29號,南投縣草屯鎮,南投縣草屯鎮,120.7206,23.9852,30,True,南投,64.0,8.79,Low Risk
擺塘社區活動中心,擺塘橫巷1-1號,彰化縣大村鄉,彰化縣大村鄉,120.559998,23.985318,30,True,員林,65.0,2.66,Low Risk
埔鹽鄉立幼兒園,彰化縣埔鹽鄉新水村6鄰大新路1巷12-80巷32號,彰化縣埔鹽鄉,彰化縣埔鹽鄉,120.4423,23.9858,200,True,二林,74.0,7.51,Low Risk
新水國小,彰化縣埔鹽鄉新水村大新路15號,彰化縣埔鹽鄉,彰化縣埔鹽鄉,120.4453,23.9858,200,True,二林,74.0,7.65,Low Risk
花蓮高商,中山路418號,花蓮縣花蓮市,花蓮縣花蓮市,121.6025,23.9865,266,True,花蓮,40.0,1.71,Low Risk
北昌活動中心,南華四街123號,花蓮縣吉安鄉,花蓮縣吉安鄉,121.5947,23.987,83,True,花蓮,40.0,1.82,Low Risk
守成社區活動中心,守城二巷1號,南投縣埔里鎮,南投縣埔里鎮,120.9863,23.9872,50,True,埔里,43.0,2.77,Low Risk
草屯國中禮堂,虎山路808號,南投縣草屯鎮,南投縣草屯鎮,120.7183,23.9876,200,True,南投,64.0,8.95,Low Risk
富功國小禮堂,中正路567號,南投縣草屯鎮,南投縣草屯鎮,120.6624,23.9877,200,True,南投,64.0,8.63,Low Risk
中原里集會所,中和路57號,南投縣草屯鎮,南投縣草屯鎮,120.7183,23.9879,100,True,南投,64.0,8.98,Low Risk
南港國小,彰化縣埔鹽鄉南港村埔菜路29之2號,彰化縣埔鹽鄉,彰化縣埔鹽鄉,120.4958,23.988,200,True,員林,65.0,7.45,Low Risk
貢旗社區活動中心,大崙路2-1號,彰化縣大村鄉,彰化縣大村鄉,120.538159,23.988147,50,True,員林,65.0,3.9,Low Risk
大村國中,中山路2段240號,彰化縣大村鄉,彰化縣大村鄉,120.5655,23.9882,100,True,員林,65.0,2.97,Low Risk
村上社區活動中心,中正東路98巷2號,彰化縣大村鄉,彰化縣大村鄉,120.566488,23.988403,50,True,員林,65.0,3.0,Low Risk
加錫社區活動中心,加錫二巷16-3號,彰化縣大村鄉,彰化縣大村鄉,120.524909,23.988689,50,True,員林,65.0,4.92,Low Risk
向善里集會所,向善路75號,南投縣埔里鎮,南投縣埔里鎮,120.9253,23.9887,40,True,埔里,43.0,4.86,Low Risk
南美崙營區,新興路80號,花蓮縣花蓮市,花蓮縣花蓮市,121.6157,23.9887,300,True,花蓮,40.0,2.52,Low Risk
村上國小,中山路2段242號,彰化縣大村鄉,彰化縣大村鄉,120.5648,23.9889,150,True,員林,65.0,3.04,Low Risk
永安活動中心,太昌路488號,花蓮縣吉安鄉,花蓮縣吉安鄉,121.5731,23.989,156,True,花蓮,40.0,3.35,Low Risk
北投里新集會所,北投路185號,南投縣草屯鎮,南投縣草屯鎮,120.6913,23.9892,100,True,南投,64.0,8.49,Low Risk
大石社區活動中心,中正路3段235之3號,南投縣國姓鄉,南投縣國姓鄉,120.8616,23.9893,50,True,埔里,43.0,11.04,Low Risk
新豐里集會所,稻香路56號,南投縣草屯鎮,南投縣草屯鎮,120.6894,23.9909,60,True,南投,64.0,8.67,Low Risk
忠孝國小,守城路28號,南投縣埔里鎮,南投縣埔里鎮,120.9798,23.991,180,True,埔里,43.0,2.74,Low Risk
御史里新集會所,登輝路163號,南投縣草屯鎮,南投縣草屯鎮,120.7643,23.9911,150,True,南投,64.0,11.83,Low Risk
中華國小,國盛二街22號,花蓮縣花蓮市,花蓮縣花蓮市,121.607,23.992,189,True,花蓮,40.0,2.42,Low Risk
雙冬國小禮堂,中正路34-7號,南投縣草屯鎮,南投縣草屯鎮,120.6722,23.9922,200,True,南投,64.0,8.91,Low Risk
鎮立幼兒園,復興路475號,南投縣草屯鎮,南投縣草屯鎮,120.7624,23.9923,100,True,南投,64.0,11.8,Low Risk
埔鹽國小,彰化縣埔鹽鄉埔南村彰水路一段252號,彰化縣埔鹽鄉,彰化縣埔鹽鄉,120.4766,23.9927,200,True,員林,65.0,9.45,Low Risk
坪頂里集會所,南坪路40-1號,南投縣草屯鎮,南投縣草屯鎮,120.7423,23.9927,100,True,南投,64.0,10.59,Low Risk
過溝社區活動中心,過溝三巷36-2號,彰化縣大村鄉,彰化縣大村鄉,120.554649,23.992766,30,True,員林,65.0,3.57,Low Risk
鑄強國小,永興路20號,花蓮縣花蓮市,花蓮縣花蓮市,121.6255,23.9928,293,True,花蓮,40.0,3.54,Low Risk
村東國小,山腳路102號之1,彰化縣大村鄉,彰化縣大村鄉,120.5856,23.9934,50,True,員林,65.0,4.21,Low Risk
大村鄉公所,中正西路338號,彰化縣大村鄉,彰化縣大村鄉,120.5472,23.9935,90,True,員林,65.0,3.9,Low Risk
太昌活動中心,太昌路488號,花蓮縣吉安鄉,花蓮縣吉安鄉,121.5639,23.9936,80,True,花蓮,40.0,4.41,Low Risk
大村國小,中正西路381號,彰化縣大村鄉,彰化縣大村鄉,120.5454,23.9937,200,True,員林,65.0,4.0,Low Risk
集仙宮,史館路集仙巷17弄16號,南投縣草屯鎮,南投縣草屯鎮,120.6496,23.9938,30,True,員林,65.0,9.48,Low Risk
老人文康中心,彰化縣埔鹽鄉埔南村6鄰彰水路1段340巷32號,彰化縣埔鹽鄉,彰化縣埔鹽鄉,120.4783,23.9946,150,True,員林,65.0,9.37,Low Risk
大橋社區活動中心,中山路三段193巷69號,彰化縣大村鄉,彰化縣大村鄉,120.560413,23.994646,50,True,員林,65.0,3.69,Low Risk
明廉國小,中山路903號,花蓮縣花蓮市,花蓮縣花蓮市,121.5947,23.995,51,True,花蓮,40.0,2.68,Low Risk
紫雲宮,中正路83號,南投縣草屯鎮,南投縣草屯鎮,120.6679,23.9951,20,True,南投,64.0,9.3,Low Risk
新庄國小禮堂,新庄三路32號,南投縣草屯鎮,南投縣草屯鎮,120.7173,23.9957,200,True,南投,64.0,9.75,Low Risk
朝陽宮,史館路239號,南投縣草屯鎮,南投縣草屯鎮,120.7173,23.9958,30,True,南投,64.0,9.76,Low Risk
田洋社區活動中心,田洋巷11號,彰化縣大村鄉,彰化縣大村鄉,120.533553,23.996098,50,True,員林,65.0,4.88,Low Risk
"慈濟大學附設國民中學,小學",介仁街176號,花蓮縣花蓮市,花蓮縣花蓮市,121.5746,23.997,344,True,花蓮,40.0,3.83,Low Risk
美崙國中,化道路40巷1號,花蓮縣花蓮市,花蓮縣花蓮市,121.6277,23.9978,193,True,花蓮,40.0,4.09,Low Risk
自強國中,裕祥路89號,花蓮縣花蓮市,花蓮縣花蓮市,121.5991,23.9979,330,True,花蓮,40.0,2.96,Low Risk
碧洲里集會所,碧峰路669巷21號,南投縣草屯鎮,南投縣草屯鎮,120.6568,23.9984,30,True,南投,64.0,9.93,Low Risk
大村村社區活動中心,茄苳路一段203號,彰化縣大村鄉,彰化縣大村鄉,120.544791,23.99852,50,True,員林,65.0,4.51,Low Risk
花蓮高工,府前路27號,花蓮縣花蓮市,花蓮縣花蓮市,121.6199,23.9987,310,True,花蓮,40.0,3.67,Low Risk
慈濟大學人文社會學院,介仁街67號,花蓮縣花蓮市,花蓮縣花蓮市,121.5734,23.9997,316,True,花蓮,40.0,4.14,Low Risk
富寮社區活動中心,富頂路一段103號,南投縣草屯鎮,南投縣草屯鎮,120.6757,23.9999,30,True,南投,64.0,9.71,Low Risk
德安市民活動中心,安康路二段183巷13-4號,新北市新店區,南投縣埔里鎮,121.0,24.0,22,True,埔里,43.0,4.76,Low Risk
永樂福利園區,彰化縣埔鹽鄉永樂村永樂路435號,彰化縣埔鹽鄉,彰化縣埔鹽鄉,120.4345,24.0004,150,True,二林,74.0,8.74,Low Risk
私立四維高級中學,中山路1段200號,花蓮縣花蓮市,花蓮縣花蓮市,121.5916,24.0004,500,True,花蓮,40.0,3.34,Low Risk
永樂國小,彰化縣埔鹽鄉永樂村永樂路600號,彰化縣埔鹽鄉,彰化縣埔鹽鄉,120.4313,24.0005,150,True,二林,74.0,8.66,Low Risk
埔鹽鄉公所,彰化縣埔鹽鄉好修村中正路192號,彰化縣埔鹽鄉,彰化縣埔鹽鄉,120.4637,24.0005,100,True,二林,74.0,10.02,Low Risk
復興里集會所,復興路432-1號,南投縣草屯鎮,南投縣草屯鎮,120.6665,24.0007,100,True,南投,64.0,9.94,Low Risk
大葉大學,學府路168號,彰化縣大村鄉,彰化縣大村鄉,120.5963,24.0012,70,True,員林,65.0,5.54,Low Risk
北勢里集會所,玉屏路129-1號,南投縣草屯鎮,南投縣草屯鎮,120.6564,24.0012,100,True,南投,64.0,10.24,Low Risk
聯合里辦公處,炎峰街青年巷1號,南投縣草屯鎮,南投縣草屯鎮,120.6501,24.0013,60,True,員林,65.0,9.87,Low Risk
楓林活動中心,楓林路56號,南投縣仁愛鄉,南投縣仁愛鄉,121.067987,24.001311,50,True,埔里,43.0,10.79,Low Risk
行政院國軍退除役官兵輔導委員會花,府前路29號,花蓮縣花蓮市,花蓮縣花蓮市,121.6182,24.0017,10,True,花蓮,40.0,3.86,Low Risk
民孝社區活動中心,林園一街16號,花蓮縣花蓮市,花蓮縣花蓮市,121.631,24.0022,54,True,花蓮,40.0,4.68,Low Risk
衛生福利部東區老人之家養護院區,嘉南路2巷13號,花蓮縣新城鄉,花蓮縣新城鄉,121.6142,24.0035,180,True,花蓮,40.0,3.87,Low Risk
水源收容所,107號,花蓮縣秀林鄉,花蓮縣秀林鄉,121.554,24.0038,60,True,花蓮,40.0,5.89,Low Risk
大陳二村活動中心,民光483-1號,花蓮縣花蓮市,花蓮縣花蓮市,121.6168,24.0039,63,True,花蓮,40.0,4.02,Low Risk
花蓮縣立體育場,達固湖灣大路23號,花蓮縣花蓮市,花蓮縣花蓮市,121.582,24.004,527,True,花蓮,40.0,4.06,Low Risk
育民國小,民生街262號,彰化縣秀水鄉,彰化縣秀水鄉,120.505354,24.004341,50,True,員林,65.0,7.56,Low Risk
嘉新社區活動中心,6鄰嘉南一街43巷5號,花蓮縣新城鄉,花蓮縣新城鄉,121.6123,24.0055,71,True,花蓮,40.0,4.01,Low Risk
昭德堂,西安路二段397號,南投縣埔里鎮,南投縣埔里鎮,120.9571,24.0056,50,True,埔里,43.0,4.23,Low Risk
漢寶活動中心,成功一路45號,彰化縣芳苑鄉,彰化縣芳苑鄉,120.3688,24.0058,100,True,二林,74.0,9.88,Low Risk
下崙惠來社區活動中心,民生街206號天慈宮,彰化縣秀水鄉,彰化縣秀水鄉,120.502367,24.006258,30,True,彰化,65.0,7.74,Low Risk
史港里集會所,宣安路27號,南投縣埔里鎮,南投縣埔里鎮,120.9575,24.0067,70,True,埔里,43.0,4.34,Low Risk
史港國小,獅子路9號,南投縣埔里鎮,南投縣埔里鎮,120.9575,24.0067,130,True,埔里,43.0,4.34,Low Risk
陝西社區活動中心,埔南巷92號,彰化縣秀水鄉,彰化縣秀水鄉,120.517821,24.006705,30,True,員林,65.0,6.81,Low Risk
陝西社區活動中心,埔南巷92號,彰化縣秀水鄉,彰化縣秀水鄉,120.517821,24.006705,30,True,員林,65.0,6.81,Low Risk
帝君廟活動中心,永興路29號,南投縣埔里鎮,南投縣埔里鎮,120.9321,24.0068,30,True,埔里,43.0,5.57,Low Risk
南豐村眉溪天主堂,中正路14號,南投縣仁愛鄉,南投縣仁愛鄉,121.095971,24.00694,100,True,埔里,43.0,13.68,Low Risk
好修國小,彰化縣埔鹽鄉好修村員鹿路二段149號,彰化縣埔鹽鄉,彰化縣埔鹽鄉,120.4596,24.0072,200,True,二林,74.0,10.44,Low Risk
利河伯社福基金會附設私立基督仁愛之家,福興路146巷48號,南投縣埔里鎮,南投縣埔里鎮,120.9756,24.0074,30,True,埔里,43.0,4.36,Low Risk
福興里集會所,福興路54-4號,南投縣埔里鎮,南投縣埔里鎮,120.9756,24.0074,50,True,埔里,43.0,4.36,Low Risk
花蓮港天宮,中山路1段500巷15號,花蓮縣花蓮市,花蓮縣花蓮市,121.5872,24.0076,300,True,花蓮,40.0,4.23,Low Risk
茄苳社區活動中心,茄苳路二段141巷31號,彰化縣大村鄉,彰化縣大村鄉,120.538835,24.00841,50,True,員林,65.0,5.76,Low Risk
三和社區活動中心,南興街78號,彰化縣福興鄉,彰化縣福興鄉,120.406752,24.00954,100,True,二林,74.0,9.39,Low Risk
柑林社區活動中心,中正路3段235之1號,南投縣國姓鄉,南投縣國姓鄉,120.8488,24.0097,50,True,埔里,43.0,12.92,Low Risk
福龜社區北玄宮,富久巷21之3號,南投縣國姓鄉,南投縣國姓鄉,120.8169,24.0098,30,True,埔里,43.0,16.0,Low Risk
長春社區活動中心,彰員路1段172巷45號,彰化縣花壇鄉,彰化縣花壇鄉,120.575939,24.010247,30,True,員林,65.0,5.56,Low Risk
國福社區活動中心,沙基拉雅街111號,花蓮縣花蓮市,花蓮縣花蓮市,121.5819,24.0104,35,True,花蓮,40.0,4.71,Low Risk
福龜國小1甲-6甲與2間專科教室,長壽巷83號,南投縣國姓鄉,南投縣國姓鄉,120.823,24.0114,50,True,埔里,43.0,15.46,Low Risk
陜西國小,番花路261號,彰化縣秀水鄉,彰化縣秀水鄉,120.517437,24.011726,150,True,彰化,65.0,6.51,Low Risk
芬園國小,彰南路4段27巷28號,彰化縣芬園鄉,彰化縣芬園鄉,120.628002,24.012375,300,True,員林,65.0,8.67,Low Risk
芬園鄉公所,芬草路二段300號,彰化縣芬園鄉,彰化縣芬園鄉,120.628926,24.013628,100,True,員林,65.0,8.84,Low Risk
茄荖國小,嘉北街96號,彰化縣芬園鄉,彰化縣芬園鄉,120.643044,24.014864,300,True,員林,65.0,10.04,Low Risk
玉陵宮廣場,番花路450巷46號,彰化縣秀水鄉,彰化縣秀水鄉,120.505552,24.0149,50,True,彰化,65.0,6.75,Low Risk
華南國小活動中心,中橋街226號,彰化縣花壇鄉,彰化縣花壇鄉,120.551257,24.016243,40,True,彰化,65.0,5.62,Low Risk
花壇鄉公所,彰化縣花壇鄉南口村中山路二段182號,彰化縣花壇鄉,彰化縣花壇鄉,120.5664,24.0163,40,True,彰化,65.0,6.08,Low Risk
三春國小,三芬路47號,彰化縣花壇鄉,彰化縣花壇鄉,120.566415,24.016307,100,True,彰化,65.0,6.08,Low Risk
楓灣宮廣場,楓?巷128號,彰化縣花壇鄉,彰化縣花壇鄉,120.562948,24.016991,80,True,彰化,65.0,5.87,Low Risk
"育樂國小1甲-6甲與2間專科教室,圖書室,禮堂",中正路2段85號,南投縣國姓鄉,南投縣國姓鄉,120.8459,24.0173,50,True,埔里,43.0,13.51,Low Risk
三汴社區活動中心,彰水路346巷47號,彰化縣福興鄉,彰化縣福興鄉,120.485889,24.018321,100,True,彰化,65.0,7.75,Low Risk
金興上興宮社區活動中心,新興街125號,彰化縣秀水鄉,彰化縣秀水鄉,120.517401,24.018535,30,True,彰化,65.0,5.82,Low Risk
李家宗祠,隴西二巷62號,彰化縣花壇鄉,彰化縣花壇鄉,120.564167,24.019029,60,True,彰化,65.0,5.71,Low Risk
仁愛國小,山農巷5號,南投縣仁愛鄉,南投縣仁愛鄉,121.133046,24.02061,300,True,埔里,43.0,17.74,Low Risk
曾厝社區活動中心,大厝巷臨66號,彰化縣秀水鄉,彰化縣秀水鄉,120.509332,24.020649,30,True,彰化,65.0,6.01,Low Risk
佳林社區活動中心,民有2街29號,花蓮縣新城鄉,花蓮縣新城鄉,121.6023,24.0211,36,True,花蓮,40.0,5.54,Low Risk
穀豐宮,長壽巷34-1號,南投縣國姓鄉,南投縣國姓鄉,120.8269,24.0222,50,True,埔里,43.0,15.5,Low Risk
花壇村活動中心,彰化縣花壇鄉花壇村平和街76號,彰化縣花壇鄉,彰化縣花壇鄉,120.5281,24.0228,40,True,彰化,65.0,4.99,Low Risk
橋頭社區活動中心,花橋街117-1號,彰化縣花壇鄉,彰化縣花壇鄉,120.549491,24.023454,60,True,彰化,65.0,4.8,Low Risk
長沙社區活動中心,彰員路2段286-1號,彰化縣花壇鄉,彰化縣花壇鄉,120.554321,24.024199,30,True,彰化,65.0,4.83,Low Risk
國軍805醫院,嘉里路163號,花蓮縣新城鄉,花蓮縣新城鄉,121.6074,24.0244,100,True,花蓮,40.0,5.95,Low Risk
受鎮宮,西安路三段88號,南投縣埔里鎮,南投縣埔里鎮,120.9498,24.025,100,True,埔里,43.0,6.51,Low Risk
廣成里社區活動中心,西安路3段88號,南投縣埔里鎮,南投縣埔里鎮,120.9498,24.025,100,True,埔里,43.0,6.51,Low Risk
永豐國小,80號,彰化縣福興鄉,彰化縣福興鄉,120.452946,24.025656,100,True,彰化,65.0,10.05,Low Risk
仁愛國中,信義巷28號,南投縣仁愛鄉,南投縣仁愛鄉,121.137109,24.02587,100,True,埔里,43.0,18.32,Low Risk
花壇國小,學前路108號,彰化縣花壇鄉,彰化縣花壇鄉,120.543046,24.02619,300,True,彰化,65.0,4.43,Low Risk
明正國小,彰水路二段341號,彰化縣秀水鄉,彰化縣秀水鄉,120.493159,24.026497,200,True,彰化,65.0,6.59,Low Risk
富山國小,大埔路6號,彰化縣芬園鄉,彰化縣芬園鄉,120.619987,24.027045,100,True,彰化,65.0,9.07,Low Risk
七星潭社區活動中心,明潭街27號,花蓮縣新城鄉,花蓮縣新城鄉,121.6298,24.0271,27,True,花蓮,40.0,6.91,Low Risk
基督教芥菜種會,北埔路13號,花蓮縣新城鄉,花蓮縣新城鄉,121.6062,24.0275,41,True,花蓮,40.0,6.28,Low Risk
南勢里活動中心,光明路280-2號,臺中市霧峰區,臺中市霧峰區,120.673656,24.027631,50,True,大里,56.0,8.02,Low Risk
乾峰國小1甲-6甲與4間專科教室,西東巷1之1號,南投縣國姓鄉,南投縣國姓鄉,120.8246,24.0279,20,True,埔里,43.0,15.97,Low Risk
秀水港墘社區活動中心,開南巷82號,彰化縣秀水鄉,彰化縣秀水鄉,120.522912,24.027939,61,True,彰化,65.0,4.63,Low Risk
秀水社區活動中心,花秀路46號對面,彰化縣秀水鄉,彰化縣秀水鄉,120.522912,24.027939,61,True,彰化,65.0,4.63,Low Risk
管嶼國小,沿海路3段100號,彰化縣福興鄉,彰化縣福興鄉,120.410328,24.027997,100,True,二林,74.0,11.43,Low Risk
萬豐國小北棟教室,中正路224號,臺中市霧峰區,臺中市霧峰區,120.698322,24.02802,1830,True,大里,56.0,8.21,Low Risk
春陽國小,5鄰永樂巷58號,南投縣仁愛鄉,南投縣仁愛鄉,121.148717,24.02827,100,True,埔里,43.0,19.52,Low Risk
東區幼兒園,彰化縣福興鄉橋頭村彰鹿路7段495號,彰化縣福興鄉,彰化縣福興鄉,120.474,24.0288,100,True,彰化,65.0,8.01,Low Risk
乾溝義民祠,中西巷36號,南投縣國姓鄉,南投縣國姓鄉,120.8141,24.0293,20,True,大里,56.0,15.84,Low Risk
乾溝社區活動中心,西東巷1之1號,南投縣國姓鄉,南投縣國姓鄉,120.824,24.0294,50,True,埔里,43.0,16.09,Low Risk
福安社區活動中心清龍巖,民意街64號,彰化縣秀水鄉,彰化縣秀水鄉,120.494877,24.029756,30,True,彰化,65.0,6.22,Low Risk
花壇鄉舊營區,橋頭段6地號彰員路2段586號附近,彰化縣花壇鄉,彰化縣花壇鄉,120.549226,24.030566,300,True,彰化,65.0,4.02,Low Risk
莊雅社區活動中心,秀中街82巷67弄3號,彰化縣秀水鄉,彰化縣秀水鄉,120.507116,24.031813,99,True,彰化,65.0,5.16,Low Risk
莊雅社區活動中心,秀中街82巷67弄臨15號,彰化縣秀水鄉,彰化縣秀水鄉,120.507116,24.031813,99,True,彰化,65.0,5.16,Low Risk
文祥國小,花秀路446號,彰化縣花壇鄉,彰化縣花壇鄉,120.523698,24.034076,100,True,彰化,65.0,3.98,Low Risk
北埔社區活動中心,北埔路259號,花蓮縣新城鄉,花蓮縣新城鄉,121.6032,24.0341,35,True,花蓮,40.0,6.99,Low Risk
秀水高工,中山路364號,彰化縣秀水鄉,彰化縣秀水鄉,120.496818,24.03447,100,True,彰化,65.0,5.74,Low Risk
太平社區活動中心,西安路167巷3弄7號,南投縣埔里鎮,南投縣埔里鎮,120.924,24.0345,50,True,埔里,43.0,8.56,Low Risk
秀水鄉農會,中山路328號,彰化縣秀水鄉,彰化縣秀水鄉,120.501234,24.034949,200,True,彰化,65.0,5.35,Low Risk
秀水國小,中山路257號,彰化縣秀水鄉,彰化縣秀水鄉,120.503149,24.03508,200,True,彰化,65.0,5.2,Low Risk
精英村辦公處,中華巷18-1號,南投縣仁愛鄉,南投縣仁愛鄉,121.185665,24.035156,80,True,埔里,43.0,23.32,Low Risk
合成社區活動中心,西安路三段221號,南投縣埔里鎮,南投縣埔里鎮,120.9247,24.0363,40,True,埔里,43.0,8.69,Low Risk
大漢社區活動中心,19鄰民有街101號,花蓮縣新城鄉,花蓮縣新城鄉,121.61,24.0368,70,True,花蓮,40.0,7.36,Low Risk
國姓社區活動中心,民族路40號,南投縣國姓鄉,南投縣國姓鄉,120.855,24.0376,50,True,埔里,43.0,13.78,Low Risk
復興南營區,民有街2號,花蓮縣新城鄉,花蓮縣新城鄉,121.6119,24.038,120,True,花蓮,40.0,7.52,Low Risk
華龍國小,花秀路51號,彰化縣秀水鄉,彰化縣秀水鄉,120.51409,24.038279,150,True,彰化,65.0,4.15,Low Risk
秀水鄉老人文康中心,中山路99號,彰化縣秀水鄉,彰化縣秀水鄉,120.507324,24.038285,50,True,彰化,65.0,4.64,Low Risk
僑愛國小,中山路2段471號,彰化縣花壇鄉,彰化縣花壇鄉,120.535034,24.038331,40,True,彰化,65.0,3.15,Low Risk
安東社區活動中心,枋林巷60號,彰化縣秀水鄉,彰化縣秀水鄉,120.501248,24.039226,61,True,彰化,65.0,5.06,Low Risk
國姓國小活動中心,國姓路311號,南投縣國姓鄉,南投縣國姓鄉,120.8567,24.0396,50,True,埔里,43.0,13.77,Low Risk
新城鄉立圖書館,光復路572號,花蓮縣新城鄉,花蓮縣新城鄉,121.6042,24.0399,58,True,花蓮,40.0,7.64,Low Risk
新城鄉原住民文化館,大安街1號,花蓮縣新城鄉,花蓮縣新城鄉,121.6048,24.0405,90,True,花蓮,40.0,7.71,Low Risk
樹林腳社區活動中心,樹林街57巷9號,花蓮縣新城鄉,花蓮縣新城鄉,121.597687,24.040698,39,True,花蓮,40.0,7.72,Low Risk
北勢里活動中心,丁台路571巷7號,臺中市霧峰區,臺中市霧峰區,120.669669,24.040961,50,True,大里,56.0,6.58,Low Risk
福興國中,彰化縣福興鄉福興村福興路51巷12號,彰化縣福興鄉,彰化縣福興鄉,120.4367,24.041,200,True,線西,64.0,10.6,Low Risk
溪尾國小教學大樓2樓綜合教室,溪岸路26號,臺中市烏日區,臺中市烏日區,120.6397,24.0411,80,True,大里,56.0,7.6,Low Risk
花壇鄉立圖書館,彰化縣花壇鄉長沙村中正路72號,彰化縣花壇鄉,彰化縣花壇鄉,120.5322,24.0415,30,True,彰化,65.0,2.88,Low Risk
國姓國中禮堂,東三巷36之1號,南投縣國姓鄉,南投縣國姓鄉,120.8585,24.0423,200,True,埔里,43.0,13.79,Low Risk
護國宮,國姓路207-5號,南投縣國姓鄉,南投縣國姓鄉,120.8616,24.0425,50,True,埔里,43.0,13.55,Low Risk
文德宮香客大樓,彰員路3段6號,彰化縣花壇鄉,彰化縣花壇鄉,120.547443,24.042943,100,True,彰化,65.0,2.63,Low Risk
復興國小-課後照顧教室,信義路50號,臺中市霧峰區,臺中市霧峰區,120.69726,24.043054,895,True,大里,56.0,6.57,Low Risk
光復國中小國中部地下室,柳豐路535號,臺中市霧峰區,臺中市霧峰區,120.689245,24.044171,1095,True,大里,56.0,6.26,Low Risk
岩竹社區活動中心,虎山街137號,彰化縣花壇鄉,彰化縣花壇鄉,120.554382,24.044817,25,True,彰化,65.0,2.69,Low Risk
安溪社區活動中心,安溪街98號,彰化縣秀水鄉,彰化縣秀水鄉,120.510015,24.04494,103,True,彰化,65.0,3.96,Low Risk
西區幼兒園,彰化縣福興鄉西勢村員鹿路2段270號,彰化縣福興鄉,彰化縣福興鄉,120.4272,24.0451,100,True,線西,64.0,10.52,Low Risk
花壇鄉立老人文康中心,彰化縣花壇鄉永春村長青路25號,彰化縣花壇鄉,彰化縣花壇鄉,120.5352,24.0457,40,True,彰化,65.0,2.35,Low Risk
白沙社區活動中心,溪北街187號,彰化縣花壇鄉,彰化縣花壇鄉,120.545254,24.046307,50,True,彰化,65.0,2.22,Low Risk
福興鄉公所,彰化縣福興鄉外埔村復興路15之15號,彰化縣福興鄉,彰化縣福興鄉,120.4439,24.0479,200,True,線西,64.0,9.66,Low Risk
街尾里活動中心,力行街45號,彰化縣鹿港鎮,彰化縣鹿港鎮,120.435661,24.048477,100,True,線西,64.0,9.85,Low Risk
龍山寺,金門巷81號,彰化縣鹿港鎮,彰化縣鹿港鎮,120.43454,24.049074,303,False,線西,64.0,9.83,Warning
秀水鄉立體育館,瓦瑤街17號,彰化縣秀水鄉,彰化縣秀水鄉,120.505332,24.050373,100,True,彰化,65.0,4.06,Low Risk
菜園社區活動中心,三民路232號,彰化縣鹿港鎮,彰化縣鹿港鎮,120.432859,24.05102,60,True,線西,64.0,9.69,Low Risk
莊德堂,興化街1號,彰化縣鹿港鎮,彰化縣鹿港鎮,120.435768,24.051194,60,True,線西,64.0,9.57,Low Risk
鹿港鎮立停車場,公園一路2號,彰化縣鹿港鎮,彰化縣鹿港鎮,120.432607,24.053493,333,False,線西,64.0,9.45,Warning
康樂社區活動中心,廣安1街112號,花蓮縣新城鄉,花蓮縣新城鄉,121.609904,24.053809,30,True,花蓮,40.0,9.23,Low Risk
佳民國小收容所,119號,花蓮縣秀林鄉,花蓮縣秀林鄉,121.5994,24.0539,60,True,花蓮,40.0,9.18,Low Risk
玉皇大帝神明會館,中山路183號,彰化縣鹿港鎮,彰化縣鹿港鎮,120.434782,24.054169,75,True,線西,64.0,9.29,Low Risk
洛津國小,公園三路51號,彰化縣鹿港鎮,彰化縣鹿港鎮,120.430906,24.054635,151,True,線西,64.0,9.4,Low Risk
東崎社區活動中心,東崎七巷1號,彰化縣鹿港鎮,彰化縣鹿港鎮,120.474947,24.056173,60,True,彰化,65.0,6.85,Low Risk
文開國小,文開路60號,彰化縣鹿港鎮,彰化縣鹿港鎮,120.430026,24.056602,151,True,線西,64.0,9.24,Low Risk
景福社區發展協會,萬壽路244號,彰化縣鹿港鎮,彰化縣鹿港鎮,120.436563,24.057183,181,True,線西,64.0,8.92,Low Risk
高賓土雞城,東隆路236號,彰化縣鹿港鎮,彰化縣鹿港鎮,120.438339,24.057261,100,True,線西,64.0,8.84,Low Risk
北港村集會所,國姓路31-12號,南投縣國姓鄉,南投縣國姓鄉,120.913738,24.057935,50,True,埔里,43.0,11.33,Low Risk
文康安養活動中心,彰化縣鹿港鎮順興里忠孝路403號4樓,彰化縣鹿港鎮,彰化縣鹿港鎮,120.4339,24.0582,200,True,線西,64.0,8.92,Low Risk
鹿東國小,長安路125號,彰化縣鹿港鎮,彰化縣鹿港鎮,120.443296,24.058411,181,True,線西,64.0,8.56,Low Risk
鶴鳴社區活動中心,明山街臨182號,彰化縣秀水鄉,彰化縣秀水鄉,120.502822,24.058427,30,True,彰化,65.0,4.02,Low Risk
鶴鳴社區活動中心,明山街41號,彰化縣秀水鄉,彰化縣秀水鄉,120.502822,24.058427,30,True,彰化,65.0,4.02,Low Risk
楞嚴宮,大長路592-1號,南投縣國姓鄉,南投縣國姓鄉,120.8777,24.0591,30,True,埔里,43.0,13.59,Low Risk
合作國小學生活動中心,平生路23號,南投縣仁愛鄉,南投縣仁愛鄉,121.1922,24.0595,300,True,埔里,43.0,24.91,Low Risk
四德里活動中心,四德路533號2樓,臺中市霧峰區,臺中市霧峰區,120.667048,24.060807,50,True,大里,56.0,4.47,Low Risk
四德國小禮堂,四德路504號,臺中市霧峰區,臺中市霧峰區,120.667937,24.060827,1425,True,大里,56.0,4.44,Low Risk
鹿港高中,中山路661號,彰化縣鹿港鎮,彰化縣鹿港鎮,120.423682,24.06098,212,True,線西,64.0,9.11,Low Risk
霧峰區圖書館3樓,大同路8號,臺中市霧峰區,臺中市霧峰區,120.700564,24.061924,500,True,大里,56.0,4.75,Low Risk
馬興國小,培英巷1號,彰化縣秀水鄉,彰化縣秀水鄉,120.496892,24.061957,150,True,彰化,65.0,4.55,Low Risk
喀哩國小北棟1樓自然教室,溪南路2段370號,臺中市烏日區,臺中市烏日區,120.642879,24.06228,200,True,大里,56.0,5.5,Low Risk
碧雲宮,北圳巷26-1號,南投縣國姓鄉,南投縣國姓鄉,120.9248,24.0626,50,True,埔里,43.0,11.31,Low Risk
馬興社區活動中心,西銘巷6-1號,彰化縣秀水鄉,彰化縣秀水鄉,120.495508,24.062724,69,True,彰化,65.0,4.69,Low Risk
馬興社區活動中心,西銘巷6-1號,彰化縣秀水鄉,彰化縣秀水鄉,120.495508,24.062724,69,True,彰化,65.0,4.69,Low Risk
鹿港文創會館,中正路588號,彰化縣鹿港鎮,彰化縣鹿港鎮,120.435873,24.06311,242,True,線西,64.0,8.33,Low Risk
淨蓮禪寺,長北路53-2號,南投縣國姓鄉,南投縣國姓鄉,120.8979,24.0637,100,True,埔里,43.0,12.72,Low Risk
溝墘社區發展協會,棋盤巷32之2號,彰化縣鹿港鎮,彰化縣鹿港鎮,120.475495,24.064293,30,True,彰化,65.0,6.71,Low Risk
桐林國小青銅林廣場,民生路672號,臺中市霧峰區,臺中市霧峰區,120.735954,24.066166,385,True,大里,56.0,6.92,Low Risk
互助村中原活動中心,原名路169號,南投縣仁愛鄉,南投縣仁愛鄉,120.972709,24.066472,200,True,埔里,43.0,10.87,Low Risk
德林念佛寺,北原路48之1號,南投縣國姓鄉,南投縣國姓鄉,120.9364,24.0666,150,True,埔里,43.0,11.33,Low Risk
義興社區活動中心,義興街13號,彰化縣秀水鄉,彰化縣秀水鄉,120.491039,24.066695,73,True,彰化,65.0,5.13,Low Risk
義興社區活動中心,義興街70號,彰化縣秀水鄉,彰化縣秀水鄉,120.491039,24.066695,73,True,彰化,65.0,5.13,Low Risk
長流國小1甲-6甲及2間專科教室,大長路559號,南投縣國姓鄉,南投縣國姓鄉,120.8763,24.0667,50,True,埔里,43.0,14.32,Low Risk
本鄉里活動中心,民生路95號,臺中市霧峰區,臺中市霧峰區,120.7008,24.067116,25,True,大里,56.0,4.27,Low Risk
南瑤宮,南瑤路43號,彰化縣彰化市,彰化縣彰化市,120.538264,24.06767,100,True,彰化,65.0,0.38,Low Risk
甲寅里活動中心,民生路125巷8號2樓,臺中市霧峰區,臺中市霧峰區,120.701315,24.068272,50,True,大里,56.0,4.19,Low Risk
僑榮國小樂群樓地下室,民生路156號,臺中市霧峰區,臺中市霧峰區,120.703193,24.069926,750,True,大里,56.0,4.15,Low Risk
曾家社區活動中心,曾家路72號,彰化縣伸港鄉,彰化縣彰化市,120.545169,24.070115,60,True,彰化,65.0,0.59,Low Risk
長流社區活動中心,大長路427號,南投縣國姓鄉,南投縣國姓鄉,120.8762,24.0708,100,True,埔里,43.0,14.67,Low Risk
海埔里民集會所,鹿草路2段197號,彰化縣鹿港鎮,彰化縣鹿港鎮,120.43939,24.071142,90,True,線西,64.0,7.37,Low Risk
溪南國中北棟教室2樓,烏日區溪埧里溪南路一段731號,臺中市烏日區,臺中市烏日區,120.6442,24.0715,150,True,大里,56.0,4.67,Low Risk
新興國小,某旦巷85號,彰化縣鹿港鎮,彰化縣鹿港鎮,120.456784,24.072394,121,True,線西,64.0,6.71,Low Risk
霧峰農工向陽樓,中正路1222號,臺中市霧峰區,臺中市霧峰區,120.699599,24.073209,1070,True,大里,56.0,3.64,Low Risk
五福國小康寧樓,新埔路239號,臺中市霧峰區,臺中市霧峰區,120.667351,24.07347,1655,True,大里,56.0,3.12,Low Risk
奉天宮,大長路307-1號,南投縣國姓鄉,南投縣國姓鄉,120.8776,24.0739,30,True,埔里,43.0,14.85,Low Risk
松崗活動中心,博望巷42號,南投縣仁愛鄉,南投縣仁愛鄉,121.170939,24.074957,100,True,埔里,43.0,23.76,Low Risk
東湖活動中心廣場,東南路207巷36號,臺中市大里區,臺中市大里區,120.693182,24.076807,20,True,大里,56.0,2.94,Low Risk
長豐社區活動中心,東三巷36之1號,南投縣國姓鄉,南投縣國姓鄉,120.8711,24.0774,30,True,埔里,43.0,15.57,Low Risk
草湖國民小學禮堂/操場,西湖路32號,臺中市大里區,臺中市大里區,120.689997,24.078248,1100,True,大里,56.0,2.65,Low Risk
吉峰國小三期校舍地下室,民生路349號,臺中市霧峰區,臺中市霧峰區,120.7191,24.079603,856,True,大里,56.0,4.69,Low Risk
德鹿谷長老教會,和氣巷49號,南投縣仁愛鄉,南投縣仁愛鄉,121.26806,24.080452,80,True,埔里,43.0,32.91,Low Risk
介壽生活藝文館,民生路259號,彰化縣彰化市,彰化縣彰化市,120.544605,24.080673,115,True,彰化,65.0,1.66,Low Risk
景美活動中心,加灣106號,花蓮縣秀林鄉,花蓮縣秀林鄉,121.6067,24.0825,100,True,花蓮,40.0,12.38,Low Risk
合作活動中心,平生路56號,南投縣仁愛鄉,南投縣仁愛鄉,121.215808,24.083307,60,True,埔里,43.0,28.21,Low Risk
東園國小體育館,溪南路一段238巷198號,臺中市烏日區,臺中市烏日區,120.639937,24.083915,150,True,大里,56.0,4.28,Low Risk
美群國民小學地下室/風雨操場,美群路99號,臺中市大里區,臺中市大里區,120.708825,24.084163,2000,True,大里,56.0,3.53,Low Risk
塗城活動中心,塗城路1-26號,臺中市大里區,臺中市大里區,120.723743,24.084237,115,True,大里,56.0,4.91,Low Risk
德興民眾活動中心,線東路二段447號,彰化縣線西鄉,彰化縣和美鎮,120.519016,24.084258,50,True,彰化,65.0,3.06,Low Risk
源埤社區活動中心,南安路105號,彰化縣和美鎮,彰化縣和美鎮,120.5107,24.0853,150,True,彰化,65.0,3.79,Low Risk
夏田活動中心廣場,頂厝路125號,臺中市大里區,臺中市大里區,120.668552,24.085406,40,True,大里,56.0,1.87,Low Risk
瑞城國民小學活動中心/操場,美村街196 號,臺中市大里區,臺中市大里區,120.702842,24.08609,1300,True,大里,56.0,2.9,Low Risk
瑞城活動中心,瑞和街36號,臺中市大里區,臺中市大里區,120.703756,24.086128,100,True,大里,56.0,2.97,Low Risk
老人文康中心,三民路436號,彰化縣彰化市,彰化縣彰化市,120.549124,24.086545,74,True,彰化,65.0,2.41,Low Risk
頂番社區活動中心,彰化縣鹿港鎮頂番里彰頂路326巷138號,彰化縣鹿港鎮,彰化縣鹿港鎮,120.4848,24.0867,100,True,線西,64.0,5.25,Low Risk
大榮國小,嘉佃路296號,彰化縣和美鎮,彰化縣和美鎮,120.501,24.087,200,True,彰化,65.0,4.73,Low Risk
鎮平社區活動中心,南平路11號,彰化縣和美鎮,彰化縣和美鎮,120.509,24.088,60,True,彰化,65.0,4.11,Low Risk
頂番國小,頂草路一段100號,彰化縣鹿港鎮,彰化縣鹿港鎮,120.479839,24.088748,181,True,線西,64.0,4.9,Low Risk
竹仔坑社區活動中心,校前路27號,臺中市大里區,臺中市大里區,120.72904,24.089117,45,True,大里,56.0,5.27,Low Risk
健民國民小學演奏廳/操場,校前路26號,臺中市大里區,臺中市大里區,120.727899,24.089412,1000,True,大里,56.0,5.15,Low Risk
嘉犁社區活動中心,東坡路8巷2號,彰化縣和美鎮,彰化縣和美鎮,120.516,24.09,100,True,彰化,65.0,3.72,Low Risk
金城活動中心,塗城路923巷19號,臺中市大里區,臺中市大里區,120.695431,24.090127,100,True,大里,56.0,2.02,Low Risk
竹坑營區,健民路86號,臺中市大里區,臺中市大里區,120.730206,24.09039,60,True,大里,56.0,5.35,Low Risk
詔安社區活動中心,彰和路二段176巷1號,彰化縣和美鎮,彰化縣和美鎮,120.528,24.091,150,True,彰化,65.0,3.1,Low Risk
新厝社區活動中心,新厝巷臨51之1號,彰化縣鹿港鎮,彰化縣鹿港鎮,120.447463,24.091044,60,True,線西,64.0,5.02,Low Risk
頭崙里集會所,頂草路2段150號,彰化縣鹿港鎮,彰化縣鹿港鎮,120.476961,24.091441,150,True,線西,64.0,4.54,Low Risk
"長福國小1甲-6甲,音樂室,圖書室",大長路71號,南投縣國姓鄉,南投縣國姓鄉,120.888,24.0927,50,True,埔里,43.0,15.99,Low Risk
仁德活動中心,文化街119號,臺中市大里區,臺中市大里區,120.699929,24.092829,100,True,大里,56.0,2.31,Low Risk
塗城國民小學南棟教學大樓地下室/運動場,文化街120號,臺中市大里區,臺中市大里區,120.700282,24.093045,500,True,大里,56.0,2.33,Low Risk
成功國民中學操場,至善路157號,臺中市大里區,臺中市大里區,120.699273,24.094049,1200,True,大里,56.0,2.2,Low Risk
五光國小西棟1樓舞蹈教室,光明路40號,臺中市烏日區,臺中市烏日區,120.647007,24.094481,50,True,大里,56.0,3.24,Low Risk
大里高中中正堂/操場,國中路365號,臺中市大里區,臺中市大里區,120.678963,24.095124,1500,True,大里,56.0,0.5,Low Risk
光正國民中學風雨操場/操場,鳳凰路68號,臺中市大里區,臺中市大里區,120.718063,24.096178,2500,True,大里,56.0,4.04,Low Risk
大嘉國小,彰和路3段50號,彰化縣和美鎮,彰化縣和美鎮,120.511,24.0966,200,True,彰化,65.0,4.6,Low Risk
新庄社區活動中心,彰化縣和美鎮新庄里東發路100巷36-1號,彰化縣和美鎮,彰化縣和美鎮,120.5336,24.0971,100,True,彰化,65.0,3.55,Low Risk
福興宮,福興街1號,臺中市大里區,臺中市大里區,120.677457,24.098079,100,True,大里,56.0,0.2,Low Risk
面前社區活動中心,雅安路265號,彰化縣和美鎮,彰化縣和美鎮,120.488,24.099,100,True,線西,64.0,4.11,Low Risk
農特產品產銷中心,山林巷175之18號,南投縣仁愛鄉,南投縣仁愛鄉,121.030694,24.099167,200,True,埔里,43.0,15.83,Low Risk
大新活動中心,新興路99巷16弄56號,臺中市大里區,臺中市大里區,120.675852,24.099619,200,True,大里,56.0,0.26,Low Risk
大里運動公園,勝利二街與大里路與國光路交叉口,臺中市大里區,臺中市大里區,120.685353,24.100053,2000,False,大里,56.0,0.7,Warning
大里國民小學運動場,新興路50號,臺中市大里區,臺中市大里區,120.677018,24.100547,620,True,大里,56.0,0.18,Low Risk
國光里活動中心,勝利二路1號,臺中市大里區,臺中市大里區,120.683161,24.10083,45,True,大里,56.0,0.5,Low Risk
立德里活動中心,甲提南路10號,臺中市大里區,臺中市大里區,120.694601,24.100964,75,True,大里,56.0,1.65,Low Risk
內新國民小學北棟地下室/操場,東昇里日新路8號,臺中市大里區,臺中市大里區,120.69486,24.100964,350,True,大里,56.0,1.67,Low Risk
自治公園,五光路971號,臺中市烏日區,臺中市烏日區,120.628046,24.101386,4000,False,大里,56.0,5.12,Warning
大霞社區活動中心,彰和路3段422號,彰化縣和美鎮,彰化縣和美鎮,120.5037,24.1017,250,True,線西,64.0,4.84,Low Risk
行政院原住民族委員會青年?藝研習中心,東關路3段3之8號,臺中市和平區,彰化縣彰化市,120.548274,24.102225,1200,True,彰化,65.0,4.09,Low Risk
大元國民小學新元館/操場,現岱路60號,臺中市大里區,臺中市大里區,120.691079,24.102746,1120,True,大里,56.0,1.33,Low Risk
東汴里活動中心,長龍路3段135號,臺中市太平區,臺中市太平區,120.7716,24.1035,189,True,大里,56.0,9.47,Low Risk
和仁國小,仁愛路279號,彰化縣和美鎮,彰化縣和美鎮,120.494,24.104,150,True,線西,64.0,3.98,Low Risk
新庄國小,彰新路2段500號,彰化縣和美鎮,彰化縣和美鎮,120.533,24.104,200,True,彰化,65.0,4.31,Low Risk
草中社區活動中心,彰化縣鹿港鎮草中里草中巷2-16號,彰化縣鹿港鎮,彰化縣鹿港鎮,120.4626,24.1041,100,True,線西,64.0,3.14,Low Risk
立新國民中學勤學樓地下室/風雨操場,甲堤路236號,臺中市大里區,臺中市大里區,120.696923,24.104365,200,True,大里,56.0,1.95,Low Risk
光隆國小〈圖書室2樓〉,太平區光隆里光興路487巷5號,臺中市太平區,臺中市太平區,120.7277,24.1046,1773,True,大里,56.0,5.03,Low Risk
烏日國民中學第1棟2樓,新興路457號,臺中市烏日區,臺中市烏日區,120.617307,24.104763,200,True,忠明,48.0,5.78,Low Risk
光德國中B、C棟教室2樓,烏日區仁德里信義街99號,臺中市烏日區,臺中市烏日區,120.6408,24.1051,320,True,大里,56.0,3.87,Low Risk
立新國民小學D棟大樓地下室/風雨操場,立新街338號,臺中市大里區,臺中市大里區,120.699567,24.10543,250,True,大里,56.0,2.24,Low Risk
北三棧社區活動中心,順安52-2號,花蓮縣新城鄉,花蓮縣新城鄉,121.621,24.1057,35,True,花蓮,40.0,15.1,Low Risk
三和里公兒九公園,三榮路一段與三榮三路口,臺中市烏日區,臺中市烏日區,120.608039,24.106312,1000,False,忠明,48.0,6.08,Low Risk
草中社區發展協會,草中巷2-16號,彰化縣鹿港鎮,彰化縣鹿港鎮,120.463263,24.106537,60,True,線西,64.0,2.86,Low Risk
益民國民小學後棟地下室/運動場,益民路二段48號,臺中市大里區,臺中市大里區,120.6873,24.107,525,True,大里,56.0,1.22,Low Risk
烏日社區活動中心,烏日區烏日里光日路228號,臺中市烏日區,臺中市烏日區,120.6257,24.1075,80,True,忠明,48.0,5.18,Low Risk
爽文國民中學活動中心/操場,永隆三街1號,臺中市大里區,臺中市大里區,120.677165,24.107882,1470,True,大里,56.0,0.93,Low Risk
糖友社區活動中心,糖友一街80-82號2樓,彰化縣和美鎮,彰化縣和美鎮,120.5342,24.108,200,True,彰化,65.0,4.73,Low Risk
新仁活動中心,立新街71號,臺中市大里區,臺中市大里區,120.705297,24.108,50,True,大里,56.0,2.88,Low Risk
僑仁國小體育館,中山路一段341號,臺中市烏日區,臺中市烏日區,120.640795,24.108288,300,True,大里,56.0,3.94,Low Risk
樹王活動中心,樹王路335號,臺中市大里區,臺中市大里區,120.66758,24.108368,75,True,大里,56.0,1.47,Low Risk
和美鎮公所,彰化縣和美鎮鹿和路6段337號,彰化縣和美鎮,彰化縣和美鎮,120.4943,24.1085,150,True,線西,64.0,3.63,Low Risk
和東國小,彰美路5段210號,彰化縣和美鎮,彰化縣和美鎮,120.5015,24.1093,500,True,線西,64.0,4.13,Low Risk
九德國民小學風雨操場,長春街300號,臺中市烏日區,臺中市烏日區,120.638956,24.109863,300,True,大里,56.0,4.17,Low Risk
和美鎮立幼兒園,忠孝路329號,彰化縣和美鎮,彰化縣和美鎮,120.5,24.11,100,True,線西,64.0,3.96,Low Risk
光榮國民中學光榮館/操場,東榮路280號,臺中市大里區,臺中市大里區,120.686909,24.110479,600,True,大里,56.0,1.48,Low Risk
兒童青少年福利服務中心,新光路32號,臺中市大里區,臺中市大里區,120.691871,24.110647,200,True,大里,56.0,1.83,Low Risk
永隆國民小學活動中心/操場,永隆五街二號,臺中市大里區,臺中市大里區,120.676497,24.110842,1100,True,大里,56.0,1.26,Low Risk
和美國小,和平路19號,彰化縣和美鎮,彰化縣和美鎮,120.495,24.111,500,True,線西,64.0,3.49,Low Risk
柑井社區活動中心,柑竹路331巷21號,彰化縣和美鎮,彰化縣和美鎮,120.514,24.111,100,True,線西,64.0,5.11,Low Risk
和群國中,美寮路一段390號,彰化縣和美鎮,彰化縣和美鎮,120.519,24.111,300,True,彰化,65.0,5.5,Low Risk
光隆營區,大平區黃竹里光興路1001號,臺中市大里區,臺中市太平區,120.730485,24.111229,35,True,大里,56.0,5.44,Low Risk
下犁民眾活動中心,下犁路139之1號,彰化縣線西鄉,彰化縣線西鄉,120.469995,24.111237,80,True,線西,64.0,2.27,Low Risk
旭光國小旭光廳2樓,烏日區榮泉里健行路501號,臺中市烏日區,臺中市烏日區,120.592633,24.111637,120,True,西屯,50.0,6.14,Low Risk
僑泰中學育才大樓,樹王路342號,臺中市大里區,臺中市大里區,120.666962,24.11179,250,True,大里,56.0,1.79,Low Risk
中圍社區活動中心,竹社路123號,彰化縣和美鎮,彰化縣和美鎮,120.532,24.112,100,True,彰化,65.0,5.21,Low Risk
樹義國小樂群樓及操場,福田路11號,臺中市南區,臺中市南區,120.6574,24.112,953,True,大里,56.0,2.54,Low Risk
興隆里活動中心,興隆路76號,臺中市太平區,臺中市太平區,120.7323,24.112,204,True,大里,56.0,5.64,Low Risk
永隆里活動中心,永隆六街29號,臺中市大里區,臺中市大里區,120.673837,24.112793,60,True,大里,56.0,1.54,Low Risk
和美高中,彰化縣和美鎮和西里西園路31號,彰化縣和美鎮,彰化縣和美鎮,120.4936,24.113,500,True,線西,64.0,3.24,Low Risk
中寮社區活動中心,東興路25號,彰化縣和美鎮,彰化縣和美鎮,120.538,24.113,60,True,彰化,65.0,5.24,Low Risk
長億高中〈體育館.操場〉,長億六街一號,臺中市太平區,臺中市太平區,120.7216,24.1131,5386,True,大里,56.0,4.63,Low Risk
內新里活動中心,中新街9號,臺中市大里區,臺中市大里區,120.690859,24.113152,75,True,大里,56.0,1.96,Low Risk
福崙宮,崙尾巷77-1號,彰化縣鹿港鎮,彰化縣鹿港鎮,120.447793,24.113156,106,True,線西,64.0,2.98,Low Risk
東興活動中心,永興路260號,臺中市大里區,臺中市大里區,120.681226,24.113398,50,True,大里,56.0,1.56,Low Risk
四張社區活動中心,鎮西路74號,彰化縣和美鎮,彰化縣和美鎮,120.485,24.114,100,True,線西,64.0,2.55,Low Risk
崇光國民小學崇光樓地下室/操場,大明路181號,臺中市大里區,臺中市大里區,120.68357,24.115191,1000,True,大里,56.0,1.81,Low Risk
發祥活動中心,瑞和路1-1號,南投縣仁愛鄉,南投縣仁愛鄉,121.160619,24.115564,100,True,埔里,43.0,25.48,Low Risk
臺中高工操場,高工路191號,臺中市南區,臺中市南區,120.6612,24.116,780,True,大里,56.0,2.53,Low Risk
楓樹兒童青少年活動中心,南屯區楓樹里楓樹西街二00號,臺中市南屯區,臺中市南屯區,120.6289,24.1161,50,True,忠明,48.0,4.17,Low Risk
私立大明高級中學體育場/禮堂,新仁路三段210號,臺中市大里區,臺中市大里區,120.685976,24.116491,270,True,大里,56.0,2.03,Low Risk
大崙國小塗溝分校-室外,1-1號,嘉義縣水上鄉,臺中市烏日區,120.6132,24.1165,500,True,忠明,48.0,4.85,Low Risk
竹營社區活動中心,和頭路237號,彰化縣和美鎮,彰化縣和美鎮,120.5011,24.117,100,True,線西,64.0,3.64,Low Risk
臺中市南區聯合辦公大樓,工學路72號5樓,臺中市南區,臺中市南區,120.6638,24.1171,61,True,大里,56.0,2.45,Low Risk
順安農宅示範中心,草林158號,花蓮縣新城鄉,花蓮縣新城鄉,121.6365,24.1172,23,True,花蓮,40.0,16.65,Low Risk
東汴國小〈行政教學大樓.操場〉,太平區東汴里山田路100號,臺中市太平區,臺中市太平區,120.7958,24.1174,575,True,大里,56.0,12.07,Low Risk
秀林國小收容所,秀林路76號,花蓮縣秀林鄉,花蓮縣秀林鄉,121.6244,24.118,100,True,花蓮,40.0,16.5,Low Risk
臺中市立大里幼兒園-日新分班,日新路383號,臺中市大里區,臺中市大里區,120.692373,24.11811,80,True,大里,56.0,2.5,Low Risk
竹園社區活動中心,彰新路4段115號,彰化縣和美鎮,彰化縣和美鎮,120.525,24.119,60,True,線西,64.0,5.85,Low Risk
長億永成里活動中心,長億路1-1號,臺中市太平區,臺中市太平區,120.7209,24.1192,815,True,大里,56.0,4.83,Low Risk
大慶活動中心,德富路100號,臺中市南區,臺中市南區,120.6542,24.1196,30,True,大里,56.0,3.32,Low Risk
南區圖書館,五權南路335號,臺中市南區,臺中市南區,120.6697,24.1201,57,True,大里,56.0,2.45,Low Risk
祥興活動中心,中興路二段祥興3巷10弄34號,臺中市大里區,臺中市大里區,120.685927,24.120351,20,True,大里,56.0,2.43,Low Risk
和平國小和平館及操場,復興路二段57號,臺中市南區,臺中市南區,120.6607,24.1213,513,True,大里,56.0,3.01,Low Risk
梅村長老教會,西門巷7號,南投縣仁愛鄉,南投縣仁愛鄉,121.11075,24.121767,100,True,埔里,43.0,22.35,Low Risk
月眉社區活動中心,和厝路一段276號,彰化縣和美鎮,彰化縣和美鎮,120.495,24.122,100,True,線西,64.0,2.84,Low Risk
犁盛社區活動中心,東平路225巷9號,彰化縣和美鎮,彰化縣和美鎮,120.527,24.122,100,True,線西,64.0,5.98,Low Risk
信義國小信義館及操場,五權南路325號,臺中市南區,臺中市南區,120.668571,24.1222,1440,True,大里,56.0,2.7,Low Risk
曉陽國小,頂犁路158-1號,彰化縣線西鄉,彰化縣線西鄉,120.478,24.1227,100,True,線西,64.0,1.35,Low Risk
中平國中〈活動中心.操場〉,中平村太平路 300 號,臺中市太平區,臺中市太平區,120.7183,24.1231,972,True,大里,56.0,4.82,Low Risk
頭汴國小〈行政大樓B1〉,北田路 20 號,臺中市太平區,臺中市太平區,120.7515,24.1232,1820,True,大里,56.0,7.86,Low Risk
頂犁民眾活動中心,頂犁路48之1號,彰化縣線西鄉,彰化縣線西鄉,120.480918,24.123229,100,True,線西,64.0,1.53,Low Risk
頭汴里活動中心,長龍路二段11巷18號,臺中市太平區,臺中市太平區,120.7507,24.1239,278,True,大里,56.0,7.81,Low Risk
建平國小〈會議室1樓、操場〉,精美路201號,臺中市太平區,臺中市太平區,120.7245,24.1241,1419,True,大里,56.0,5.41,Low Risk
國光國小國光堂及操場,國光路261號,臺中市南區,臺中市南區,120.6801,24.1245,707,True,大里,56.0,2.77,Low Risk
中興活動中心,復新街89號B1,臺中市南區,臺中市南區,120.6759,24.1247,50,True,大里,56.0,2.8,Low Risk
頭前社區活動中心,和頭路595號,彰化縣和美鎮,彰化縣和美鎮,120.506,24.125,100,True,線西,64.0,3.82,Low Risk
禪光育幼院,仁愛路2巷172號,花蓮縣新城鄉,花蓮縣新城鄉,121.6497,24.1257,105,True,花蓮,40.0,17.9,Low Risk
福隆里活動中心,光興路1463巷8號,臺中市太平區,臺中市太平區,120.7345,24.1258,294,True,大里,56.0,6.39,Low Risk
嘉寶社區活動中心,福北路221號,彰化縣和美鎮,彰化縣和美鎮,120.512,24.126,100,True,線西,64.0,4.4,Low Risk
四育國中四育館及操場,復興路二段152號,臺中市南區,臺中市南區,120.6651,24.126,544,True,大里,56.0,3.23,Low Risk
臺中市立崇倫國中崇倫堂及操場,忠明南路730號,臺中市南區,臺中市南區,120.659,24.1261,483,True,忠明,48.0,3.4,Low Risk
臺中市立東峰國中,仁和路330號,臺中市東區,臺中市東區,120.68617,24.12626,700,True,大里,56.0,3.07,Low Risk
王田社區運動公園,興和路332號附近,臺中市大肚區,臺中市大肚區,120.5838,24.1264,120,False,西屯,50.0,5.21,Low Risk
臺中市西區萬壽公園,大墩路旁向上路與向上南路間,臺中市西區,臺中市南屯區,120.650622,24.126479,3550,False,忠明,48.0,2.99,Low Risk
國立中興大學附屬臺中高級農業職業學校禮堂,臺中路283號,臺中市東區,臺中市東區,120.6856,24.1266,700,True,大里,56.0,3.09,Low Risk
天主教聲遠之家,博愛路31號,花蓮縣新城鄉,花蓮縣新城鄉,121.6513,24.1266,53,True,花蓮,40.0,18.04,Low Risk
好修社區活動中心,月北路400巷21號,彰化縣和美鎮,彰化縣和美鎮,120.494,24.127,60,True,線西,64.0,2.58,Low Risk
塭仔民眾活動中心,塭仔路141號,彰化縣線西鄉,彰化縣線西鄉,120.456135,24.128081,80,True,線西,64.0,1.37,Low Risk
溝內民眾活動中心,溝內路34-1號,彰化縣線西鄉,彰化縣線西鄉,120.454988,24.128334,80,True,線西,64.0,1.48,Low Risk
大智國小2樓禮堂,大智路359號,臺中市東區,臺中市東區,120.6908,24.1286,500,True,大里,56.0,3.46,Low Risk
新城社區活動中心,博愛路66號,花蓮縣新城鄉,花蓮縣新城鄉,121.6502,24.1288,23,True,花蓮,40.0,18.25,Low Risk
興田社區活動中心,新興1街62號,花蓮縣新城鄉,花蓮縣新城鄉,121.6452,24.1301,45,True,花蓮,40.0,18.25,Low Risk
線西國小,中央路二段135號,彰化縣線西鄉,彰化縣線西鄉,120.4697,24.1313,100,True,線西,64.0,0.08,Low Risk
崇仁活動中心,柳川西路1段59號,臺中市南區,臺中市南區,120.6606,24.1314,53,True,忠明,48.0,3.02,Low Risk
紅葉國小梅林分校,慈峰巷40號,南投縣仁愛鄉,南投縣仁愛鄉,121.184631,24.131465,100,True,埔里,43.0,28.48,Low Risk
臺中國小活動中心,臺中路153號,臺中市東區,臺中市東區,120.684716,24.131516,600,True,大里,56.0,3.6,Low Risk
線西國中,中央路二段145號,彰化縣線西鄉,彰化縣線西鄉,120.4687,24.1325,100,True,線西,64.0,0.1,Low Risk
長億國小〈行政大樓B1、操場、籃球場〉,太平三街 295 號,臺中市太平區,臺中市太平區,120.7164,24.133,1649,True,大里,56.0,5.35,Low Risk
大忠國民小學一樓課照教室,仁德路60號,臺中市大肚區,臺中市大肚區,120.5542,24.133714,40,True,西屯,50.0,7.11,Low Risk
培英國小,彰新路5段310號,彰化縣和美鎮,彰化縣和美鎮,120.51,24.134,150,True,線西,64.0,4.16,Low Risk
寓埔民眾活動中心,寓埔路177-1號,彰化縣線西鄉,彰化縣線西鄉,120.45949,24.134332,80,True,線西,64.0,1.02,Low Risk
臺中市西區大勇國小禮堂,忠明南路515號,臺中市西區,臺中市西區,120.6578,24.1345,100,True,忠明,48.0,2.58,Low Risk
南屯區公所4樓開放式會議室,永春東路679號,臺中市南屯區,臺中市南屯區,120.6441,24.1347,50,True,忠明,48.0,1.94,Low Risk
線西民眾活動中心,中央路二段536巷31號,彰化縣線西鄉,彰化縣線西鄉,120.463123,24.135832,80,True,線西,64.0,0.76,Low Risk
育英國中操場,育英路30號,臺中市東區,臺中市東區,120.69813,24.13594,500,True,大里,56.0,4.51,Low Risk
塗厝社區活動中心,和厝路2段485號,彰化縣和美鎮,彰化縣和美鎮,120.508,24.136,60,True,線西,64.0,3.98,Low Risk
南屯里活動中心,南屯區南屯里萬和路一段五十號,臺中市南屯區,臺中市南屯區,120.639,24.1363,60,True,忠明,48.0,1.75,Low Risk
臺中市東區區公所禮堂,長福路245號,臺中市東區,臺中市東區,120.703797,24.136521,1500,True,大里,56.0,4.84,Low Risk
線西鄉立幼兒園,中央路二段386巷128號,彰化縣線西鄉,彰化縣線西鄉,120.4668,24.1368,200,True,線西,64.0,0.61,Low Risk
春社里活動中心2、3樓,南屯區春社里忠勇路二三之十二號,臺中市南屯區,臺中市南屯區,120.612,24.1374,200,True,西屯,50.0,2.8,Low Risk
祥順運動公園,宜昌路87巷,臺中市太平區,臺中市太平區,120.7128,24.1383,9810,False,大里,56.0,5.54,Warning
宜欣國小〈宜學樓、南大樓〉,太平區宜欣里新平路二段100號,臺中市太平區,臺中市太平區,120.7153,24.1392,1913,True,大里,56.0,5.78,Low Risk
臺中市西區忠信國小禮堂忠信堂,林森路155號,臺中市西區,臺中市西區,120.6686,24.1393,100,True,臺灣大道,,2.49,Unknown
汴頭社區活動中心,汴頭路189號,彰化縣伸港鄉,彰化縣伸港鄉,120.497037,24.139906,40,True,線西,64.0,2.98,Low Risk
頂庄民眾活動中心,沿海路二段334巷32號,彰化縣線西鄉,彰化縣線西鄉,120.4674,24.1403,80,True,線西,64.0,0.97,Low Risk
永定里社區活動中心,南屯區永定里南美街70號,臺中市南屯區,臺中市南屯區,120.6366,24.1404,50,True,忠明,48.0,1.36,Low Risk
臺中市西區區公所,金山路11號,臺中市西區,臺中市西區,120.6712,24.1412,50,True,臺灣大道,,2.46,Unknown
田新公園管理室,南屯區大墩6街319巷41號1.2.3樓,臺中市南屯區,臺中市南屯區,120.6443,24.1424,50,True,忠明,48.0,1.11,Low Risk
大同里活動中心3樓,南屯區大同里大墩六街一六一號,臺中市南屯區,臺中市南屯區,120.6502,24.1425,100,True,忠明,48.0,1.4,Low Risk
台中公園,自由路二段與公園路口,臺中市北區,臺中市北區,120.684074,24.143637,2000,False,臺灣大道,,3.25,Unknown
臺中市中區老人休閒活動中心,成功路300號1樓,臺中市中區,臺中市中區,120.6795,24.1439,18,True,臺灣大道,,2.85,Unknown
臺中市中區區公所六樓大禮堂,成功路300號6樓,臺中市中區,臺中市中區,120.6795,24.1439,170,True,臺灣大道,,2.85,Unknown
新港社區活動中心,自強路臨30號,彰化縣伸港鄉,彰化縣伸港鄉,120.484731,24.143911,40,True,線西,64.0,2.09,Low Risk
臺中市光復國小3樓禮堂及內操場,三民路二段148號,臺中市中區,臺中市中區,120.681722,24.143934,990,True,臺灣大道,,3.03,Unknown
興中停車場,臺灣大道一段及大誠街口,臺中市中區,臺中市中區,120.6785,24.1442,1500,True,臺灣大道,,2.75,Unknown
臺中市光復國民小學外操場,臺中市中區三民路二段與公園路口,臺中市中區,臺中市中區,120.681723,24.144587,1200,True,臺灣大道,,3.0,Unknown
伸港國中第二校區,建興路168號,彰化縣伸港鄉,彰化縣伸港鄉,120.489958,24.144634,10,True,線西,64.0,2.56,Low Risk
坪林國小〈南棟大樓B1.操場〉,坪林路45號,臺中市太平區,臺中市太平區,120.7371,24.145,1136,True,大里,56.0,7.8,Low Risk
進德國小一樓活動中心,進化路135號,臺中市東區,臺中市東區,120.6934,24.1452,500,True,臺灣大道,,4.02,Unknown
勤益科技大學〈工程館B1.操場〉,中山路二段57號,臺中市太平區,臺中市太平區,120.7334,24.1464,5080,True,大里,56.0,7.63,Low Risk
大道國中宗堯樓1樓,大肚區仁德路60號,臺中市大肚區,臺中市大肚區,120.548844,24.146936,40,True,西屯,50.0,7.11,Low Risk
地潭社區活動中心,晉北路458號,彰化縣和美鎮,彰化縣和美鎮,120.516,24.147,60,True,線西,64.0,5.06,Low Risk
文德宮,嘉二路47號,彰化縣伸港鄉,彰化縣伸港鄉,120.492403,24.147211,10,True,線西,64.0,2.93,Low Risk
中華國小〈前棟B1、操場〉,大源路1-20號,臺中市太平區,臺中市太平區,120.726,24.1473,1350,True,臺灣大道,,7.15,Unknown
富世活動中心,97號,花蓮縣秀林鄉,花蓮縣秀林鄉,121.6277,24.1473,100,True,花蓮,40.0,19.77,Low Risk
泉州社區活動中心,仁愛路123號,彰化縣伸港鄉,彰化縣伸港鄉,120.480758,24.14783,20,True,線西,64.0,2.15,Low Risk
太平國中〈行政大樓B1〉,中山路二段116號,臺中市太平區,臺中市太平區,120.7346,24.1483,4241,True,大里,56.0,7.86,Low Risk
力行國小,新望洋67號,南投縣仁愛鄉,南投縣仁愛鄉,121.189375,24.148371,200,True,埔里,43.0,30.07,Low Risk
伸東國民小學,中華路565號,彰化縣伸港鄉,彰化縣伸港鄉,120.4879,24.1484,500,True,線西,64.0,2.67,Low Risk
伸港鄉老人文康活動中心,忠孝東街50號,彰化縣伸港鄉,彰化縣伸港鄉,120.4878,24.1486,200,True,線西,64.0,2.68,Low Risk
惠智公園管理室1、2樓,南屯區三和里大墩十一街五一八號,臺中市南屯區,臺中市南屯區,120.6391,24.1489,50,True,忠明,48.0,0.4,Low Risk
大新活動中心3樓,南屯區大業里大墩十一街六四號,臺中市南屯區,臺中市南屯區,120.6526,24.1489,150,True,臺灣大道,,1.19,Unknown
蚵寮社區活動中心,蚵寮路132-5號,彰化縣伸港鄉,彰化縣伸港鄉,120.457273,24.149014,60,True,線西,64.0,2.27,Low Risk
臺中市北區太平國小大禮堂及操場,北區錦平里太平路74號,臺中市北區,臺中市北區,120.682,24.1492,2000,True,臺灣大道,,2.78,Unknown
泉厝社區活動中心,泉厝路44-3號,彰化縣伸港鄉,彰化縣伸港鄉,120.479829,24.149574,20,True,線西,64.0,2.27,Low Risk
伸仁國民小學,曾家路3之15號,彰化縣伸港鄉,彰化縣伸港鄉,120.4696,24.1499,400,True,線西,64.0,2.03,Low Risk
湖內社區活動中心,湖竹路5號,彰化縣和美鎮,彰化縣和美鎮,120.5093,24.1503,60,True,線西,64.0,4.58,Low Risk
大湖里光大里聯合活動中心,柳川東路四段28號,臺中市北區,臺中市北區,120.679493,24.150323,80,True,臺灣大道,,2.5,Unknown
大肚社區活動中心,沙田路2段646號,臺中市大肚區,臺中市大肚區,120.545482,24.150654,41,True,西屯,50.0,7.36,Low Risk
力行國小活動中心,進化路223號,臺中市東區,臺中市東區,120.69394,24.150696,800,True,臺灣大道,,3.89,Unknown
新港國民國小,和平路60號,彰化縣伸港鄉,彰化縣伸港鄉,120.4768,24.151,500,True,線西,64.0,2.29,Low Risk
大肚區公所五樓,沙田路2段646號,臺中市大肚區,臺中市大肚區,120.545324,24.151237,200,True,西屯,50.0,7.37,Low Risk
新光國小行政大樓,新興路200號,臺中市太平區,臺中市太平區,120.7066,24.1524,1050,True,臺灣大道,,5.11,Unknown
臺中市西區中正國小禮堂中正館,英才路423號,臺中市西區,臺中市西區,120.6667,24.1526,100,True,臺灣大道,,1.23,Unknown
臺中市西區和龍民龍聯合里活動中心中心,西屯路1段169號,臺中市西區,臺中市西區,120.6702,24.1535,50,True,臺灣大道,,1.49,Unknown
老人活動中心,大肚區頂街里大德六街30號,臺中市大肚區,臺中市大肚區,120.540571,24.15352,180,True,線西,64.0,7.65,Low Risk
大肚國小體育館,大肚區頂街里華山路77號,臺中市大肚區,臺中市大肚區,120.5463,24.1546,120,True,西屯,50.0,7.21,Low Risk
新平國小〈南棟B1、操場、籃球場〉,樹孝路三三六巷九號,臺中市太平區,臺中市太平區,120.7201,24.1547,850,True,臺灣大道,,6.45,Unknown
黎明里活動中心,南屯區黎明里干城街150號,臺中市南屯區,臺中市南屯區,120.6296,24.1555,60,True,忠明,48.0,1.23,Low Risk
黃竹國小〈戶外操場〉,竹村路41號,臺中市太平區,臺中市太平區,120.7344,24.1556,128,True,臺灣大道,,7.89,Unknown
何南、何成里聯合活動中心,大墩十七街88號3樓,臺中市西屯區,臺中市西屯區,120.648109,24.1557,364,True,忠明,48.0,0.82,Low Risk
大同社區活動中心,大同路82號,彰化縣伸港鄉,彰化縣伸港鄉,120.47616,24.156642,20,True,線西,64.0,2.87,Low Risk
什股社區活動中心,什股路99-1號,彰化縣伸港鄉,彰化縣伸港鄉,120.47616,24.156642,20,True,線西,64.0,2.87,Low Risk
臺中市西區忠明國小禮堂忠明館,臺灣大道1段414號,臺中市西區,臺中市西區,120.6591,24.1578,100,True,臺灣大道,,0.27,Unknown
臺中市西區忠明高中禮堂忠明館,博館路166號,臺中市西區,臺中市西區,120.6637,24.1579,100,True,臺灣大道,,0.72,Unknown
新光國中〈活動中心.操場〉,樹德九街139號,臺中市太平區,臺中市太平區,120.7093,24.1579,1917,True,臺灣大道,,5.34,Unknown
中和社區活動中心,大肚區中和里南榮路299號,臺中市大肚區,臺中市大肚區,120.544456,24.158601,100,True,西屯,50.0,7.36,Low Risk
營埔社區活動中心,大肚區營埔里營埔巷155號,臺中市大肚區,臺中市大肚區,120.5446,24.158601,100,True,西屯,50.0,7.35,Low Risk
永順社區活動中心,大肚區永順里文昌路2段643號,臺中市大肚區,臺中市大肚區,120.5331,24.1588,180,True,線西,64.0,7.16,Low Risk
頂街社區活動中心,大肚區頂街里沙田路3段244巷9號,臺中市大肚區,臺中市大肚區,120.5446,24.1589,180,True,西屯,50.0,7.35,Low Risk
臺中市新社區中興合作農場,新社區中和里中興街158之1號,臺中市新社區,臺中市新社區,120.8262,24.1589,36,True,豐原,52.0,13.82,Low Risk
臺中市北區乾溝子活動中心,北區淡溝里西屯路一段299號一樓,臺中市北區,臺中市北區,120.6662,24.1591,150,True,臺灣大道,,0.96,Unknown
山陽國小防空避難室,大肚區山陽里榮華街630號,臺中市大肚區,臺中市大肚區,120.544865,24.159312,70,True,西屯,50.0,7.32,Low Risk
紅葉國小,仁盛路42號,南投縣仁愛鄉,南投縣仁愛鄉,121.176707,24.159312,300,True,埔里,43.0,29.97,Low Risk
臺中市新社區大林國小,新社區福興里美林38號,臺中市新社區,臺中市新社區,120.863914,24.159481,90,True,豐原,52.0,16.41,Low Risk
省三國小育德館及操場,北區邱厝里崇德路一段107號,臺中市北區,臺中市北區,120.6848,24.1599,450,True,臺灣大道,,2.85,Unknown
鐵山社區活動中心,鎮東路190號,彰化縣和美鎮,彰化縣和美鎮,120.519,24.16,150,True,線西,64.0,5.97,Low Risk
溪底社區活動中心,溪底路103-2號,彰化縣伸港鄉,彰化縣伸港鄉,120.501452,24.160703,40,True,線西,64.0,4.61,Low Risk
漢口國中（操場）,漢口路一段54之1號,臺中市西屯區,臺中市西屯區,120.657033,24.16176,1650,True,臺灣大道,,0.32,Unknown
崇德國小收容所,72號,花蓮縣秀林鄉,花蓮縣秀林鄉,121.6524,24.162,100,True,花蓮,40.0,21.87,Low Risk
何安里活動中心,四川路120號3樓,臺中市西屯區,臺中市西屯區,120.653758,24.162332,405,True,臺灣大道,,0.49,Unknown
大同國民國小,彰新路7段724號,彰化縣伸港鄉,彰化縣伸港鄉,120.4845,24.1625,500,True,線西,64.0,3.77,Low Risk
瑞井社區活動中心,大肚區瑞井里瑞井路62巷14之1號,臺中市大肚區,臺中市大肚區,120.572365,24.16335,80,True,西屯,50.0,4.52,Low Risk
臺中市新社區福民國小,新社區福興里福民16之7號,臺中市新社區,臺中市新社區,120.880962,24.163651,90,True,豐原,52.0,17.46,Low Risk
溫泉部落鄰長家,7鄰溫泉巷18號,南投縣仁愛鄉,南投縣仁愛鄉,121.180117,24.163778,50,True,埔里,43.0,30.56,Low Risk
惠來國小（三期活動中心、操場）,文中路168號,臺中市西屯區,臺中市西屯區,120.6497,24.16493,505,True,臺灣大道,,0.98,Unknown
海尾社區活動中心,海尾路3-2號,彰化縣伸港鄉,彰化縣伸港鄉,120.485127,24.165165,40,True,線西,64.0,4.07,Low Risk
西屯區公所,市政北二路386號,臺中市西屯區,臺中市西屯區,120.633793,24.165436,372,True,忠明,48.0,1.67,Low Risk
臺中市北區明德活動中心,北區明德里太原四街23號二樓,臺中市北區,臺中市北區,120.6694,24.1657,30,True,臺灣大道,,1.49,Unknown
臺中市北區行政大樓,北區賴厝里永興街301號,臺中市北區,臺中市北區,120.6822,24.166,400,True,臺灣大道,,2.7,Unknown
臺中市立東山高級中學禮堂、操場,北屯區水景里景賢六路200號,臺中市北屯區,臺中市北屯區,120.7122,24.1666,770,True,臺灣大道,,5.69,Unknown
定興社區活動中心,定興路63-2號,彰化縣伸港鄉,彰化縣伸港鄉,120.496962,24.166813,40,True,線西,64.0,4.83,Low Risk
臺中市立三光國民中學（禮堂、操場）,三光一街77號,臺中市北屯區,臺中市北屯區,120.698404,24.167354,2235,True,臺灣大道,,4.33,Unknown
文昌國民小學（活動中心-弘文堂、操場）,40652 臺中市北屯區昌平路一段91號,臺中市北屯區,臺中市北屯區,120.693207,24.168188,1422,True,臺灣大道,,3.84,Unknown
中山國中（操場）,寧夏路179號,臺中市西屯區,臺中市西屯區,120.660187,24.168445,1375,True,臺灣大道,,1.12,Unknown
逢甲國民小學（操場、校舍頂樓）,北坑巷60號,臺中市北屯區,臺中市北屯區,120.759755,24.168462,483,True,豐原,52.0,10.0,Low Risk
臺中市北區長青里活動中心,北區長青里陝西路66之2號三樓,臺中市北區,臺中市北區,120.6685,24.1691,200,True,臺灣大道,,1.65,Unknown
長安國小（操場跑道）,櫻花路18號,臺中市西屯區,臺中市西屯區,120.653078,24.169105,242,True,臺灣大道,,1.19,Unknown
何福、何德里聯合活動中心,河南路125號3樓,臺中市西屯區,臺中市西屯區,120.662291,24.169681,380,True,臺灣大道,,1.33,Unknown
協和國小（學生活動中心、操場）,安和路99號,臺中市西屯區,臺中市西屯區,120.620071,24.169862,1732,True,西屯,50.0,0.91,Low Risk
四維國民小學（活動中心）,40654 臺中市北屯區文心路四段956號,臺中市北屯區,臺中市北屯區,120.695314,24.170777,304,True,臺灣大道,,4.13,Unknown
何源里活動中心,漢成街152號,臺中市西屯區,臺中市西屯區,120.665542,24.170797,150,True,臺灣大道,,1.6,Unknown
臺中市北區賴興活動中心,北區賴興里山西路二段125號三、四樓,臺中市北區,臺中市北區,120.6757,24.1718,400,True,臺灣大道,,2.4,Unknown
上安國小（活動中心、操場）,上安路156號,臺中市西屯區,臺中市西屯區,120.639105,24.172074,889,True,忠明,48.0,2.25,Low Risk
東光國民小學（活動中心、操場）,東光路926號,臺中市北屯區,臺中市北屯區,120.701827,24.17211,1631,True,臺灣大道,,4.81,Unknown
基督長老教會,1鄰7號,南投縣仁愛鄉,南投縣仁愛鄉,121.196369,24.172426,100,True,埔里,43.0,32.41,Low Risk
力行活動中心,3鄰62號,南投縣仁愛鄉,南投縣仁愛鄉,121.196369,24.172426,100,True,埔里,43.0,32.41,Low Risk
大洋部落真耶穌教會,新望洋5鄰128號,南投縣仁愛鄉,南投縣仁愛鄉,121.196369,24.172426,100,True,埔里,43.0,32.41,Low Risk
文心國民小學（禮堂、操場）,文心路四段575號,臺中市北屯區,臺中市北屯區,120.682577,24.17296,950,True,臺灣大道,,3.05,Unknown
崇德國民中學（崇德館、操場）,崇德路二段227號,臺中市北屯區,臺中市北屯區,120.682577,24.17296,1566,True,臺灣大道,,3.05,Unknown
上石國小（活動中心、操場）,西屯路二段上石南六巷25號,臺中市西屯區,臺中市西屯區,120.643286,24.173681,1885,True,臺灣大道,,2.13,Unknown
中達里育德里邱厝里聯合活動中心,英才路172號,臺中市北區,臺中市北區,120.674392,24.173738,100,True,臺灣大道,,2.44,Unknown
平順里、平心里、平福里活動中心（3樓）,旅順路二段78號三樓,臺中市北屯區,臺中市北屯區,120.6877,24.1741,300,True,臺灣大道,,3.57,Unknown
至善國中（至善館、操場）,青海路二段308號,臺中市西屯區,臺中市西屯區,120.640194,24.174335,2179,True,臺灣大道,,2.4,Unknown
青少年活動中心,安順東五街13號,臺中市北屯區,臺中市北屯區,120.6826,24.1744,206,True,臺灣大道,,3.14,Unknown
中台科技大學羽球館,?子路666號,臺中市北屯區,臺中市北屯區,120.7357,24.1745,150,True,臺灣大道,,8.2,Unknown
大福社區活動中心,長安路二段158號,臺中市西屯區,臺中市西屯區,120.666744,24.174643,165,True,臺灣大道,,2.02,Unknown
建功國民小學（地下室停車場）,軍和街43號,臺中市北屯區,臺中市北屯區,120.715938,24.175695,575,True,臺灣大道,,6.29,Unknown
軍功國民小學（禮堂、操場）,軍福十三路300號,臺中市北屯區,臺中市北屯區,120.715938,24.175695,1698,True,臺灣大道,,6.29,Unknown
福安地區各里聯合活動中心,中工三路199號2、3樓,臺中市西屯區,臺中市西屯區,120.618029,24.176043,290,True,西屯,50.0,1.54,Low Risk
全興社區活動中心,東全路11號,彰化縣伸港鄉,彰化縣伸港鄉,120.488453,24.176072,60,True,線西,64.0,5.31,Low Risk
鵬程里活動中心,逢大路65號,臺中市西屯區,臺中市西屯區,120.648648,24.176403,95,True,臺灣大道,,2.11,Unknown
瑞峰國小防空避難室,大肚區蔗篰里太平路1號,臺中市大肚區,臺中市龍井區,120.574604,24.17668,100,True,西屯,50.0,4.58,Low Risk
瀋陽公園管理室（活動中心1、2樓）,北屯區水湳里瀋陽北路21號,臺中市北屯區,臺中市北屯區,120.6724,24.1769,620,True,臺灣大道,,2.56,Unknown
大鵬國小（綜合球場）,中平路268號,臺中市西屯區,臺中市西屯區,120.6653,24.17748,500,True,臺灣大道,,2.24,Unknown
僑孝國民小學（活動中心）,40654 臺中市北屯區北屯路435號,臺中市北屯區,臺中市北屯區,120.699648,24.177756,496,True,臺灣大道,,4.83,Unknown
軍功里活動中心,26鄰軍和街123號,臺中市北屯區,臺中市北屯區,120.717838,24.177863,117,True,臺灣大道,,6.55,Unknown
四箴國中操場、體育館,新庄里中沙路2號,臺中市龍井區,臺中市龍井區,120.576947,24.178195,250,True,西屯,50.0,4.43,Low Risk
北新國民中學（活動中心）,柳陽東街180號,臺中市北屯區,臺中市北屯區,120.695925,24.178882,967,True,臺灣大道,,4.56,Unknown
竹坑里活動中心,竹師路一段164巷2號,臺中市龍井區,臺中市龍井區,120.546391,24.18031,30,True,沙鹿,61.0,5.53,Low Risk
龍峰國小操場,中沙路新庄仔巷2號,臺中市龍井區,臺中市龍井區,120.576147,24.180456,100,True,西屯,50.0,4.61,Low Risk
仁愛國民小學（禮堂三樓、操場）,四平路71號,臺中市北屯區,臺中市北屯區,120.671897,24.180481,1304,True,臺灣大道,,2.85,Unknown
北屯國民小學（禮堂、操場）,進化北路2號,臺中市北屯區,臺中市北屯區,120.671897,24.180481,2250,True,臺灣大道,,2.85,Unknown
大德國民中學（操場）,雷中街2-23號,臺中市北屯區,臺中市北屯區,120.669137,24.180564,825,True,臺灣大道,,2.72,Unknown
翠華村華崗活動中心,,南投縣仁愛鄉,南投縣仁愛鄉,121.199899,24.180665,100,True,埔里,43.0,33.31,Low Risk
大德公園管理室（1、2樓）,北屯區大德里平德路3號,臺中市北屯區,臺中市北屯區,120.6719,24.1815,550,True,臺灣大道,,2.95,Unknown
舊社公園活動中心（1、2樓、室外）,北屯區松勇里松竹路2段59巷5號,臺中市北屯區,臺中市北屯區,120.7007,24.1815,1580,True,臺灣大道,,5.12,Unknown
西安、西墩、至善里聯合活動中心,光明路160號,臺中市西屯區,臺中市西屯區,120.639943,24.181647,180,True,臺灣大道,,3.05,Unknown
北屯區公所六樓禮堂,北屯區仁和里崇德路三段10號,臺中市北屯區,臺中市北屯區,120.6867,24.1827,350,True,臺灣大道,,4.03,Unknown
臺中市東勢區慶福社區活動中心,東關路4段1068號,臺中市東勢區,臺中市東勢區,120.840965,24.182864,100,True,豐原,52.0,12.95,Low Risk
龍井國小操場、龍騰館,龍門路51號,臺中市龍井區,臺中市龍井區,120.529836,24.183711,150,True,沙鹿,61.0,6.11,Low Risk
永安國小（永安館、操場）,西屯路三段133號,臺中市西屯區,臺中市西屯區,120.625082,24.184845,1954,True,西屯,50.0,2.65,Low Risk
陳平國民小學（地下活動中心）,陳平路58號,臺中市北屯區,臺中市北屯區,120.667549,24.185321,443,True,臺灣大道,,3.14,Unknown
東海國小（操場、籃球場）,國際街75號,臺中市西屯區,臺中市西屯區,120.5896,24.18602,432,True,西屯,50.0,3.83,Low Risk
后庄社區活動中心,庄內巷11-1號,臺中市北屯區,臺中市北屯區,120.66498,24.18809,80,True,臺灣大道,,3.35,Unknown
麗陽營區,東關路一段岳武巷5號,臺中市和平區,臺中市和平區,120.9866,24.1883,120,True,埔里,43.0,24.48,Low Risk
福科國中（操場、籃球場）,福林路333號,臺中市西屯區,臺中市西屯區,120.6138,24.1892,1542,True,西屯,50.0,3.02,Low Risk
龍崗社區活動中心,福恩街58號,臺中市龍井區,臺中市龍井區,120.548065,24.189607,30,True,沙鹿,61.0,4.52,Low Risk
松竹國民小學（勁竹及松青樓地下室）,昌平路二段12號,臺中市北屯區,臺中市北屯區,120.686684,24.190797,643,True,臺灣大道,,4.67,Unknown
仁美國民小學（地下室、活動中心、操場）,崇德路三段568號,臺中市北屯區,臺中市北屯區,120.686684,24.190797,2421,True,臺灣大道,,4.67,Unknown
臺中市東勢區慶福里社區活動中心戶外停車場,東勢區慶福里慶福街75號,臺中市東勢區,臺中市東勢區,120.8438,24.191,50,True,豐原,52.0,12.62,Low Risk
龍井國中操場,觀光路9號,臺中市龍井區,臺中市龍井區,120.544059,24.192285,100,True,沙鹿,61.0,4.48,Low Risk
龍井區公所禮堂,沙田路四段247號,臺中市龍井區,臺中市龍井區,120.545584,24.19268,80,True,沙鹿,61.0,4.35,Low Risk
協成國小（教學及行政大樓）,興義街219號,臺中市新社區,臺中市新社區,120.813491,24.192772,100,True,豐原,52.0,10.14,Low Risk
四張犁國民中學（活動中心、操場）,后庄路699號,臺中市北屯區,臺中市北屯區,120.677436,24.193528,910,True,臺灣大道,,4.39,Unknown
國安國小（新大樓活動中心、操場）,國祥街1號,臺中市西屯區,臺中市西屯區,120.609081,24.193578,1509,True,西屯,50.0,3.58,Low Risk
新興國民小學（禮堂、操場）,新興路20號,臺中市北屯區,臺中市北屯區,120.662753,24.195039,773,True,臺灣大道,,4.06,Unknown
四張犁國民小學（操場）,后庄路910號,臺中市北屯區,臺中市北屯區,120.662753,24.195039,1209,True,臺灣大道,,4.06,Unknown
龍泉國小操場,龍泉里龍新路162號,臺中市龍井區,臺中市龍井區,120.547464,24.195841,100,True,沙鹿,61.0,3.96,Low Risk
四民里仁和里仁美里同榮里聯合活動中心室內、室外,16鄰豐樂一街78號,臺中市北屯區,臺中市北屯區,120.680523,24.196262,1250,True,臺灣大道,,4.81,Unknown
頭家國小-多功能教室,得福街185號,臺中市潭子區,臺中市潭子區,120.696224,24.197026,160,True,臺灣大道,,5.83,Unknown
泰安國小（育才堂、操場）,環中路二段368號,臺中市西屯區,臺中市西屯區,120.648858,24.197845,1944,True,臺灣大道,,4.4,Unknown
頭家里/頭家東里活動中心,精忠新城101號,臺中市潭子區,臺中市潭子區,120.699067,24.197913,120,True,臺灣大道,,6.11,Unknown
拍瀑拉水裡社公園,中社路一街、二街,臺中市龍井區,臺中市龍井區,120.562822,24.198537,200,False,沙鹿,61.0,3.07,Warning
龍港國小操場,三港路1號,臺中市龍井區,臺中市龍井區,120.500933,24.198733,100,True,沙鹿,61.0,7.5,Low Risk
大坑國小1.2樓教室、操場,北屯區大坑里東山路二段112號,臺中市北屯區,臺中市北屯區,120.7607,24.1988,625,True,豐原,52.0,6.73,Low Risk
水裡港文化館,水裡港巷16之2號,臺中市龍井區,臺中市龍井區,120.498444,24.200778,20,True,沙鹿,61.0,7.65,Low Risk
龍津國小操場、綜合教學大樓,中央路1段165巷50號,臺中市龍井區,臺中市龍井區,120.521677,24.201067,150,True,沙鹿,61.0,5.5,Low Risk
潭陽社區活動中心,中山路二段237巷9號,臺中市潭子區,臺中市潭子區,120.703471,24.201197,200,True,臺灣大道,,6.68,Unknown
麗水社區活動中心,龍港路349巷2號,臺中市龍井區,臺中市龍井區,120.5011,24.2022,60,True,沙鹿,61.0,7.34,Low Risk
臺中市東勢區慶東社區活動中心,慶東街慶城2巷5號,臺中市東勢區,臺中市東勢區,120.8422,24.2023,28,True,豐原,52.0,11.8,Low Risk
僑忠國小-體育館,中山路二段31號,臺中市潭子區,臺中市潭子區,120.70371,24.202497,350,True,臺灣大道,,6.8,Unknown
新興國小-專科教室,潭興路一段25號,臺中市潭子區,臺中市潭子區,120.725525,24.203989,50,True,豐原,52.0,6.14,Low Risk
龍津國中操場,三港路130號,臺中市龍井區,臺中市龍井區,120.521049,24.204522,150,True,沙鹿,61.0,5.38,Low Risk
臺中市東勢區東華國中教室,東關路五段490號,臺中市東勢區,臺中市東勢區,120.8397,24.2054,1100,True,豐原,52.0,11.4,Low Risk
東興國小（一樓課照教室）,興社街一段國校巷13號,臺中市新社區,臺中市新社區,120.820101,24.206154,100,True,豐原,52.0,9.69,Low Risk
臺中市東勢區成功國小,東關路五段600號,臺中市東勢區,臺中市東勢區,120.839784,24.208311,1200,True,豐原,52.0,11.25,Low Risk
潭子國中-活動中心,潭興路二段419巷1號,臺中市潭子區,臺中市潭子區,120.70836,24.210191,230,True,豐原,52.0,6.25,Low Risk
榮興村辦公處,碧綠巷27號,南投縣仁愛鄉,南投縣仁愛鄉,121.300253,24.210441,40,True,花蓮,40.0,40.39,Low Risk
潭子區運動公園,勝利路138號,臺中市潭子區,臺中市潭子區,120.700706,24.21106,2500,False,豐原,52.0,6.64,Warning
臺中市大雅區三和公園,龍善二街,臺中市大雅區,臺中市大雅區,120.665252,24.211845,1580,False,臺灣大道,,5.95,Unknown
臺中市大雅區大明國小活動中心,中清路三段92號,臺中市大雅區,臺中市大雅區,120.6499,24.2128,1191,True,臺灣大道,,6.03,Unknown
潭陽國小-業勤樓,潭陽路19號,臺中市潭子區,臺中市潭子區,120.710128,24.213042,160,True,豐原,52.0,5.89,Low Risk
合作國小,豐原區三村里西勢路410號,臺中市豐原區,臺中市沙鹿區,120.5581,24.2131,100,True,沙鹿,61.0,1.77,Low Risk
潭北社區活動中心,潭子街三段公廳巷18號,臺中市潭子區,臺中市潭子區,120.7089,24.2141,63,True,豐原,52.0,5.86,Low Risk
山腳社區活動中心,龍山街58號,臺中市龍井區,臺中市龍井區,120.549368,24.214287,30,True,沙鹿,61.0,2.34,Low Risk
東寶國小-綜合教室,雅潭路三段2號,臺中市潭子區,臺中市潭子區,120.67952,24.214805,110,True,臺灣大道,,6.63,Unknown
忠和社區活動中心,海尾路45巷23號,臺中市龍井區,臺中市龍井區,120.524048,24.21486,35,True,沙鹿,61.0,4.69,Low Risk
新田社區活動中心,豐興路二段412號,臺中市潭子區,臺中市潭子區,120.723225,24.214974,150,True,豐原,52.0,5.07,Low Risk
潭秀社區活動中心,雅潭路一段39巷10號,臺中市潭子區,臺中市潭子區,120.703871,24.215286,100,True,豐原,52.0,6.07,Low Risk
潭子國小-圖書室,中山路二段435號,臺中市潭子區,臺中市潭子區,120.705361,24.215893,150,True,豐原,52.0,5.92,Low Risk
龍海國小操場,中央路3段206號,臺中市龍井區,臺中市龍井區,120.526677,24.215956,100,True,沙鹿,61.0,4.4,Low Risk
臺中市立大華國中地下室,雅環路一段2號,臺中市大雅區,臺中市大雅區,120.6496,24.2161,560,True,臺灣大道,,6.4,Unknown
臺中市大雅區西寶社區活動中心,雅潭路3段600號,臺中市大雅區,臺中市大雅區,120.668,24.2161,60,True,臺灣大道,,6.46,Unknown
潭秀國中-體育館,雅潭路一段175號,臺中市潭子區,臺中市潭子區,120.699522,24.216172,220,True,豐原,52.0,6.29,Low Risk
臺中市北勢國小禮堂,沙鹿區六路里南陽路376號,臺中市沙鹿區,臺中市沙鹿區,120.571552,24.216935,124,True,沙鹿,61.0,1.01,Low Risk
南勢社區活動中心,南勢里南陽路458號,臺中市沙鹿區,臺中市沙鹿區,120.567801,24.217386,50,True,沙鹿,61.0,0.92,Low Risk
南陽國小,豐原區中陽里南陽路440號,臺中市豐原區,臺中市沙鹿區,120.5677,24.2187,300,True,沙鹿,61.0,0.78,Low Risk
臺中市東勢區上城社區活動中心,上城街170巷16號,臺中市東勢區,臺中市東勢區,120.84,24.2188,46,True,豐原,52.0,10.76,Low Risk
馬力埔社區活動中心,中和街一段8號,臺中市新社區,臺中市新社區,120.792343,24.218895,50,True,豐原,52.0,6.59,Low Risk
臺中市大雅區文雅國小地下室,中山北路235號,臺中市大雅區,臺中市大雅區,120.6461,24.2195,1700,True,臺灣大道,,6.82,Unknown
臺中市大雅區三和國小體育館,春亭二街一號,臺中市大雅區,臺中市大雅區,120.6667,24.2199,1464,True,臺灣大道,,6.86,Unknown
臺中市東勢區下城社區活動中心,城興街136號,臺中市東勢區,臺中市東勢區,120.836657,24.219995,50,True,豐原,52.0,10.39,Low Risk
臺中市大雅區陽明國小1樓教室,秀山路365號,臺中市大雅區,臺中市大雅區,120.632,24.2213,944,True,沙鹿,61.0,6.43,Low Risk
臺中市東勢區新成國小禮堂,東關路367巷40號,臺中市東勢區,臺中市東勢區,120.8394,24.2213,800,True,豐原,52.0,10.59,Low Risk
六路社區活動中心,六路里北勢東路267號,臺中市沙鹿區,臺中市沙鹿區,120.578484,24.221573,126,True,沙鹿,61.0,1.08,Low Risk
臺中市大雅區大雅國小體育館,學府路230號,臺中市大雅區,臺中市大雅區,120.6503,24.2222,950,True,臺灣大道,,7.07,Unknown
晉江社區活動中心,晉江里晉武路35巷33號,臺中市沙鹿區,臺中市沙鹿區,120.580577,24.222652,86,True,沙鹿,61.0,1.24,Low Risk
臺中市立大雅國中體育館,學府路280號,臺中市大雅區,臺中市大雅區,120.6504,24.2241,820,True,臺灣大道,,7.28,Unknown
福興社區活動中心,福興里鎮南路二段299巷36號,臺中市沙鹿區,臺中市沙鹿區,120.567398,24.224608,95,True,沙鹿,61.0,0.18,Low Risk
北勢社區活動中心,北勢里東晉路東明巷75號,臺中市沙鹿區,臺中市沙鹿區,120.571125,24.224819,76,True,沙鹿,61.0,0.25,Low Risk
臺中市北勢國中禮堂,沙鹿區北勢里英才路150號,臺中市沙鹿區,臺中市沙鹿區,120.569209,24.225175,259,True,沙鹿,61.0,0.07,Low Risk
北勢國民中學操場,英才路150號,臺中市沙鹿區,臺中市沙鹿區,120.569209,24.225175,451,True,沙鹿,61.0,0.07,Low Risk
停四雅楓停車場,神林南路146巷7號,臺中市大雅區,臺中市大雅區,120.656843,24.225474,190,True,臺灣大道,,7.4,Unknown
斗抵社區活動中心,斗抵里斗潭路197號,臺中市沙鹿區,臺中市沙鹿區,120.554569,24.22585,157,True,沙鹿,61.0,1.44,Low Risk
鎌村里活動中心,豐原區鎌村里鎌村路465巷58號2樓,臺中市豐原區,臺中市豐原區,120.7299,24.2262,100,True,豐原,52.0,3.66,Low Risk
大南國小（多功能教室）,興中街47號,臺中市新社區,臺中市新社區,120.804693,24.226742,150,True,豐原,52.0,7.14,Low Risk
臺中市大雅區上雅社區活動中心,雅環路二段171巷19號,臺中市大雅區,臺中市大雅區,120.6509,24.2281,50,True,臺灣大道,,7.72,Unknown
臺中市新社區公所,新社區復盛里興社街2段28-1號,臺中市新社區,臺中市新社區,120.8122,24.2282,50,True,豐原,52.0,7.76,Low Risk
臺中市大雅區公所,雅環路二段301號,臺中市大雅區,臺中市大雅區,120.6478,24.2289,120,True,臺灣大道,,7.84,Unknown
臺中市大雅區秀山社區活動中心,平和一路18之1號,臺中市大雅區,臺中市大雅區,120.6334,24.229,40,True,沙鹿,61.0,6.56,Low Risk
栗林社區活動中心,祥和路128號,臺中市潭子區,臺中市潭子區,120.712113,24.229634,100,True,豐原,52.0,4.33,Low Risk
永寧國小操場,中央路一段 160 號,臺中市梧棲區,臺中市梧棲區,120.53,24.23,200,True,沙鹿,61.0,3.96,Low Risk
國立中科實驗高級中學,平和路227號,臺中市大雅區,臺中市大雅區,120.625985,24.230138,267,True,沙鹿,61.0,5.82,Low Risk
中興嶺停車場,中興嶺99號,臺中市新社區,臺中市新社區,120.809642,24.231226,300,True,豐原,52.0,7.38,Low Risk
復盛公園戶外臨時避難收容場所,興社街2段26號,臺中市新社區,臺中市新社區,120.809642,24.231226,300,False,豐原,52.0,7.38,Warning
臺中市大雅區汝鎏國小1~3樓教室,平和路238號,臺中市大雅區,臺中市大雅區,120.6265,24.2314,1924,True,沙鹿,61.0,5.89,Low Risk
新社區老人文康活動中心,興社街二段26號,臺中市新社區,臺中市新社區,120.80745,24.232095,50,True,豐原,52.0,7.14,Low Risk
東陽里活動中心,豐原區東陽里東陽路306號,臺中市豐原區,臺中市豐原區,120.7476,24.2329,50,True,豐原,52.0,2.73,Low Risk
興安社區活動中心,鎮南路二段500號,臺中市沙鹿區,臺中市沙鹿區,120.562858,24.23327,37,True,沙鹿,61.0,1.04,Low Risk
興仁社區活動中心,鎮南路二段500號,臺中市沙鹿區,臺中市沙鹿區,120.562858,24.23327,38,True,沙鹿,61.0,1.04,Low Risk
臺中市大雅區大楓社區活動中心,雅楓街106號,臺中市大雅區,臺中市大雅區,120.667,24.2346,50,True,豐原,52.0,8.05,Low Risk
臺中市大雅區上楓社區活動中心二,雅楓街108號,臺中市大雅區,臺中市大雅區,120.6668,24.2347,50,True,豐原,52.0,8.07,Low Risk
鎮立公園,鎮政路16號對面,臺中市沙鹿區,臺中市沙鹿區,120.566413,24.234753,95,False,沙鹿,61.0,1.04,Warning
沙鹿國民中學操場,中正街1號,臺中市沙鹿區,臺中市沙鹿區,120.563351,24.235208,363,True,沙鹿,61.0,1.2,Low Risk
臺中市沙鹿國中禮堂,沙鹿區美仁里中正街1號,臺中市沙鹿區,臺中市沙鹿區,120.563351,24.235208,553,True,沙鹿,61.0,1.2,Low Risk
臺中市原住民綜合服務中心,仁愛路69號,臺中市大雅區,臺中市大雅區,120.622359,24.235343,72,True,沙鹿,61.0,5.54,Low Risk
美仁社區活動中心,美仁里中正街3號,臺中市沙鹿區,臺中市沙鹿區,120.561571,24.235802,44,True,沙鹿,61.0,1.35,Low Risk
居仁社區活動中心,居仁里新生街8號,臺中市沙鹿區,臺中市沙鹿區,120.561571,24.235802,74,True,沙鹿,61.0,1.35,Low Risk
臺中市沙鹿國小禮堂,沙鹿區美仁里中正街3號,臺中市沙鹿區,臺中市沙鹿區,120.561571,24.235802,315,True,沙鹿,61.0,1.35,Low Risk
臺中市大雅區上楓國小庠序樓地下室,楓林街232號,臺中市大雅區,臺中市大雅區,120.667,24.2361,1216,True,豐原,52.0,8.0,Low Risk
豐田國小,豐原區豐田里田心路2段290號,臺中市豐原區,臺中市豐原區,120.722,24.237,500,True,豐原,52.0,3.05,Low Risk
文昌街、日新街口停車場,中正街1號,臺中市沙鹿區,臺中市沙鹿區,120.561849,24.237054,709,True,沙鹿,61.0,1.45,Low Risk
臺中市東勢區石角國小教室,東坑路西盛巷22號,臺中市東勢區,臺中市東勢區,120.8503,24.2379,400,True,豐原,52.0,11.13,Low Risk
臺中市大雅區六寶國小1~3樓教室,光復路15-2號,臺中市大雅區,臺中市大雅區,120.6355,24.2381,900,True,沙鹿,61.0,6.9,Low Risk
豐田里活動中心舊,豐原區豐田里田心路二段272巷1號,臺中市豐原區,臺中市豐原區,120.7218,24.2381,50,True,豐原,52.0,2.97,Low Risk
臺中市竹林國小禮堂,臺灣大道七段821號,臺中市沙鹿區,臺中市沙鹿區,120.567875,24.238543,73,True,沙鹿,61.0,1.44,Low Risk
竹林國民小學操場,臺灣大道七段821號,臺中市沙鹿區,臺中市沙鹿區,120.567875,24.238543,859,True,沙鹿,61.0,1.44,Low Risk
三角社區活動中心,神岡區三角里三社路195號,臺中市神岡區,臺中市神岡區,120.6895,24.2386,45,True,豐原,52.0,5.75,Low Risk
豐南國中,豐原區田心里豐南街151號,臺中市豐原區,臺中市豐原區,120.7169,24.2394,1000,True,豐原,52.0,3.25,Low Risk
豐田活動中心新,豐原區豐田里永康路346巷33號,臺中市豐原區,臺中市豐原區,120.7213,24.2402,50,True,豐原,52.0,2.85,Low Risk
崑山國小,崑崙巷5-2號,臺中市新社區,臺中市新社區,120.787761,24.241082,100,True,豐原,52.0,4.92,Low Risk
南陽里活動中心,豐原區南陽里永康路181巷6號,臺中市豐原區,臺中市豐原區,120.7261,24.2412,100,True,豐原,52.0,2.42,Low Risk
清泉社區活動中心,清泉里東海路2-11號,臺中市沙鹿區,臺中市沙鹿區,120.61464,24.241539,88,True,沙鹿,61.0,4.97,Low Risk
梧棲國中活動中心,民生街12號,臺中市梧棲區,臺中市梧棲區,120.5492,24.2418,300,True,沙鹿,61.0,2.68,Low Risk
豐原區公所,豐原區田心里市政路2號,臺中市豐原區,臺中市豐原區,120.7182,24.2419,200,True,豐原,52.0,2.98,Low Risk
梧南國小3樓視聽教室,梧棲區草湳里梧南路 50 號,臺中市梧棲區,臺中市梧棲區,120.5238,24.2421,100,True,沙鹿,61.0,4.92,Low Risk
東勢高工學生活動中心,東關路六段1328號,臺中市東勢區,臺中市東勢區,120.8338,24.2422,2200,True,豐原,52.0,9.4,Low Risk
新社國小（活動中心）,興社街四段一巷2號,臺中市新社區,臺中市新社區,120.808355,24.242245,150,True,豐原,52.0,6.87,Low Risk
田心里活動中心,豐原區田心里市政路1號,臺中市豐原區,臺中市豐原區,120.7186,24.2424,50,True,豐原,52.0,2.92,Low Risk
草湳里活動中心,自強二街61號,臺中市梧棲區,臺中市梧棲區,120.5225,24.2429,120,True,沙鹿,61.0,5.07,Low Risk
大德國小風雨操場,文昌路343號,臺中市梧棲區,臺中市梧棲區,120.5423,24.2431,300,True,沙鹿,61.0,3.32,Low Risk
鹿寮社區活動中心,鹿寮里賢義街162號,臺中市沙鹿區,臺中市沙鹿區,120.566755,24.243106,77,True,沙鹿,61.0,1.95,Low Risk
臺中市公明國小禮堂,沙鹿區公明里忠貞路213號,臺中市沙鹿區,臺中市沙鹿區,120.609713,24.243158,75,True,沙鹿,61.0,4.58,Low Risk
公明國民小學操場,忠貞路213號,臺中市沙鹿區,臺中市沙鹿區,120.609713,24.243158,1744,True,沙鹿,61.0,4.58,Low Risk
臺中市東勢區新盛國小教室,新盛街342號,臺中市東勢區,臺中市東勢區,120.8307,24.2434,1200,True,豐原,52.0,9.07,Low Risk
鹿鳴公園,沙鹿區鹿寮里光華路378巷1號,臺中市沙鹿區,臺中市沙鹿區,120.56675,24.243804,20,False,沙鹿,61.0,2.03,Warning
臺中市鹿寮國中禮堂,沙鹿區鹿寮里光華路385號,臺中市沙鹿區,臺中市沙鹿區,120.56675,24.243804,151,True,沙鹿,61.0,2.03,Low Risk
鹿寮國民中學操場,光華路385號,臺中市沙鹿區,臺中市沙鹿區,120.56675,24.243804,826,True,沙鹿,61.0,2.03,Low Risk
臺中港區綜合體育館,梧棲區大村里文昌路350號,臺中市梧棲區,臺中市梧棲區,120.5435,24.2444,400,True,沙鹿,61.0,3.31,Low Risk
中港高中地下一樓會議教室,梧棲區大村里文昌路400號,臺中市梧棲區,臺中市梧棲區,120.5422,24.2448,300,True,沙鹿,61.0,3.44,Low Risk
公明社區活動中心,公明里中清路信義巷6-17號,臺中市沙鹿區,臺中市沙鹿區,120.607933,24.245645,90,True,沙鹿,61.0,4.55,Low Risk
社口國小樂群樓,社南街136號,臺中市神岡區,臺中市神岡區,120.6847,24.2457,955,True,豐原,52.0,6.0,Low Risk
豐原高商,豐原區西勢里圓環南路五十號,臺中市豐原區,臺中市豐原區,120.7129,24.246,860,True,豐原,52.0,3.24,Low Risk
大庄社區活動中心,梧棲區大庄里文華街168巷1號,臺中市梧棲區,臺中市梧棲區,120.5426,24.2463,100,True,沙鹿,61.0,3.51,Low Risk
公明國民中學教室,中清路6段567號,臺中市沙鹿區,臺中市沙鹿區,120.607534,24.246551,110,True,沙鹿,61.0,4.57,Low Risk
臺中市公明國中禮堂,中清路6段567號,臺中市沙鹿區,臺中市沙鹿區,120.607534,24.246551,111,True,沙鹿,61.0,4.57,Low Risk
臺中市公明國中操場,中清路6段567號,臺中市沙鹿區,臺中市沙鹿區,120.607534,24.246551,588,True,沙鹿,61.0,4.57,Low Risk
北陽里活動中心,豐原區北陽里豐東路118巷18號,臺中市豐原區,臺中市豐原區,120.7304,24.2473,50,True,豐原,52.0,1.64,Low Risk
豐東國中,豐原區北陽里豐東路七十五號,臺中市豐原區,臺中市豐原區,120.729,24.2474,700,True,豐原,52.0,1.74,Low Risk
福陽國小,豐原區北陽里南陽路綠山巷83號,臺中市豐原區,臺中市豐原區,120.7234,24.2481,100,True,豐原,52.0,2.18,Low Risk
瑞穗國小,豐原區西安里西安街七十二號,臺中市豐原區,臺中市豐原區,120.7117,24.2493,1000,True,豐原,52.0,3.24,Low Risk
陸軍第五地區支援指揮部豐原甲型聯,豐原區中正路683號,臺中市豐原區,臺中市豐原區,120.7055,24.2497,115,True,豐原,52.0,3.84,Low Risk
西安里活動中心,豐原區西安里西安街72-2號,臺中市豐原區,臺中市豐原區,120.7134,24.2497,100,True,豐原,52.0,3.06,Low Risk
岸裡國小學生活動中心,神岡區岸裡里中山路 52 號,臺中市神岡區,臺中市神岡區,120.6975,24.2498,188,True,豐原,52.0,4.63,Low Risk
臺中市立東勢國中教室,東崎路5段415號,臺中市東勢區,臺中市東勢區,120.8324,24.2503,800,True,豐原,52.0,9.14,Low Risk
中正國小活動中心,梧棲區福德里中央路二段15號,臺中市梧棲區,臺中市梧棲區,120.5387,24.2504,250,True,沙鹿,61.0,4.11,Low Risk
臺中市東勢區泰安宮,東勢區廣興里中新街157號,臺中市東勢區,臺中市東勢區,120.8313,24.2517,20,True,豐原,52.0,9.02,Low Risk
南嵩里活動中心,豐原區南嵩里水源路9巷133號,臺中市豐原區,臺中市豐原區,120.7426,24.2519,50,True,豐原,52.0,0.57,Low Risk
中陽里活動中心,豐原區中陽里惠陽街116號,臺中市豐原區,臺中市豐原區,120.725,24.2521,100,True,豐原,52.0,1.86,Low Risk
富春國小,豐原區豐西里中山路455號,臺中市豐原區,臺中市豐原區,120.7133,24.2524,1000,True,豐原,52.0,3.01,Low Risk
中港國小視聽教室,梧棲區大村里文明街100號,臺中市梧棲區,臺中市梧棲區,120.5328,24.2525,100,True,沙鹿,61.0,4.72,Low Risk
臺中市立中山國小教室,中泰街88號,臺中市東勢區,臺中市東勢區,120.8351,24.253,500,True,豐原,52.0,9.4,Low Risk
豐圳里活動中心新,成功路520號,臺中市豐原區,臺中市豐原區,120.7085,24.2537,100,True,豐原,52.0,3.47,Low Risk
情人公園,雲集街,臺中市梧棲區,臺中市梧棲區,120.5326,24.2545,100,False,沙鹿,61.0,4.88,Warning
庄前里活動中心,神岡區庄前里神林路35號,臺中市神岡區,臺中市神岡區,120.6605,24.2545,41,True,豐原,52.0,8.32,Low Risk
臺中市東勢區延平社區活動中心,本街40號,臺中市東勢區,臺中市東勢區,120.8285,24.255,50,True,豐原,52.0,8.72,Low Risk
五里聯合活動中心,豐原區豐榮里新生北路155號,臺中市豐原區,臺中市豐原區,120.7202,24.2551,200,True,豐原,52.0,2.27,Low Risk
梧棲區公所四樓禮堂,中和街66號,臺中市梧棲區,臺中市梧棲區,120.5317,24.2552,80,True,沙鹿,61.0,5.0,Low Risk
豐村國小,豐原區南村里水源路三四一號,臺中市豐原區,臺中市豐原區,120.7367,24.2553,300,True,豐原,52.0,0.62,Low Risk
豐原國小,豐原區豐榮里新生北路一五五號,臺中市豐原區,臺中市豐原區,120.7211,24.2554,330,True,豐原,52.0,2.18,Low Risk
臺中市鹿峰國小禮堂,沙鹿區鹿峰里星河路209號,臺中市沙鹿區,臺中市沙鹿區,120.570016,24.255608,363,True,沙鹿,61.0,3.34,Low Risk
鹿峰國民小學操場,星河路209號,臺中市沙鹿區,臺中市沙鹿區,120.570016,24.255608,810,True,沙鹿,61.0,3.34,Low Risk
東勢區鯉魚伯公公園,中正路東勢幼兒園旁,臺中市東勢區,臺中市東勢區,120.825098,24.256186,1700,False,豐原,52.0,8.37,Warning
南村里活動中心,豐原區南村里圓環東路918號,臺中市豐原區,臺中市豐原區,120.7299,24.2566,100,True,豐原,52.0,1.28,Low Risk
大甲溪河濱公園,臺八線起點暨大甲溪旁,臺中市東勢區,臺中市東勢區,120.824255,24.256973,34000,False,豐原,52.0,8.29,Warning
龍興活動中心,石岡區龍興里萬仙街3號,臺中市石岡區,臺中市石岡區,120.7898,24.257,60,True,豐原,52.0,4.79,Low Risk
北庄社區活動中心,神岡區北庄里中山路1244號,臺中市神岡區,臺中市神岡區,120.6683,24.2574,48,True,豐原,52.0,7.52,Low Risk
翁明里活動中心,豐原區翁明里東仁街125號,臺中市豐原區,臺中市豐原區,120.7259,24.2576,100,True,豐原,52.0,1.69,Low Risk
東勢客家文化園區,中山路1號,臺中市東勢區,臺中市東勢區,120.831861,24.25762,1300,True,豐原,52.0,9.06,Low Risk
圳寮里活動中心,豐原區圳寮里圓環北路一段125號,臺中市豐原區,臺中市豐原區,120.7186,24.2577,100,True,豐原,52.0,2.43,Low Risk
神岡區公所,神岡區神岡里神岡路30號,臺中市神岡區,臺中市神岡區,120.6614,24.2579,204,True,豐原,52.0,8.22,Low Risk
梧棲綜合活動中心,梧棲區中正里臨港路三段246號,臺中市梧棲區,臺中市梧棲區,120.5289,24.258,250,True,沙鹿,61.0,5.41,Low Risk
臺中市東勢區中科國小,東崎路4段92巷16號,臺中市東勢區,臺中市東勢區,120.851671,24.258108,700,True,豐原,52.0,11.07,Low Risk
大湳里活動中心,豐原區大湳里圓環北路1段151號,臺中市豐原區,臺中市豐原區,120.7193,24.2582,50,True,豐原,52.0,2.36,Low Risk
臺中市東勢區東勢國小禮堂,第五橫街1號,臺中市東勢區,臺中市東勢區,120.8296,24.2586,2100,True,豐原,52.0,8.83,Low Risk
南簡公園,梧棲區南簡里大仁路一段375巷,臺中市梧棲區,臺中市梧棲區,120.544147,24.258654,500,False,沙鹿,61.0,4.44,Warning
神岡國小中正體育館,神岡區神岡村神圳路 1 號,臺中市神岡區,臺中市神岡區,120.6611,24.2589,163,True,豐原,52.0,8.26,Low Risk
南田里活動中心,豐原區南田里水源路192巷80號旁,臺中市豐原區,臺中市豐原區,120.7419,24.2591,50,True,豐原,52.0,0.24,Low Risk
石岡托兒所和盛分所,石岡區和盛里和盛街9號2樓,臺中市石岡區,臺中市石岡區,120.8154,24.2591,60,True,豐原,52.0,7.39,Low Risk
三村里活動中心,豐原區三村里豐原大道一段609號,臺中市豐原區,臺中市神岡區,120.7093,24.2598,50,True,豐原,52.0,3.38,Low Risk
東新國小教室,東蘭路1之1號,臺中市東勢區,臺中市東勢區,120.8274,24.2604,300,True,豐原,52.0,8.61,Low Risk
公館國民小學操場,中航路2段1號,臺中市沙鹿區,臺中市沙鹿區,120.59561,24.260474,470,True,沙鹿,61.0,4.73,Low Risk
頂寮社區活動中心,頂寮里八德東路100號,臺中市梧棲區,臺中市梧棲區,120.5326,24.2605,150,True,沙鹿,61.0,5.34,Low Risk
北湳里活動中心,豐原區北湳里三環路72號,臺中市豐原區,臺中市豐原區,120.7216,24.2608,50,True,豐原,52.0,2.16,Low Risk
葫蘆墩國小,豐原區西湳里葫蘆墩一街250號,臺中市豐原區,臺中市豐原區,120.7143,24.2611,500,True,豐原,52.0,2.9,Low Risk
豐陽國中,豐原區南田里朝陽路33號,臺中市豐原區,臺中市豐原區,120.745,24.262,200,True,豐原,52.0,0.61,Low Risk
豐洲國小教室,神岡區豐洲里豐洲路482號,臺中市神岡區,臺中市神岡區,120.704,24.2623,168,True,豐原,52.0,3.95,Low Risk
社會福利館,石岡區德興里豐勢路 134 號,臺中市石岡區,臺中市石岡區,120.8134,24.2627,150,True,豐原,52.0,7.21,Low Risk
翁子里活動中心,豐原區翁子里豐勢路二段290巷12號,臺中市豐原區,臺中市豐原區,120.7425,24.2629,100,True,豐原,52.0,0.66,Low Risk
東新國中教室,東環街123號,臺中市東勢區,臺中市東勢區,120.8295,24.2634,1300,True,豐原,52.0,8.85,Low Risk
?榔國小禮堂,中央路23-12號,臺中市清水區,臺中市清水區,120.5451,24.2639,70,True,沙鹿,61.0,4.89,Low Risk
清水國小活動中心,光華路125號,臺中市清水區,臺中市清水區,120.5732,24.2668,250,True,沙鹿,61.0,4.6,Low Risk
清水區公所,鎮政路101號,臺中市清水區,臺中市清水區,120.5596,24.2683,250,True,沙鹿,61.0,4.84,Low Risk
清水國中學生活動中心---培德樓,鰲峰路250號,臺中市清水區,臺中市清水區,120.563,24.2683,500,True,沙鹿,61.0,4.78,Low Risk
西湳里活動中心,豐原區西湳里三豐路799巷133弄8號,臺中市豐原區,臺中市豐原區,120.7177,24.2685,100,True,豐原,52.0,2.82,Low Risk
三叉坑社區活動中心,和平區自由里東崎路二段三叉巷8-31號,臺中市和平區,臺中市和平區,120.8913,24.2686,130,True,豐原,52.0,15.14,Low Risk
清水區老人文康活動中心1樓,清水街2號,臺中市清水區,臺中市清水區,120.5783,24.269,50,True,沙鹿,61.0,4.92,Low Risk
鰲峰社區活動中心,大街路138-5號,臺中市清水區,臺中市清水區,120.5791,24.2693,40,True,沙鹿,61.0,4.97,Low Risk
吳厝國小地下室1 樓,吳厝路35號,臺中市清水區,臺中市清水區,120.6047,24.2696,15,True,沙鹿,61.0,6.1,Low Risk
東湳里活動中心,豐原區東湳里三豐路742巷146弄14號,臺中市豐原區,臺中市豐原區,120.7265,24.2704,100,True,豐原,52.0,2.2,Low Risk
金星活動中心,石岡區金星里石岡街下坑巷153號,臺中市石岡區,臺中市石岡區,120.7735,24.2708,100,True,豐原,52.0,3.5,Low Risk
建國國小教學行政大樓地下室,建國路10號,臺中市清水區,臺中市清水區,120.5629,24.2712,200,True,沙鹿,61.0,5.1,Low Risk
大秀國小--國小禮堂及朝陽樓地下室1樓,武權路336號,臺中市清水區,臺中市清水區,120.5729,24.2718,170,True,沙鹿,61.0,5.15,Low Risk
清水紫雲巖文化大樓,光明路35號,臺中市清水區,臺中市清水區,120.5789,24.2722,300,True,沙鹿,61.0,5.28,Low Risk
圳堵國小學生活動中心,神岡區圳堵里三民路639號,臺中市神岡區,臺中市神岡區,120.6587,24.2725,209,True,豐原,52.0,8.67,Low Risk
梅子活動中心,石岡區梅子里梅子巷65之12號,臺中市石岡區,臺中市石岡區,120.7996,24.2733,60,True,豐原,52.0,6.06,Low Risk
朴子里活動中心,豐原區朴子里豐勢路二段535巷119號,臺中市豐原區,臺中市豐原區,120.7484,24.2736,50,True,豐原,52.0,1.94,Low Risk
石岡區公所,石岡區九房里豐勢路1033號,臺中市石岡區,臺中市石岡區,120.7803,24.2748,60,True,豐原,52.0,4.31,Low Risk
萬興活動中心,石岡區萬興里萬墩街105號,臺中市石岡區,臺中市石岡區,120.791,24.2753,60,True,豐原,52.0,5.32,Low Risk
HHH,豐勢路1033號,臺中市石岡區,臺中市石岡區,120.7803,24.2758,50,True,豐原,52.0,4.36,Low Risk
西寧國小活動中心,五權東路50號,臺中市清水區,臺中市清水區,120.5754,24.276,600,True,沙鹿,61.0,5.64,Low Risk
萬安活動中心,石岡區萬安里石岡街6號3樓,臺中市石岡區,臺中市石岡區,120.7776,24.276,20,True,豐原,52.0,4.14,Low Risk
石岡國小籃球場,石岡區石岡里石岡街123號,臺中市石岡區,臺中市石岡區,120.7733,24.2761,100,True,豐原,52.0,3.77,Low Risk
東山國小教學大樓地下室,神清路6-1號,臺中市清水區,臺中市清水區,120.6344,24.2763,70,True,沙鹿,61.0,8.72,Low Risk
清海國中--弘德樓地下室,中央路51-60號,臺中市清水區,臺中市清水區,120.5537,24.2764,250,True,沙鹿,61.0,5.85,Low Risk
石城國小教室,石城街182巷26號,臺中市東勢區,臺中市東勢區,120.7925,24.286,900,True,豐原,52.0,6.01,Low Risk
"三田國小禮堂1,2樓",三田路4號,臺中市清水區,臺中市清水區,120.5811,24.2899,400,True,沙鹿,61.0,7.25,Low Risk
雙崎社區活動中心,和平區自由里東崎路二段71-5號,臺中市和平區,臺中市和平區,120.9085,24.2907,110,True,豐原,52.0,17.24,Low Risk
大楊國小A棟地下室,鰲海路325號,臺中市清水區,臺中市清水區,120.6101,24.2923,50,True,沙鹿,61.0,8.51,Low Risk
舊社社區活動中心,舊社路93號,臺中市后里區,臺中市后里區,120.7014,24.2949,200,True,豐原,52.0,5.93,Low Risk
后里七星崗營區,寺山路121號,臺中市后里區,臺中市后里區,120.7355,24.2957,1673,True,豐原,52.0,4.36,Low Risk
墩南社區活動中心,南村路303巷1-8號,臺中市后里區,臺中市后里區,120.7149,24.2964,120,True,豐原,52.0,5.2,Low Risk
七星國小,南村路389號,臺中市后里區,臺中市后里區,120.7163,24.2966,693,True,豐原,52.0,5.14,Low Risk
后里南營區,馬場路292號,臺中市后里區,臺中市后里區,120.7279,24.2985,1244,True,豐原,52.0,4.85,Low Risk
上新社區籃槌球場,"水廠段912,913,916,917,919,920地號",苗栗縣卓蘭鎮,苗栗縣卓蘭鎮,120.8345,24.2991,100,False,豐原,52.0,10.43,Warning
內灣國小操場,內灣里120號,苗栗縣卓蘭鎮,苗栗縣卓蘭鎮,120.8495,24.2991,200,True,豐原,52.0,11.81,Low Risk
上新老人文康中心,3鄰41-2號,苗栗縣卓蘭鎮,苗栗縣卓蘭鎮,120.83172,24.302705,100,True,豐原,52.0,10.37,Low Risk
甲南國小北棟地下室1樓,臨海路26號,臺中市清水區,臺中市清水區,120.5958,24.3046,50,True,沙鹿,61.0,9.2,Low Risk
清泉國中活動中心,臨海路27-2號,臺中市清水區,臺中市清水區,120.5918,24.306,150,True,沙鹿,61.0,9.24,Low Risk
后綜高中,三豐路80號,臺中市后里區,臺中市后里區,120.7226,24.3062,2083,True,豐原,52.0,5.83,Low Risk
臺中市立后里幼兒園,三光路95號,臺中市后里區,臺中市后里區,120.7112,24.3067,50,True,豐原,52.0,6.37,Low Risk
后里國中,中眉路169號,臺中市后里區,臺中市后里區,120.695,24.3071,869,True,豐原,52.0,7.36,Low Risk
墩東社區活動中心,平安路130號,臺中市后里區,臺中市后里區,120.7155,24.3071,150,True,豐原,52.0,6.21,Low Risk
內埔國小,文化路30號,臺中市后里區,臺中市后里區,120.7145,24.3075,726,True,豐原,52.0,6.29,Low Risk
墩北社區活動中心,三光路139號,臺中市后里區,臺中市后里區,120.7119,24.308,120,True,豐原,52.0,6.47,Low Risk
后里社區活動中心,甲后路1段501巷48號,臺中市后里區,臺中市后里區,120.7206,24.3082,80,True,豐原,52.0,6.11,Low Risk
和平活動中心,三鄰108號,花蓮縣秀林鄉,花蓮縣秀林鄉,121.7483,24.3083,100,True,冬山,46.0,36.3,Low Risk
義里社區活動中心,梅里路11-3號,臺中市后里區,臺中市后里區,120.7314,24.3084,70,True,豐原,52.0,5.83,Low Risk
后里區立活動中心,文化路32號,臺中市后里區,臺中市后里區,120.7142,24.3089,200,True,豐原,52.0,6.45,Low Risk
明正國小教室,東蘭路永盛巷57-1號,臺中市東勢區,臺中市東勢區,120.7904,24.3094,380,True,豐原,52.0,7.58,Low Risk
后里國小,甲后路110號,臺中市后里區,臺中市后里區,120.7294,24.31,620,True,豐原,52.0,6.04,Low Risk
育英國小,四月路23號,臺中市后里區,臺中市后里區,120.6794,24.3113,250,True,豐原,52.0,8.8,Low Risk
卓蘭國小活動中心,中山路125號,苗栗縣卓蘭鎮,苗栗縣卓蘭鎮,120.8248,24.3122,200,True,三義,35.0,10.23,Low Risk
卓蘭國小操場,中山路125號,苗栗縣卓蘭鎮,苗栗縣卓蘭鎮,120.8248,24.3122,500,True,三義,35.0,10.23,Low Risk
高美國小教學行政大樓地下室1樓,護岸路37號,臺中市清水區,臺中市清水區,120.5622,24.3123,300,True,沙鹿,61.0,9.66,Low Risk
臺中市立后里幼兒園-太平聯合分所,四月路23之6號,臺中市后里區,臺中市后里區,120.6776,24.3131,50,True,豐原,52.0,9.07,Low Risk
厚里社區活動中心,九甲路一路259號,臺中市后里區,臺中市后里區,120.7157,24.3135,150,True,豐原,52.0,6.85,Low Risk
月眉國小,甲后路940號,臺中市后里區,臺中市后里區,120.6909,24.3153,818,True,豐原,52.0,8.33,Low Risk
泰安社區活動中心,福興路67-1號,臺中市后里區,臺中市后里區,120.7435,24.3218,100,True,三義,35.0,6.94,Low Risk
泰安國小,安眉路5號,臺中市后里區,臺中市后里區,120.7505,24.3253,579,True,三義,35.0,6.42,Low Risk
水美國小勤學樓,水美路二崁路63號,臺中市外埔區,臺中市外埔區,120.6339,24.328,200,True,沙鹿,61.0,13.16,Low Risk
南澳高中,蘇花路二段301號,宜蘭縣南澳鄉,宜蘭縣南澳鄉,121.7451,24.3322,245,True,冬山,46.0,33.71,Low Risk
豐原國中,豐原區西湳里三豐路467號,臺中市豐原區,臺中市后里區,120.7298,24.3323,100,True,三義,35.0,6.34,Low Risk
外埔老人文康活動中心,甲后路499號,臺中市外埔區,臺中市外埔區,120.651,24.3324,500,True,三義,35.0,12.33,Low Risk
農民研習中心大型收容所,六分路499,臺中市外埔區,臺中市外埔區,120.6512,24.3327,100,True,三義,35.0,12.29,Low Risk
公館社區活動中心,三豐路5段352巷163號,臺中市后里區,臺中市后里區,120.7329,24.3329,150,True,三義,35.0,6.14,Low Risk
金洋國小,南澳鄉金洋村11號,宜蘭縣南澳鄉,宜蘭縣南澳鄉,121.7458,24.3332,28,True,冬山,46.0,33.59,Low Risk
澳花和平基督長老教會,南澳鄉澳花村和平路48號,宜蘭縣南澳鄉,宜蘭縣南澳鄉,121.745835,24.333451,20,True,冬山,46.0,33.56,Low Risk
水美社區活動中心,水美路129號,臺中市外埔區,臺中市外埔區,120.6315,24.3337,100,True,沙鹿,61.0,13.59,Low Risk
坪林社區活動中心,2鄰8之1號,苗栗縣卓蘭鎮,苗栗縣卓蘭鎮,120.8761,24.3358,100,True,三義,35.0,12.9,Low Risk
景山國小操場,5鄰88號,苗栗縣卓蘭鎮,苗栗縣卓蘭鎮,120.8763,24.3358,100,True,三義,35.0,12.91,Low Risk
文武國小體育教室,大甲區武陵里文曲路61號,臺中市大甲區,臺中市大甲區,120.6006,24.3364,118,True,沙鹿,61.0,12.73,Low Risk
桃山社區活動中心,東崎路1段桃山巷39之7號,臺中市和平區,臺中市和平區,120.9357,24.34,60,True,三義,35.0,18.46,Low Risk
豐原高中,豐原區南田里水源路150號,臺中市豐原區,臺中市大甲區,120.6253,24.3401,210,True,沙鹿,61.0,13.96,Low Risk
大甲區長青活動中心,大甲區中山里水源路167號,臺中市大甲區,臺中市大甲區,120.6269,24.3409,525,True,沙鹿,61.0,14.11,Low Risk
雙連國小操場,雙連16-1號,苗栗縣卓蘭鎮,苗栗縣卓蘭鎮,120.8419,24.3449,100,True,三義,35.0,9.33,Low Risk
大安國小體育館,大安區中庄里中山南路296號,臺中市大安區,臺中市大安區,120.5882,24.3451,5119,True,沙鹿,61.0,13.43,Low Risk
老人文康活動中心,興安路376號,臺中市大安區,臺中市大安區,120.5895,24.3459,50,True,沙鹿,61.0,13.54,Low Risk
大安區公所禮堂,大安區中庄里中山南路356號,臺中市大安區,臺中市大安區,120.5866,24.3462,60,True,沙鹿,61.0,13.53,Low Risk
梅園村活動中心,6鄰36號,苗栗縣泰安鄉,苗栗縣泰安鄉,120.9304,24.3479,100,True,三義,35.0,17.73,Low Risk
新開國小操場,新開25號,苗栗縣大湖鄉,苗栗縣大湖鄉,120.826351,24.348257,100,True,三義,35.0,7.76,Low Risk
新開國小,4鄰新開25號,苗栗縣大湖鄉,苗栗縣大湖鄉,120.826351,24.348257,100,True,三義,35.0,7.76,Low Risk
文昌國小戶外空地,大甲區孔門里育德路113號,臺中市大甲區,臺中市大甲區,120.6242,24.3483,413,True,三義,35.0,14.23,Low Risk
大甲高工活動中心,大甲區頂店里開元路71號,臺中市大甲區,臺中市大甲區,120.6445,24.3499,496,True,三義,35.0,12.21,Low Risk
大甲國小禮堂,大甲區文武里育德路233號,臺中市大甲區,臺中市大甲區,120.6261,24.3508,240,True,三義,35.0,13.97,Low Risk
豐田國小操場,3鄰36號,苗栗縣卓蘭鎮,苗栗縣卓蘭鎮,120.8577,24.3517,200,True,三義,35.0,10.51,Low Risk
坪林國小操場,7鄰86-2號,苗栗縣卓蘭鎮,苗栗縣卓蘭鎮,120.8653,24.3526,200,True,三義,35.0,11.21,Low Risk
大甲國中活動中心,大甲區文武里育英路186號,臺中市大甲區,臺中市大甲區,120.6223,24.3536,491,True,三義,35.0,14.27,Low Risk
三光國小體育館,大安區龜殼里3鄰中松路297號,臺中市大安區,臺中市大安區,120.6005,24.358,300,True,沙鹿,61.0,15.07,Low Risk
景山社區活動中心,5鄰78號,苗栗縣卓蘭鎮,苗栗縣卓蘭鎮,120.8671,24.3587,50,True,三義,35.0,11.21,Low Risk
士林國小,5鄰26號,苗栗縣泰安鄉,苗栗縣泰安鄉,120.947,24.3605,150,True,三義,35.0,19.14,Low Risk
象鼻村活動中心,1鄰7號,苗栗縣泰安鄉,苗栗縣泰安鄉,120.94702,24.360527,160,True,三義,35.0,19.14,Low Risk
象鼻村活動中心戶外廣場,1鄰7號,苗栗縣泰安鄉,苗栗縣泰安鄉,120.938938,24.362245,100,True,三義,35.0,18.31,Low Risk
大安國中體育館,大安區松雅里大安港路691號,臺中市大安區,臺中市大安區,120.6018,24.3652,1325,True,沙鹿,61.0,15.88,Low Risk
栗林國小操場,5鄰四份61號,苗栗縣大湖鄉,苗栗縣大湖鄉,120.842715,24.373502,100,True,三義,35.0,8.48,Low Risk
栗林社區活動中心,5鄰四份61號之2,苗栗縣大湖鄉,苗栗縣大湖鄉,120.842741,24.373511,100,True,三義,35.0,8.48,Low Risk
武榮社區活動中心,水流東7號,苗栗縣大湖鄉,苗栗縣大湖鄉,120.8646,24.3755,100,True,三義,35.0,10.67,Low Risk
日南國中體育館,大甲區孟春里中山路二段69-11號,臺中市大甲區,臺中市大甲區,120.652,24.3783,539,True,三義,35.0,10.9,Low Risk
海墘國小體育館,大安區海墘里大安港路1100號,臺中市大安區,臺中市大安區,120.589,24.3792,2370,True,沙鹿,61.0,17.2,Low Risk
東興國小操場,下湖37號,苗栗縣大湖鄉,苗栗縣大湖鄉,120.882811,24.380718,100,True,三義,35.0,12.48,Low Risk
東興國小,下湖37號,苗栗縣大湖鄉,苗栗縣大湖鄉,120.882822,24.380728,100,True,三義,35.0,12.48,Low Risk
永安國小體育館,大安區永安里東西四路252號,臺中市大安區,臺中市大安區,120.6063,24.3823,300,True,三義,35.0,15.52,Low Risk
武榮國小操場,義和村淋漓坪77號,苗栗縣大湖鄉,苗栗縣大湖鄉,120.867425,24.382508,100,True,三義,35.0,10.92,Low Risk
日南國小禮堂,大甲區幸福里中山路二段568號,臺中市大甲區,臺中市大甲區,120.6551,24.39,99,True,三義,35.0,10.61,Low Risk
細道邦長老教會,1鄰長橋13號,苗栗縣泰安鄉,苗栗縣泰安鄉,120.9203,24.3938,30,True,三義,35.0,16.33,Low Risk
梅園村活動中心戶外廣場,6鄰36號,苗栗縣泰安鄉,苗栗縣泰安鄉,120.96991,24.395274,100,True,三義,35.0,21.35,Low Risk
南湖國中操場,蔗部坪1號,苗栗縣大湖鄉,苗栗縣大湖鄉,120.867265,24.397403,200,True,三義,35.0,11.03,Low Risk
南湖國中,3鄰蔗篰坪12號,苗栗縣大湖鄉,苗栗縣大湖鄉,120.867265,24.397403,200,True,三義,35.0,11.03,Low Risk
西南門里辦公處,民權路90-6號,金門縣金城鎮,金門縣金城鎮,118.305944,24.40212,50,True,金門,48.0,3.4,Low Risk
金門城社區活動中心,金門城85-1號,金門縣金城鎮,金門縣金城鎮,118.305944,24.40212,50,True,金門,48.0,3.4,Low Risk
華龍國小戶外空地,大甲區日南里工二路1號,臺中市大甲區,臺中市大甲區,120.6482,24.406,2702,True,三義,35.0,11.58,Low Risk
前水頭社區活動中心,前水頭150-1號,金門縣金城鎮,金門縣金城鎮,118.295323,24.412637,50,True,金門,48.0,2.76,Low Risk
和平社區活動中心,和平新村130號,金門縣金城鎮,金門縣金城鎮,118.32855,24.414884,50,True,金門,48.0,2.53,Low Risk
金門縣烈嶼鄉上岐村辦公處,青岐90號,金門縣烈嶼鄉,金門縣烈嶼鄉,118.226,24.4154,30,True,金門,48.0,8.93,Low Risk
金湖鎮料羅里辦公處,料羅16-4號,金門縣金湖鎮,金門縣金湖鎮,118.436256,24.416677,30,True,金門,48.0,12.67,Low Risk
賢庵里辦公處,賢聚25號,金門縣金城鎮,金門縣金城鎮,118.30989,24.417848,30,True,金門,48.0,1.61,Low Risk
大湖農工操場,17鄰竹高屋68號,苗栗縣大湖鄉,苗栗縣大湖鄉,120.861173,24.42,150,False,三義,35.0,11.1,Low Risk
大湖農工,17鄰竹高屋68號,苗栗縣大湖鄉,苗栗縣大湖鄉,120.861173,24.42,150,False,三義,35.0,11.1,Low Risk
西岐國小有晴館,大甲區西岐里順帆路96號,臺中市大甲區,臺中市大甲區,120.629,24.4209,280,True,三義,35.0,13.89,Low Risk
大興村活動中心,1鄰22號,苗栗縣泰安鄉,苗栗縣泰安鄉,120.9109,24.4211,100,True,三義,35.0,15.91,Low Risk
大湖國小操場,中正路育英巷11號,苗栗縣大湖鄉,苗栗縣大湖鄉,120.869809,24.421425,100,True,三義,35.0,11.97,Low Risk
大湖國小,中正路育英巷11號,苗栗縣大湖鄉,苗栗縣大湖鄉,120.869809,24.421425,100,True,三義,35.0,11.97,Low Risk
大南村辦公處,小南勢71-1號,苗栗縣大湖鄉,苗栗縣大湖鄉,120.8984,24.422399,100,True,三義,35.0,14.74,Low Risk
大湖鄉老人文康中心,忠孝路69號,苗栗縣大湖鄉,苗栗縣大湖鄉,120.866884,24.424989,100,True,三義,35.0,11.85,Low Risk
福興里民活動中心,6鄰57-1號,苗栗縣通霄鎮,苗栗縣通霄鎮,120.7277,24.4259,30,True,三義,35.0,5.81,Low Risk
鄉立武塔村幼兒園,南澳鄉武塔村新溪路溫泉巷7號,宜蘭縣南澳鄉,宜蘭縣南澳鄉,121.7493,24.4259,22,True,冬山,46.0,23.36,Low Risk
金湖鎮蓮庵里辦公處,東村43號,金門縣金湖鎮,金門縣金湖鎮,118.445281,24.42601,30,True,金門,48.0,13.48,Low Risk
大湖國中操場,民族路80號,苗栗縣大湖鄉,苗栗縣大湖鄉,120.870777,24.426432,100,True,三義,35.0,12.28,Low Risk
大湖國中,民族路80號,苗栗縣大湖鄉,苗栗縣大湖鄉,120.870777,24.426432,100,True,三義,35.0,12.28,Low Risk
金門縣烈嶼鄉上林村辦公處,上林78號,金門縣烈嶼鄉,金門縣烈嶼鄉,118.2322,24.4279,30,True,金門,48.0,8.12,Low Risk
金門縣烈嶼鄉體育館,后井40號,金門縣烈嶼鄉,金門縣烈嶼鄉,118.2429,24.429,100,True,金門,48.0,7.03,Low Risk
新隆國小操場,2鄰18號,苗栗縣銅鑼鄉,苗栗縣銅鑼鄉,120.809,24.4297,20,True,三義,35.0,7.25,Low Risk
新隆國小,2鄰18號,苗栗縣銅鑼鄉,苗栗縣銅鑼鄉,120.809,24.4297,50,True,三義,35.0,7.25,Low Risk
金門縣立體育館,民族路261號,金門縣金城鎮,金門縣金城鎮,118.315222,24.42986,500,True,金門,48.0,0.39,Low Risk
金城鎮公所,民生路2號,金門縣金城鎮,金門縣金城鎮,118.320608,24.432741,60,True,金門,48.0,0.85,Low Risk
榜林村辦公處收容所,榜林21號,金門縣金寧鄉,金門縣金寧鄉,118.331873,24.435134,50,True,金門,48.0,2.01,Low Risk
金門縣烈嶼鄉西口村辦公處,西方18號,金門縣烈嶼鄉,金門縣烈嶼鄉,118.2383,24.4353,30,True,金門,48.0,7.5,Low Risk
金湖鎮新湖里辦公處,湖前62-1號,金門縣金湖鎮,金門縣金湖鎮,118.414545,24.435813,30,True,金門,48.0,10.36,Low Risk
南山活動中心,泰雅一路61巷5號,宜蘭縣大同鄉,宜蘭縣大同鄉,121.371,24.4386,92,True,竹東,49.0,44.08,Low Risk
金湖鎮正義里辦公處,成功65-1號,金門縣金湖鎮,金門縣金湖鎮,118.390023,24.439013,40,True,金門,48.0,7.91,Low Risk
金湖鎮公所,林森路二號,金門縣金湖鎮,金門縣金湖鎮,118.416876,24.441506,120,True,金門,48.0,10.64,Low Risk
金湖鎮新市里辦公處,林森路6號,金門縣金湖鎮,金門縣金湖鎮,118.416754,24.441569,40,True,金門,48.0,10.63,Low Risk
金湖鎮溪湖里辦公處,溪邊80號,金門縣金湖鎮,金門縣金湖鎮,118.460286,24.442463,30,True,金門,48.0,15.03,Low Risk
金湖鎮山外里辦公處,山外1-1號,金門縣金湖鎮,金門縣金湖鎮,118.414691,24.443575,30,True,金門,48.0,10.45,Low Risk
金岳國小,南澳鄉金岳村金岳路2號,宜蘭縣南澳鄉,宜蘭縣南澳鄉,121.7692,24.4456,28,True,冬山,46.0,20.89,Low Risk
武塔國小,南澳鄉武塔村新溪路1號,宜蘭縣南澳鄉,宜蘭縣南澳鄉,121.777599,24.445655,30,True,冬山,46.0,20.8,Low Risk
金門縣烈嶼鄉黃埔村辦公處,黃厝45號,金門縣烈嶼鄉,金門縣烈嶼鄉,118.2518,24.4467,30,True,金門,48.0,6.33,Low Risk
清安村活動中心,2鄰80號,苗栗縣泰安鄉,苗栗縣泰安鄉,120.9074,24.4478,110,True,苗栗,53.0,15.74,Low Risk
南澳村辦公處,南澳鄉南澳村中正路25號,宜蘭縣南澳鄉,宜蘭縣南澳鄉,121.7778,24.4488,15,True,冬山,46.0,20.45,Low Risk
富民社區活動中心戶外廣場,2鄰80號,苗栗縣泰安鄉,苗栗縣獅潭鄉,120.899611,24.44902,100,True,苗栗,53.0,15.2,Low Risk
盤山村辦公處收容所,頂堡150號,金門縣金寧鄉,金門縣金寧鄉,118.340234,24.449053,50,True,金門,48.0,3.4,Low Risk
后盤村辦公處收容所,后盤山33號,金門縣金寧鄉,金門縣金寧鄉,118.354268,24.450889,50,True,金門,48.0,4.74,Low Risk
金寧鄉公所收容所,仁愛新村1號,金門縣金寧鄉,金門縣金寧鄉,118.3349,24.4509,100,True,金門,48.0,3.1,Low Risk
金湖鎮瓊林里辦公處,瓊林236-1號,金門縣金湖鎮,金門縣金湖鎮,118.372922,24.455146,50,True,金門,48.0,6.65,Low Risk
安美村辦公處收容所,安岐37-3號,金門縣金寧鄉,金門縣金寧鄉,118.32665,24.457343,50,True,金門,48.0,3.16,Low Risk
湖埔村辦公處收容所,湖下155號,金門縣金寧鄉,金門縣金寧鄉,118.305473,24.458058,50,True,金門,48.0,2.96,Low Risk
朝陽社區活動中心,朝陽路40號,宜蘭縣蘇澳鎮,宜蘭縣蘇澳鎮,121.8158,24.4615,72,True,冬山,46.0,19.12,Low Risk
興隆國小操場,117號,苗栗縣銅鑼鄉,苗栗縣銅鑼鄉,120.812,24.4629,20,True,三義,35.0,10.4,Low Risk
興隆國小,117號,苗栗縣銅鑼鄉,苗栗縣銅鑼鄉,120.812,24.4629,50,True,三義,35.0,10.4,Low Risk
南強社區活動中心,南澳路1號,宜蘭縣蘇澳鎮,宜蘭縣蘇澳鎮,121.8059,24.4635,49,True,冬山,46.0,18.8,Low Risk
通霄鎮綜合活動中心,信義路248號,苗栗縣通霄鎮,苗栗縣通霄鎮,120.7449,24.4638,200,True,三義,35.0,9.16,Low Risk
文峰國小操場,樟樹12之1號,苗栗縣銅鑼鄉,苗栗縣銅鑼鄉,120.7858,24.4645,20,True,三義,35.0,9.5,Low Risk
文峰國小,樟樹12之1號,苗栗縣銅鑼鄉,苗栗縣銅鑼鄉,120.7858,24.4645,50,True,三義,35.0,9.5,Low Risk
蓬萊國小,南澳路85號,宜蘭縣蘇澳鎮,宜蘭縣蘇澳鎮,121.803,24.4647,50,True,冬山,46.0,18.65,Low Risk
錦水村活動中心,5鄰29號,苗栗縣泰安鄉,苗栗縣泰安鄉,120.9428,24.4652,80,True,苗栗,53.0,16.65,Low Risk
南澳鄉公所二樓,蘇花路二段381號,宜蘭縣南澳鄉,宜蘭縣南澳鄉,121.803634,24.466067,30,True,冬山,46.0,18.51,Low Risk
錦水村活動中心戶外廣場,5鄰29號,苗栗縣泰安鄉,苗栗縣泰安鄉,120.9346559,24.46710665,120,True,苗栗,53.0,15.9,Low Risk
金洋社區活動中心,南澳鄉金洋村博愛路3號,宜蘭縣南澳鄉,宜蘭縣南澳鄉,121.8006,24.4673,23,True,冬山,46.0,18.35,Low Risk
南澳國小,南澳鄉南澳村中正路15號,宜蘭縣南澳鄉,宜蘭縣南澳鄉,121.801149,24.467509,75,True,冬山,46.0,18.33,Low Risk
南衡宮,5鄰北庄28號,苗栗縣獅潭鄉,苗栗縣獅潭鄉,120.8865,24.4716,50,True,苗栗,53.0,12.37,Low Risk
九湖國小操場,10鄰91之1號,苗栗縣銅鑼鄉,苗栗縣銅鑼鄉,120.7764,24.473,20,True,三義,35.0,10.21,Low Risk
九湖國小,10鄰91之1號,苗栗縣銅鑼鄉,苗栗縣銅鑼鄉,120.7764,24.473,50,True,三義,35.0,10.21,Low Risk
碧候國小,南澳鄉碧候村信自覺巷38號,宜蘭縣南澳鄉,宜蘭縣南澳鄉,121.784722,24.474443,43,True,冬山,46.0,17.56,Low Risk
豐林國小,4鄰八角林56號,苗栗縣獅潭鄉,苗栗縣獅潭鄉,120.8913,24.4766,400,True,苗栗,53.0,12.18,Low Risk
古寧村辦公處收容所,北山10之3號,金門縣金寧鄉,金門縣金寧鄉,118.31223,24.477772,50,True,金門,48.0,5.07,Low Risk
新豐村活動中心,3鄰八角林39-1號,苗栗縣獅潭鄉,苗栗縣獅潭鄉,120.8939,24.4789,120,True,苗栗,53.0,12.14,Low Risk
城南社區活動中心,1鄰123-1號,苗栗縣通霄鎮,苗栗縣通霄鎮,120.6826,24.4838,30,True,三義,35.0,13.7,Low Risk
銅鑼灣會館,新興路78號,苗栗縣銅鑼鄉,苗栗縣銅鑼鄉,120.7855,24.4851,70,True,苗栗,53.0,9.55,Low Risk
通霄國小,中正路12號,苗栗縣通霄鎮,苗栗縣通霄鎮,120.6786,24.4869,200,True,三義,35.0,14.21,Low Risk
豐林社區活動中心,10鄰24號,苗栗縣獅潭鄉,苗栗縣獅潭鄉,120.9005,24.4884,250,True,苗栗,53.0,11.78,Low Risk
金沙鎮公所,環島東路一段112號,金門縣金沙鎮,金門縣金沙鎮,118.4132,24.4889,110,True,金門,48.0,12.01,Low Risk
八卦村活動中心,3鄰50號,苗栗縣泰安鄉,苗栗縣泰安鄉,120.9325,24.4896,40,True,苗栗,53.0,14.13,Low Risk
中興國小操場,150號,苗栗縣銅鑼鄉,苗栗縣銅鑼鄉,120.8028,24.4899,20,True,苗栗,53.0,8.53,Low Risk
中興國小,150號,苗栗縣銅鑼鄉,苗栗縣銅鑼鄉,120.8028,24.4899,50,True,苗栗,53.0,8.53,Low Risk
四季活動中心,大同鄉南山村4鄰埤南巷9-1號,宜蘭縣大同鄉,宜蘭縣大同鄉,121.4182,24.4899,88,True,冬山,46.0,41.07,Low Risk
通霄國中,中山路190巷1號,苗栗縣通霄鎮,苗栗縣通霄鎮,120.6833,24.4908,200,True,三義,35.0,14.31,Low Risk
銅鑼國小操場,文化街1號,苗栗縣銅鑼鄉,苗栗縣銅鑼鄉,120.7913,24.4908,20,True,苗栗,53.0,8.75,Low Risk
銅鑼國小,文化街1號,苗栗縣銅鑼鄉,苗栗縣銅鑼鄉,120.7913,24.4908,50,True,苗栗,53.0,8.75,Low Risk
八卦村活動中心戶外操場,3鄰50號,苗栗縣泰安鄉,苗栗縣泰安鄉,120.9243031,24.49132664,200,True,苗栗,53.0,13.35,Low Risk
苗栗縣青少年服務中心暨平安社區活動中心,平元55-6號,苗栗縣通霄鎮,苗栗縣通霄鎮,120.691288,24.495102,150,True,三義,35.0,14.3,Low Risk
竹森社區活動中心,4鄰22-1號,苗栗縣銅鑼鄉,苗栗縣銅鑼鄉,120.7829,24.5041,50,True,苗栗,53.0,7.75,Low Risk
廣德宮廣場,4鄰22號,苗栗縣銅鑼鄉,苗栗縣銅鑼鄉,120.7828,24.5045,30,True,苗栗,53.0,7.71,Low Risk
公館鄉公所,14鄰368-10號,苗栗縣公館鄉,苗栗縣公館鄉,120.828396,24.505958,300,True,苗栗,53.0,6.62,Low Risk
公館鄉老人文康中心,4鄰124號,苗栗縣公館鄉,苗栗縣公館鄉,120.824346,24.515114,300,True,苗栗,53.0,5.56,Low Risk
東澳社區活動中心,東澳路103號,宜蘭縣蘇澳鎮,宜蘭縣蘇澳鎮,121.8346,24.516,42,True,冬山,46.0,13.59,Low Risk
東澳國小,南澳鄉東岳村蘇花路3段209號,宜蘭縣南澳鄉,宜蘭縣南澳鄉,121.832701,24.52148,38,True,冬山,46.0,12.95,Low Risk
東岳村災民收容中心,南澳鄉東岳村蘇花路3段139巷8弄7號1樓,宜蘭縣南澳鄉,宜蘭縣南澳鄉,121.833,24.5216,27,True,冬山,46.0,12.95,Low Risk
南勢社區活動中心,8鄰新勝8-1號,苗栗縣苗栗市,苗栗縣苗栗市,120.7924,24.5235,30,True,苗栗,53.0,5.4,Low Risk
五湖社區活動中心,13鄰194-4號,苗栗縣西湖鄉,苗栗縣西湖鄉,120.7704,24.5246,50,True,苗栗,53.0,6.74,Low Risk
和興社區活動中心,8鄰13號,苗栗縣獅潭鄉,苗栗縣獅潭鄉,120.9146,24.5263,150,True,苗栗,53.0,10.48,Low Risk
四湖社區活動中心,4鄰11號,苗栗縣西湖鄉,苗栗縣西湖鄉,120.745,24.5312,50,True,苗栗,53.0,8.48,Low Risk
茂安活動中心,大同鄉四季村5鄰和勳巷2號,宜蘭縣大同鄉,宜蘭縣大同鄉,121.4516,24.5315,90,True,冬山,46.0,36.29,Low Risk
義民廟,4鄰46號,苗栗縣獅潭鄉,苗栗縣獅潭鄉,120.920102,24.539236,300,True,苗栗,53.0,10.51,Low Risk
獅潭國小,11鄰129號,苗栗縣獅潭鄉,苗栗縣獅潭鄉,120.921017,24.540041,300,True,苗栗,53.0,10.58,Low Risk
水源社區活動中心,中正路1151號,苗栗縣苗栗市,苗栗縣苗栗市,120.8165,24.5405,15,True,苗栗,53.0,2.75,Low Risk
新店村活動中心,4鄰46-1號,苗栗縣獅潭鄉,苗栗縣獅潭鄉,120.9215,24.5421,100,True,苗栗,53.0,10.57,Low Risk
蓬萊國小室外,19鄰紅毛館118號,苗栗縣南庄鄉,苗栗縣南庄鄉,120.9708,24.5428,100,True,苗栗,53.0,15.44,Low Risk
蓬萊國小室內,19鄰紅毛館118號,苗栗縣南庄鄉,苗栗縣南庄鄉,120.970819,24.542802,40,True,苗栗,53.0,15.44,Low Risk
勝利社區活動中心,復興路1段492號,苗栗縣苗栗市,苗栗縣苗栗市,120.8234,24.5445,40,True,苗栗,53.0,2.3,Low Risk
獅潭國中,21號,苗栗縣獅潭鄉,苗栗縣獅潭鄉,120.9229,24.545,300,True,苗栗,53.0,10.63,Low Risk
恭敬社區活動中心,7鄰恭敬路77-1號,苗栗縣苗栗市,苗栗縣苗栗市,120.8155,24.5461,35,True,苗栗,53.0,2.15,Low Risk
國立聯合大學活動中心,聯大1號,苗栗縣苗栗市,苗栗縣苗栗市,120.816,24.5464,100,True,苗栗,53.0,2.11,Low Risk
國立聯合大學操場,聯大一號,苗栗縣苗栗市,苗栗縣苗栗市,120.816,24.5464,200,True,苗栗,53.0,2.11,Low Risk
高苗里活動中心,22鄰松園1號,苗栗縣苗栗市,苗栗縣苗栗市,120.811818,24.549403,300,True,苗栗,53.0,1.93,Low Risk
大同國小活動中心,大同路80號,苗栗縣苗栗市,苗栗縣苗栗市,120.815,24.5528,100,True,苗栗,53.0,1.45,Low Risk
大同國小操場,大同路80號,苗栗縣苗栗市,苗栗縣苗栗市,120.815,24.5528,200,True,苗栗,53.0,1.45,Low Risk
維新社區活動中心,僑育北街62號1樓,苗栗縣苗栗市,苗栗縣苗栗市,120.8256,24.5535,20,True,苗栗,53.0,1.39,Low Risk
新英社區活動中心,15鄰新英108-2號,苗栗縣苗栗市,苗栗縣苗栗市,120.8077,24.5548,30,True,苗栗,53.0,1.69,Low Risk
苗栗市老人文康中心室外草皮,福星山21號,苗栗縣苗栗市,苗栗縣苗栗市,120.8142,24.5556,100,True,苗栗,53.0,1.2,Low Risk
苗栗市老人文康中心室內空間,福星山21號,苗栗縣苗栗市,苗栗縣苗栗市,120.8142,24.5556,150,True,苗栗,53.0,1.2,Low Risk
苗栗農工活動中心,經國路2段491號,苗栗縣苗栗市,苗栗縣苗栗市,120.8341,24.5564,100,True,苗栗,53.0,1.71,Low Risk
苗栗農工操場,經國路2段491號,苗栗縣苗栗市,苗栗縣苗栗市,120.8341,24.5564,300,True,苗栗,53.0,1.71,Low Risk
西湖鄉農特產品展售綜合活動中心,1鄰店仔街4之1號,苗栗縣西湖鄉,苗栗縣西湖鄉,120.7562,24.5589,200,True,苗栗,53.0,6.5,Low Risk
西湖鄉農特產品展售綜合活動中心戶外草坪,店仔街4之1號,苗栗縣西湖鄉,苗栗縣西湖鄉,120.7562,24.5589,300,True,苗栗,53.0,6.5,Low Risk
西湖鄉立體育館,2鄰24-9號,苗栗縣西湖鄉,苗栗縣西湖鄉,120.7569,24.559,100,True,苗栗,53.0,6.43,Low Risk
中苗社區活動中心,13鄰長春街42巷45號,苗栗縣苗栗市,苗栗縣苗栗市,120.8204,24.5593,25,True,苗栗,53.0,0.63,Low Risk
秀巒村集會所,4鄰8號,新竹縣尖石鄉,新竹縣尖石鄉,121.2855,24.5601,50,True,竹東,49.0,28.26,Low Risk
永興村活動中心,3鄰17-1號,苗栗縣獅潭鄉,苗栗縣獅潭鄉,120.931,24.5608,150,True,苗栗,53.0,11.22,Low Risk
福麗社區活動中心,8鄰32-1號,苗栗縣苗栗市,苗栗縣苗栗市,120.8163,24.5613,30,True,苗栗,53.0,0.56,Low Risk
建功國小操場,中正路241號,苗栗縣苗栗市,苗栗縣苗栗市,120.8243,24.5642,300,True,苗栗,53.0,0.43,Low Risk
文山國小活動中心,6鄰41號,苗栗縣苗栗市,苗栗縣苗栗市,120.8133,24.5671,80,True,苗栗,53.0,0.73,Low Risk
文山國小操場,4鄰41號,苗栗縣苗栗市,苗栗縣苗栗市,120.8133,24.5671,150,True,苗栗,53.0,0.73,Low Risk
玉苗社區活動中心,13鄰光復路210號,苗栗縣苗栗市,苗栗縣苗栗市,120.8244,24.5697,30,True,苗栗,53.0,0.68,Low Risk
北苗聯合社區活動中心室內空間,中華路45號2樓,苗栗縣苗栗市,苗栗縣苗栗市,120.8248,24.5711,100,True,苗栗,53.0,0.83,Low Risk
北苗聯合社區活動中心室外停車場,中華路45號,苗栗縣苗栗市,苗栗縣苗栗市,120.8248,24.5711,200,True,苗栗,53.0,0.83,Low Risk
鎮西堡長老教會,9鄰28號,新竹縣尖石鄉,新竹縣尖石鄉,121.302,24.5732,80,True,竹東,49.0,28.48,Low Risk
玉峰村集會所,5鄰38號,新竹縣尖石鄉,新竹縣尖石鄉,121.3656,24.5735,50,True,竹東,49.0,33.59,Low Risk
永興國小,6鄰55-1號,苗栗縣獅潭鄉,苗栗縣獅潭鄉,120.9365,24.5737,400,True,苗栗,53.0,11.81,Low Risk
南安國中,學府路117號,宜蘭縣蘇澳鎮,宜蘭縣蘇澳鎮,121.8689,24.576,82,True,冬山,46.0,9.9,Low Risk
永樂社區活動中心,永樂路116巷6號,宜蘭縣蘇澳鎮,宜蘭縣蘇澳鎮,121.8414,24.5762,74,True,冬山,46.0,7.92,Low Risk
苗栗縣頭屋國小操場,中山街15號,苗栗縣頭屋鄉,苗栗縣頭屋鄉,120.8509,24.5764,100,True,苗栗,53.0,3.36,Low Risk
苗栗縣頭屋國小活動中心,中山街15號?,苗栗縣頭屋鄉,苗栗縣頭屋鄉,120.8509,24.5764,150,True,苗栗,53.0,3.36,Low Risk
苗栗縣頭屋國中操場,中正街86巷14號,苗栗縣頭屋鄉,苗栗縣頭屋鄉,120.8534,24.577,100,True,苗栗,53.0,3.62,Low Risk
苗栗縣頭屋國中活動中心,中正街86巷14號?,苗栗縣頭屋鄉,苗栗縣頭屋鄉,120.8534,24.577,100,True,苗栗,53.0,3.62,Low Risk
永樂國小,永樂路1號,宜蘭縣蘇澳鎮,宜蘭縣蘇澳鎮,121.8461,24.5786,34,True,冬山,46.0,8.03,Low Risk
南安國小,學府路122號,宜蘭縣蘇澳鎮,宜蘭縣蘇澳鎮,121.8684,24.5789,69,True,冬山,46.0,9.66,Low Risk
福星國小活動中心,中華東街62號,苗栗縣苗栗市,苗栗縣苗栗市,120.826,24.5791,80,True,苗栗,53.0,1.68,Low Risk
福星國小操場,中華東街62號,苗栗縣苗栗市,苗栗縣苗栗市,120.826,24.5791,150,True,苗栗,53.0,1.68,Low Risk
昭安社區活動中心,內埤路117巷2號,宜蘭縣蘇澳鎮,宜蘭縣蘇澳鎮,121.8599,24.5794,51,True,冬山,46.0,8.96,Low Risk
南興社區活動中心,華山七巷16之2號,宜蘭縣蘇澳鎮,宜蘭縣蘇澳鎮,121.8663,24.5798,33,True,冬山,46.0,9.43,Low Risk
百壽村活動中心,7鄰42-1號,苗栗縣獅潭鄉,苗栗縣獅潭鄉,120.9415,24.5799,60,True,苗栗,53.0,12.39,Low Risk
頭屋鄉老人文康活動中心,7鄰象山路82-1號,苗栗縣頭屋鄉,苗栗縣頭屋鄉,120.8661,24.581,50,True,苗栗,53.0,4.98,Low Risk
南寧社區活動中心,南新路9號,宜蘭縣蘇澳鎮,宜蘭縣蘇澳鎮,121.8695,24.5812,37,True,冬山,46.0,9.6,Low Risk
白米社區活動中心,永春路134巷11之1號,宜蘭縣蘇澳鎮,宜蘭縣蘇澳鎮,121.8454,24.5826,40,True,冬山,46.0,7.65,Low Risk
南成社區活動中心,民生路15號,宜蘭縣蘇澳鎮,宜蘭縣蘇澳鎮,121.864,24.583,34,True,冬山,46.0,9.03,Low Risk
中和國小操場,中和里14鄰152號,苗栗縣後龍鎮,苗栗縣後龍鎮,120.734732,24.588097,300,True,苗栗,53.0,9.01,Low Risk
中和國小綜合教室,中和里14鄰152號,苗栗縣後龍鎮,苗栗縣後龍鎮,120.7347,24.5881,90,True,苗栗,53.0,9.01,Low Risk
養老天主堂,養老12鄰9號,新竹縣尖石鄉,新竹縣尖石鄉,121.2674,24.589,40,True,竹東,49.0,24.71,Low Risk
士敏國小,光明路8號,宜蘭縣蘇澳鎮,宜蘭縣蘇澳鎮,121.8537,24.5923,55,True,冬山,46.0,7.58,Low Risk
長安社區活動中心,勝利路1-1號,宜蘭縣蘇澳鎮,宜蘭縣蘇澳鎮,121.8541,24.5928,93,True,冬山,46.0,7.58,Low Risk
蘇西社區活動中心,志成路62號,宜蘭縣蘇澳鎮,宜蘭縣蘇澳鎮,121.8412,24.5939,51,True,冬山,46.0,6.48,Low Risk
永光社區活動中心,蘇港路85號,宜蘭縣蘇澳鎮,宜蘭縣蘇澳鎮,121.8521,24.594,114,True,冬山,46.0,7.34,Low Risk
蘇澳海事,蘇港路213號,宜蘭縣蘇澳鎮,宜蘭縣蘇澳鎮,121.8456,24.5941,132,False,冬山,46.0,6.8,Low Risk
南江村社區活動中心,22鄰55-1號,苗栗縣南庄鄉,苗栗縣南庄鄉,121.0001,24.5943,50,True,頭份,62.0,15.34,Low Risk
蘇澳鎮公所,蘇港路215號,宜蘭縣蘇澳鎮,宜蘭縣蘇澳鎮,121.8422,24.5944,70,True,冬山,46.0,6.52,Low Risk
聖湖社區活動中心,全祿街10號,宜蘭縣蘇澳鎮,宜蘭縣蘇澳鎮,121.8345,24.5947,99,True,冬山,46.0,5.92,Low Risk
桃山村辦公處,3鄰52-1號,新竹縣五峰鄉,新竹縣五峰鄉,121.1088,24.5948,60,True,竹東,49.0,16.37,Low Risk
蘇澳國中,中山路二段1號,宜蘭縣蘇澳鎮,宜蘭縣蘇澳鎮,121.8354,24.5953,67,True,冬山,46.0,5.94,Low Risk
蘇東社區活動中心,蘇花路5段101巷1號,宜蘭縣蘇澳鎮,宜蘭縣蘇澳鎮,121.8544,24.5956,35,True,冬山,46.0,7.43,Low Risk
蘇澳國小,中山路一段366號,宜蘭縣蘇澳鎮,宜蘭縣蘇澳鎮,121.8413,24.5967,72,True,冬山,46.0,6.28,Low Risk
蘇北社區活動中心,新生路8號,宜蘭縣蘇澳鎮,宜蘭縣蘇澳鎮,121.8505,24.5968,28,True,冬山,46.0,7.03,Low Risk
東村社區第二活動中心,大同路1-1號,苗栗縣南庄鄉,苗栗縣南庄鄉,121.0009,24.5969,60,True,頭份,62.0,15.18,Low Risk
鄉公所廣場後,大同路1號,苗栗縣南庄鄉,苗栗縣南庄鄉,121.0003,24.597,50,True,頭份,62.0,15.13,Low Risk
鄉公所廣場前,大同路3號,苗栗縣南庄鄉,苗栗縣南庄鄉,121.0003,24.597,150,True,頭份,62.0,15.13,Low Risk
蘇南社區活動中心,光復路27巷4號,宜蘭縣蘇澳鎮,宜蘭縣蘇澳鎮,121.8526,24.5971,44,True,冬山,46.0,7.18,Low Risk
公有零售市場二樓,民生街13號,苗栗縣南庄鄉,苗栗縣南庄鄉,120.9991,24.5983,100,True,頭份,62.0,14.94,Low Risk
樂水活動中心,大同鄉茂安村1鄰志航15-1號,宜蘭縣大同鄉,宜蘭縣大同鄉,121.5301,24.599,99,True,冬山,46.0,26.82,Low Risk
龍德社區活動中心,福德路177巷27號,宜蘭縣蘇澳鎮,宜蘭縣蘇澳鎮,121.8,24.6,140,True,冬山,46.0,3.65,Low Risk
南庄國小,文化路3號,苗栗縣南庄鄉,苗栗縣南庄鄉,120.9993,24.6004,300,True,頭份,62.0,14.78,Low Risk
龍坑國小教室,龍坑里十班坑158號,苗栗縣後龍鎮,苗栗縣後龍鎮,120.7782,24.6019,80,True,苗栗,53.0,5.9,Low Risk
龍坑國小操場,龍坑里十班坑158號,苗栗縣後龍鎮,苗栗縣後龍鎮,120.778154,24.601926,200,True,苗栗,53.0,5.9,Low Risk
同光國小操場,龍津里10鄰同興94號,苗栗縣後龍鎮,苗栗縣後龍鎮,120.761765,24.610127,200,True,苗栗,53.0,7.75,Low Risk
同光國小綜合教室,龍津里10鄰同興94號,苗栗縣後龍鎮,苗栗縣後龍鎮,120.7632,24.6105,100,True,苗栗,53.0,7.66,Low Risk
寒溪活動中心,8鄰寒溪巷5號,宜蘭縣大同鄉,宜蘭縣大同鄉,121.6779,24.611,122,True,冬山,46.0,11.86,Low Risk
維真國中活動中心,中山路252號,苗栗縣後龍鎮,苗栗縣後龍鎮,120.7946,24.6121,100,True,苗栗,53.0,5.84,Low Risk
岳明社區活動中心,岳明新村91號,宜蘭縣蘇澳鎮,宜蘭縣蘇澳鎮,121.8502,24.6122,40,True,冬山,46.0,6.2,Low Risk
維真國中操場,中山路252號,苗栗縣後龍鎮,苗栗縣後龍鎮,120.794682,24.612202,500,True,苗栗,53.0,5.85,Low Risk
新港國中小活動中心,頂東路30號,苗栗縣後龍鎮,苗栗縣後龍鎮,120.8194,24.6128,100,True,苗栗,53.0,5.32,Low Risk
新港國中小操場,頂東路30號,苗栗縣後龍鎮,苗栗縣後龍鎮,120.819422,24.612828,500,True,苗栗,53.0,5.32,Low Risk
苗栗縣後龍鎮公所,中山路152號,苗栗縣後龍鎮,苗栗縣後龍鎮,120.792076,24.613344,100,True,苗栗,53.0,6.08,Low Risk
岳明國小,嶺腳路140號,宜蘭縣蘇澳鎮,宜蘭縣蘇澳鎮,121.8531,24.6135,63,True,冬山,46.0,6.43,Low Risk
苗栗縣老人福利服務中心,中心路121-5號,苗栗縣後龍鎮,苗栗縣後龍鎮,120.814498,24.61375,200,True,苗栗,53.0,5.45,Low Risk
後龍國小教室,成功路254號,苗栗縣後龍鎮,苗栗縣後龍鎮,120.7961,24.6138,100,True,苗栗,53.0,5.95,Low Risk
後龍國小操場,成功路254號,苗栗縣後龍鎮,苗栗縣後龍鎮,120.796137,24.613833,500,True,苗栗,53.0,5.95,Low Risk
中龍里活動中心,13鄰中南街167號,苗栗縣後龍鎮,苗栗縣後龍鎮,120.787967,24.614455,50,True,苗栗,53.0,6.39,Low Risk
北龍里活動中心,7鄰東門街151號,苗栗縣後龍鎮,苗栗縣後龍鎮,120.7908,24.6154,50,True,苗栗,53.0,6.34,Low Risk
隘丁社區活動中心,城中路40號,宜蘭縣蘇澳鎮,宜蘭縣蘇澳鎮,121.837,24.6158,47,True,冬山,46.0,4.81,Low Risk
後龍國中操場,23鄰勝利街250號,苗栗縣後龍鎮,苗栗縣後龍鎮,120.784618,24.616631,500,True,苗栗,53.0,6.77,Low Risk
北埔社區活動中心,3鄰下林坪40號,苗栗縣三灣鄉,苗栗縣三灣鄉,120.9478,24.6167,60,True,頭份,62.0,10.21,Low Risk
後龍國中活動中心,23鄰勝利街250號,苗栗縣後龍鎮,苗栗縣後龍鎮,120.785149,24.616762,80,True,苗栗,53.0,6.76,Low Risk
文化國中,新馬路2號,宜蘭縣蘇澳鎮,宜蘭縣蘇澳鎮,121.8328,24.6179,61,True,冬山,46.0,4.33,Low Risk
田美社區活動中心,田美153號,苗栗縣南庄鄉,苗栗縣南庄鄉,120.9948,24.6197,30,True,頭份,62.0,12.96,Low Risk
慶安廟活動中心,慶安路1號,宜蘭縣蘇澳鎮,宜蘭縣蘇澳鎮,121.8272,24.6204,42,True,冬山,46.0,3.7,Low Risk
溪洲國小操場,87-3號,苗栗縣後龍鎮,苗栗縣後龍鎮,120.776741,24.620956,500,True,苗栗,53.0,7.61,Low Risk
永榮社區活動中心,和平路51號,宜蘭縣蘇澳鎮,宜蘭縣蘇澳鎮,121.8362,24.6212,78,True,冬山,46.0,4.54,Low Risk
馬賽國小,大同路108號,宜蘭縣蘇澳鎮,宜蘭縣蘇澳鎮,121.8349,24.6219,63,True,冬山,46.0,4.39,Low Risk
頂寮文教活動中心,頂寮路2號,宜蘭縣蘇澳鎮,宜蘭縣蘇澳鎮,121.838037,24.623428,170,True,冬山,46.0,4.66,Low Risk
造橋鄉綜合活動中心-室內,慈聖路二段322巷1號,苗栗縣造橋鄉,苗栗縣造橋鄉,120.8875,24.6236,60,True,頭份,62.0,8.23,Low Risk
造橋鄉綜合活動中心-室外,慈聖路二段322巷1號,苗栗縣造橋鄉,苗栗縣造橋鄉,120.8875,24.6236,150,True,頭份,62.0,8.23,Low Risk
福德社區活動中心,思村路9號,宜蘭縣蘇澳鎮,宜蘭縣蘇澳鎮,121.832,24.6249,60,True,冬山,46.0,4.03,Low Risk
大興社區活動中心,振安路5號2樓,宜蘭縣冬山鄉,宜蘭縣冬山鄉,121.8106,24.6253,50,True,冬山,46.0,1.94,Low Risk
竹林村辦公處,1鄰13號,新竹縣五峰鄉,新竹縣五峰鄉,121.1486,24.6254,40,True,竹東,49.0,14.19,Low Risk
存仁社區活動中心,存仁路199之1號,宜蘭縣蘇澳鎮,宜蘭縣蘇澳鎮,121.8419,24.6262,55,True,冬山,46.0,4.99,Low Risk
大河社區活動中心,7鄰60-1號,苗栗縣三灣鄉,苗栗縣三灣鄉,120.9064,24.6266,70,True,頭份,62.0,7.86,Low Risk
香和社區活動中心,香和路138巷24號,宜蘭縣冬山鄉,宜蘭縣冬山鄉,121.7975,24.6276,56,True,冬山,46.0,0.69,Low Risk
南富社區活動中心,13鄰14號,苗栗縣南庄鄉,苗栗縣南庄鄉,120.9708,24.6297,50,True,頭份,62.0,10.44,Low Risk
東城社區活動中心,東城路280號,宜蘭縣冬山鄉,宜蘭縣冬山鄉,121.8063,24.6297,107,True,冬山,46.0,1.38,Low Risk
員林社區活動中心,15鄰52號,苗栗縣南庄鄉,苗栗縣南庄鄉,120.9634,24.6318,50,True,頭份,62.0,9.76,Low Risk
復興活動中心,大同鄉樂水村5鄰碼崙46號,宜蘭縣大同鄉,宜蘭縣大同鄉,121.6064,24.6318,92,True,冬山,46.0,18.85,Low Risk
五峰活動中心,6鄰98號2樓,新竹縣五峰鄉,新竹縣五峰鄉,121.1194,24.6321,110,True,竹東,49.0,12.48,Low Risk
成功國小操場,水尾里12鄰104-1號,苗栗縣後龍鎮,苗栗縣後龍鎮,120.761747,24.63268,300,True,苗栗,53.0,9.56,Low Risk
太和社區活動中心,太和路248號,宜蘭縣冬山鄉,宜蘭縣冬山鄉,121.7734,24.6327,98,True,冬山,46.0,1.97,Low Risk
大進社區活動中心,大進九路50號,宜蘭縣冬山鄉,宜蘭縣冬山鄉,121.7121,24.6332,135,True,冬山,46.0,8.17,Low Risk
南興社區活動中心,冬山路98之2號,宜蘭縣冬山鄉,宜蘭縣冬山鄉,121.7938,24.6333,85,True,冬山,46.0,0.15,Low Risk
獅山社區第二活動中心,15鄰166-2號,苗栗縣南庄鄉,苗栗縣南庄鄉,121.0135,24.6343,50,True,頭份,62.0,13.53,Low Risk
安平社區活動中心,安平路23號,宜蘭縣冬山鄉,宜蘭縣冬山鄉,121.7893,24.6346,52,True,冬山,46.0,0.45,Low Risk
濫坑社區活動中心,4鄰藤坪44號,苗栗縣頭份市,苗栗縣頭份市,120.8836,24.6354,55,True,頭份,62.0,7.01,Low Risk
冬山社區活動中心,中正路20號,宜蘭縣冬山鄉,宜蘭縣冬山鄉,121.7903,24.6359,46,True,冬山,46.0,0.49,Low Risk
八寶社區活動中心,八寶路29號,宜蘭縣冬山鄉,宜蘭縣冬山鄉,121.7675,24.638,65,True,冬山,46.0,2.65,Low Risk
造橋鄉造橋國中-室外,1鄰老庄27號,苗栗縣造橋鄉,苗栗縣造橋鄉,120.8563,24.6392,300,True,頭份,62.0,7.72,Low Risk
造橋鄉造橋國中-室內,1鄰老庄27號,苗栗縣造橋鄉,苗栗縣造橋鄉,120.8563,24.6392,300,True,頭份,62.0,7.72,Low Risk
育英國小,福德路134號,宜蘭縣蘇澳鎮,宜蘭縣蘇澳鎮,121.833,24.6402,80,True,冬山,46.0,4.15,Low Risk
秀巒國小田埔分校,1鄰田埔5號,新竹縣尖石鄉,新竹縣尖石鄉,121.2785,24.6414,60,True,竹東,49.0,22.12,Low Risk
丸山社區活動中心,港尾路98號,宜蘭縣冬山鄉,宜蘭縣冬山鄉,121.7662,24.6425,154,True,冬山,46.0,2.93,Low Risk
珍珠社區活動中心,富農路1段383巷50號,宜蘭縣冬山鄉,宜蘭縣冬山鄉,121.7942,24.6434,54,True,冬山,46.0,1.25,Low Risk
三奇社區活動中心,成興路812號,宜蘭縣冬山鄉,宜蘭縣冬山鄉,121.814,24.6435,40,True,冬山,46.0,2.47,Low Risk
補城社區活動中心,建進2路29號,宜蘭縣冬山鄉,宜蘭縣冬山鄉,121.8023,24.6436,41,True,冬山,46.0,1.58,Low Risk
梅花社區活動中心,下湖路398號,宜蘭縣冬山鄉,宜蘭縣冬山鄉,121.7529,24.6447,78,True,冬山,46.0,4.28,Low Risk
成興社區老人活動中心,蘇澳鎮頂寮路20巷2號,宜蘭縣五結鄉,宜蘭縣蘇澳鎮,121.8327,24.6447,121,True,冬山,46.0,4.25,Low Risk
大山國小操場,7鄰龍山路109號,苗栗縣後龍鎮,苗栗縣後龍鎮,120.809726,24.645529,300,True,苗栗,53.0,9.02,Low Risk
大山國小教室,7鄰龍山路109號,苗栗縣後龍鎮,苗栗縣後龍鎮,120.8095,24.6457,100,True,苗栗,53.0,9.04,Low Risk
花園村集會所,8鄰177號,新竹縣五峰鄉,新竹縣五峰鄉,121.1597,24.6464,100,True,竹東,49.0,12.71,Low Risk
上巴陵真耶穌教會,9鄰40號,桃園市復興區,桃園市復興區,121.411331,24.648007,80,True,龍潭,92.0,31.05,Low Risk
中山社區活動中心,11鄰尖豐路578巷56弄1號,苗栗縣頭份市,苗栗縣頭份市,120.8826,24.6485,60,True,頭份,62.0,5.62,Low Risk
外埔國小教室,6鄰外埔18-9號,苗栗縣後龍鎮,苗栗縣後龍鎮,120.779,24.6508,70,True,苗栗,53.0,10.41,Low Risk
外埔國小操場,6鄰外埔18-9號,苗栗縣後龍鎮,苗栗縣後龍鎮,120.77902,24.650822,300,True,苗栗,53.0,10.41,Low Risk
永和社區活動中心,石馬店17號,苗栗縣三灣鄉,苗栗縣三灣鄉,120.9564,24.6527,50,True,頭份,62.0,7.63,Low Risk
成興村老人福利中心,利成路一段185號,宜蘭縣五結鄉,宜蘭縣五結鄉,121.8263,24.6532,539,True,冬山,46.0,4.1,Low Risk
順安社區活動中心,義成路2段378巷87號,宜蘭縣冬山鄉,宜蘭縣冬山鄉,121.7647,24.6533,222,True,冬山,46.0,3.69,Low Risk
獅山遊客中心,六寮60-8號,新竹縣峨眉鄉,新竹縣峨眉鄉,121.02454,24.65533,25,True,竹東,49.0,11.53,Low Risk
文英國中操場,200號,苗栗縣頭份市,苗栗縣頭份市,120.880566,24.655468,150,True,頭份,62.0,4.96,Low Risk
石磊國小,1鄰1號,新竹縣尖石鄉,新竹縣尖石鄉,121.3264,24.6555,100,True,龍潭,92.0,25.7,Low Risk
永美社區活動中心,永興路1段189號,宜蘭縣冬山鄉,宜蘭縣冬山鄉,121.771,24.6555,30,True,冬山,46.0,3.41,Low Risk
松羅活動中心,大同鄉松羅村南巷81-10號,宜蘭縣大同鄉,宜蘭縣大同鄉,121.5789,24.6556,86,True,宜蘭,31.0,19.79,Low Risk
內灣社區活動中心,9鄰16-1號,苗栗縣三灣鄉,苗栗縣三灣鄉,120.955,24.6557,50,True,頭份,62.0,7.3,Low Risk
鹿埔社區活動中心,鹿埔路490號,宜蘭縣冬山鄉,宜蘭縣冬山鄉,121.7506,24.6557,154,True,冬山,46.0,5.01,Low Risk
三灣國小操場室外收容,中山路49號,苗栗縣三灣鄉,苗栗縣三灣鄉,120.955046,24.655737,200,True,頭份,62.0,7.31,Low Risk
三灣國小室內活動中心,中山路49號,苗栗縣三灣鄉,苗栗縣三灣鄉,120.955046,24.655737,200,True,頭份,62.0,7.31,Low Risk
廣興社區活動中心,5鄰廣興126-1號,苗栗縣頭份市,苗栗縣頭份市,120.8869,24.6583,40,True,頭份,62.0,4.46,Low Risk
豐鄉村集會所,大山背32號,新竹縣橫山鄉,新竹縣竹東鎮,121.1225,24.6592,80,True,竹東,49.0,9.7,Low Risk
瑞峰國小操場,上坪里43號,新竹縣竹東鎮,新竹縣竹東鎮,121.1225,24.6592,267,True,竹東,49.0,9.7,Low Risk
瑞峰國小禮堂,43號,新竹縣竹東鎮,新竹縣竹東鎮,121.1225,24.6592,385,True,竹東,49.0,9.7,Low Risk
玉峰國小,5鄰59號,新竹縣尖石鄉,新竹縣尖石鄉,121.3012,24.6601,50,True,竹東,49.0,23.25,Low Risk
武淵社區活動中心,富農路2段325號,宜蘭縣冬山鄉,宜蘭縣冬山鄉,121.7976,24.6606,108,True,冬山,46.0,3.19,Low Risk
員山社區臨時收容站,泰雅一路203巷清水66號,宜蘭縣三星鄉,宜蘭縣三星鄉,121.6229,24.6608,38,False,宜蘭,31.0,15.79,Low Risk
海寶國小教室,5鄰52-2號,苗栗縣後龍鎮,苗栗縣後龍鎮,120.8217,24.6618,100,True,頭份,62.0,8.7,Low Risk
海寶國小操場,5鄰52-2號,苗栗縣後龍鎮,苗栗縣後龍鎮,120.821739,24.661823,300,True,頭份,62.0,8.7,Low Risk
竹東瑞峰國小,竹東鎮上坪里43號,新竹縣橫山鄉,新竹縣竹東鎮,121.1215,24.66186,385,True,竹東,49.0,9.39,Low Risk
大義社區臨時收容站,上將路3段375巷31號,宜蘭縣三星鄉,宜蘭縣三星鄉,121.6103,24.6634,106,True,宜蘭,31.0,16.65,Low Risk
湖光社區活動中心,11鄰湖農新村32號,新竹縣峨眉鄉,新竹縣峨眉鄉,120.98775,24.66422,40,True,頭份,62.0,9.7,Low Risk
清溝社區活動中心,光明路51號,宜蘭縣冬山鄉,宜蘭縣冬山鄉,121.7611,24.6643,85,True,冬山,46.0,4.8,Low Risk
利澤社區活動中心,下福路156號,宜蘭縣五結鄉,宜蘭縣五結鄉,121.8238,24.6649,141,True,冬山,46.0,4.79,Low Risk
二次收容 三星鄉公所臨時辦公處原三星社區,集義路168號,宜蘭縣三星鄉,宜蘭縣三星鄉,121.6538,24.6654,148,True,宜蘭,31.0,13.1,Low Risk
三星國中臨時收容站,月眉街54號,宜蘭縣三星鄉,宜蘭縣三星鄉,121.6538,24.6654,500,True,宜蘭,31.0,13.1,Low Risk
大坪社區活動中心,大坪村9鄰下雙坑43之4號,苗栗縣三灣鄉,苗栗縣三灣鄉,120.9744,24.6663,50,True,頭份,62.0,8.37,Low Risk
大洲多功能館臨時收容站,五分路2段180號,宜蘭縣三星鄉,宜蘭縣三星鄉,121.6507,24.6663,78,True,宜蘭,31.0,13.26,Low Risk
新群社區活動中心,羅東鎮新群里月眉路300號,宜蘭縣羅東鎮,宜蘭縣羅東鎮,121.7922,24.6673,114,True,冬山,46.0,3.9,Low Risk
群英社區活動中心,冬山路5段51號,宜蘭縣冬山鄉,宜蘭縣冬山鄉,121.7735,24.6674,64,True,冬山,46.0,4.38,Low Risk
維安社區活動中心,羅東鎮西安里西安街468號,宜蘭縣羅東鎮,宜蘭縣羅東鎮,121.7544,24.6675,170,True,冬山,46.0,5.53,Low Risk
港墘社區活動中心,5鄰光明街2號,苗栗縣竹南鎮,苗栗縣竹南鎮,120.861,24.6677,100,True,頭份,62.0,5.01,Low Risk
宇老派出所,10鄰石磊49號,新竹縣尖石鄉,新竹縣尖石鄉,121.2825,24.6679,15,True,竹東,49.0,21.17,Low Risk
憲明國小臨時收容站,福山街119號,宜蘭縣三星鄉,宜蘭縣三星鄉,121.6391,24.6681,42,True,宜蘭,31.0,14.01,Low Risk
三星國小臨時收容站,三星路5段86號,宜蘭縣三星鄉,宜蘭縣三星鄉,121.6538,24.6685,339,True,宜蘭,31.0,12.86,Low Risk
第三公園管理站南昌社區活動中心,站前南路1號,宜蘭縣羅東鎮,宜蘭縣羅東鎮,121.7725,24.669,133,True,冬山,46.0,4.58,Low Risk
廣興社區活動中心,永興路2段916號,宜蘭縣冬山鄉,宜蘭縣冬山鄉,121.7492,24.6691,101,True,冬山,46.0,6.03,Low Risk
成功國小體育館,興東南路100號,宜蘭縣羅東鎮,宜蘭縣羅東鎮,121.7687,24.6707,228,True,冬山,46.0,4.93,Low Risk
雙義社區社區二次收容,三星路6段2巷22號,宜蘭縣三星鄉,宜蘭縣三星鄉,121.7147,24.6708,53,True,冬山,46.0,9.0,Low Risk
廣安社區活動中心,廣安路195號,宜蘭縣冬山鄉,宜蘭縣冬山鄉,121.7457,24.6709,61,True,冬山,46.0,6.43,Low Risk
羅莊社區活動中心,羅莊街357號,宜蘭縣羅東鎮,宜蘭縣羅東鎮,121.7797,24.6716,122,True,冬山,46.0,4.58,Low Risk
阿束社社區活動中心,清潭路146號2樓,宜蘭縣羅東鎮,宜蘭縣羅東鎮,121.7709,24.6725,28,True,冬山,46.0,5.0,Low Risk
仁和社區活動中心,清潭路146號2樓,宜蘭縣羅東鎮,宜蘭縣羅東鎮,121.7709,24.6725,28,True,冬山,46.0,5.0,Low Risk
梅花長老教會,4鄰99號,新竹縣尖石鄉,新竹縣尖石鄉,121.204,24.673,80,True,竹東,49.0,13.86,Low Risk
第二公園管理站羅東鎮老人館,公園路13號,宜蘭縣羅東鎮,宜蘭縣羅東鎮,121.7682,24.6733,99,True,冬山,46.0,5.21,Low Risk
仁德社區活動中心,羅東鎮忠義巷92之1號,宜蘭縣羅東鎮,宜蘭縣羅東鎮,121.7663,24.6736,98,True,冬山,46.0,5.33,Low Risk
漢民社區活動中心,羅東鎮漢民里純精路一段219號,宜蘭縣羅東鎮,宜蘭縣羅東鎮,121.7635,24.6737,201,True,冬山,46.0,5.49,Low Risk
東安社區活動中心,羅東鎮東安里天祥路171號,宜蘭縣羅東鎮,宜蘭縣羅東鎮,121.7766,24.6745,289,True,冬山,46.0,4.98,Low Risk
新興國小操場,水源路157號,苗栗縣頭份市,苗栗縣頭份市,120.912927,24.675131,200,True,頭份,62.0,2.82,Low Risk
海口國小-操場,7鄰保福路20號,苗栗縣竹南鎮,苗栗縣竹南鎮,120.8616,24.6755,500,True,頭份,62.0,4.44,Low Risk
北成國小自強館,北成路一段125號,宜蘭縣羅東鎮,宜蘭縣羅東鎮,121.7586,24.6756,319,True,冬山,46.0,5.94,Low Risk
天送埤社區二次收容,福山街30-1號,宜蘭縣三星鄉,宜蘭縣三星鄉,121.6565,24.6758,53,True,宜蘭,31.0,12.11,Low Risk
聖安宮,忠孝路48號,宜蘭縣羅東鎮,宜蘭縣羅東鎮,121.7649,24.676,400,True,冬山,46.0,5.63,Low Risk
大新社區活動中心,中正路128號2樓,宜蘭縣羅東鎮,宜蘭縣羅東鎮,121.7714,24.676,54,True,冬山,46.0,5.33,Low Risk
三灣鄉活動中心,親民路15號,苗栗縣三灣鄉,苗栗縣三灣鄉,120.9551,24.6763,80,True,頭份,62.0,6.14,Low Risk
下興社區活動中心,7鄰下東興78-7號,苗栗縣頭份市,苗栗縣頭份市,120.9107,24.6765,90,True,頭份,62.0,2.57,Low Risk
柯林社區活動中心,光華路209號,宜蘭縣冬山鄉,宜蘭縣冬山鄉,121.7298,24.6765,54,True,冬山,46.0,8.06,Low Risk
羅東鎮展演廳,羅東鎮中興路1號,宜蘭縣羅東鎮,宜蘭縣羅東鎮,121.7669,24.6765,510,True,冬山,46.0,5.58,Low Risk
季新社區活動中心,季新村季水路北巷6-1號,宜蘭縣五結鄉,宜蘭縣五結鄉,121.8317,24.6766,110,True,冬山,46.0,6.3,Low Risk
國華國中自強館,國華街101號,宜蘭縣羅東鎮,宜蘭縣羅東鎮,121.7608,24.6767,306,True,冬山,46.0,5.92,Low Risk
北成社區活動中心,北成路二段57巷6號,宜蘭縣羅東鎮,宜蘭縣羅東鎮,121.7527,24.6789,210,True,冬山,46.0,6.59,Low Risk
大洲社區二次收容,大洲原路17號,宜蘭縣三星鄉,宜蘭縣三星鄉,121.6759,24.6791,63,True,宜蘭,31.0,10.45,Low Risk
公正國小體育館,公正路199號,宜蘭縣羅東鎮,宜蘭縣羅東鎮,121.7667,24.6793,1309,True,冬山,46.0,5.87,Low Risk
新店社區活動中心,新店路99號,宜蘭縣五結鄉,宜蘭縣五結鄉,121.8178,24.6797,77,True,冬山,46.0,5.85,Low Risk
崙埤活動中心,大同鄉崙埤村朝陽10-8號,宜蘭縣大同鄉,宜蘭縣大同鄉,121.6007,24.6804,74,True,宜蘭,31.0,16.52,Low Risk
斗煥國小操場,中正二路221號,苗栗縣頭份市,苗栗縣頭份市,120.94751,24.680477,200,True,頭份,62.0,5.26,Low Risk
田寮社區活動中心,7鄰南田街213號,苗栗縣頭份市,苗栗縣頭份市,120.8871,24.6807,80,True,頭份,62.0,2.15,Low Risk
永貞國小操場,永貞路1段335號,苗栗縣頭份市,苗栗縣頭份市,120.884654,24.680886,200,True,頭份,62.0,2.28,Low Risk
羅東國中自強館,中華路99號,宜蘭縣羅東鎮,宜蘭縣羅東鎮,121.7683,24.6825,277,True,冬山,46.0,6.12,Low Risk
大成高中操場,大成街下新店65號,苗栗縣頭份市,苗栗縣頭份市,120.939582,24.683093,300,True,頭份,62.0,4.41,Low Risk
第五公園管理站樹林社區活動中心,文林路130號,宜蘭縣羅東鎮,宜蘭縣羅東鎮,121.7614,24.6833,146,True,冬山,46.0,6.51,Low Risk
第一公園管理站信義社區活動中心,中華路189號,宜蘭縣羅東鎮,宜蘭縣羅東鎮,121.7686,24.6835,153,True,冬山,46.0,6.21,Low Risk
竹南國小-操場,中正路146號,苗栗縣竹南鎮,苗栗縣竹南鎮,120.8698,24.6837,600,True,頭份,62.0,3.27,Low Risk
竹南鎮公所三樓演藝廳,中正路112號,苗栗縣竹南鎮,苗栗縣竹南鎮,120.8734,24.6838,300,True,頭份,62.0,2.94,Low Risk
民族社區活動中心室內,東興路108號,苗栗縣頭份市,苗栗縣頭份市,120.904449,24.683856,90,True,頭份,62.0,1.56,Low Risk
珊湖社區活動中心,中正三路103號,苗栗縣頭份市,苗栗縣頭份市,120.9596,24.6844,50,True,頭份,62.0,6.31,Low Risk
行健社區二次收容,行健三路2段13號,宜蘭縣三星鄉,宜蘭縣三星鄉,121.7041,24.6844,148,True,宜蘭,31.0,8.25,Low Risk
五結鄉公所,五結路二段343號,宜蘭縣五結鄉,宜蘭縣五結鄉,121.7984,24.6847,153,True,冬山,46.0,5.86,Low Risk
錦屏村集會所,1鄰4號,新竹縣尖石鄉,新竹縣尖石鄉,121.2512,24.685,80,True,竹東,49.0,17.53,Low Risk
五結社區活動中心,五結中路12號3樓,宜蘭縣五結鄉,宜蘭縣五結鄉,121.7979,24.6852,84,True,冬山,46.0,5.91,Low Risk
六合國小操場,民族路252號,苗栗縣頭份市,苗栗縣頭份市,120.901362,24.685661,200,True,頭份,62.0,1.28,Low Risk
新華社區活動中心,13鄰崎仔頭313號,苗栗縣頭份市,苗栗縣頭份市,120.9283,24.6863,80,True,頭份,62.0,3.22,Low Risk
頭份市公所中正館,中山路234號,苗栗縣頭份市,苗栗縣頭份市,120.913,24.6864,100,True,頭份,62.0,1.86,Low Risk
頭份市公所中山堂,中山路232號,苗栗縣頭份市,苗栗縣頭份市,120.913,24.6864,200,True,頭份,62.0,1.86,Low Risk
正勉堂,興盛北路182巷16號,宜蘭縣五結鄉,宜蘭縣五結鄉,121.7798,24.6865,154,True,冬山,46.0,6.18,Low Risk
峨眉鄉老人文康中心,獅山街7鄰28號,新竹縣峨眉鄉,新竹縣峨眉鄉,121.01747,24.68655,145,True,竹東,49.0,9.42,Low Risk
信德國小操場,信德路58號,苗栗縣頭份市,苗栗縣頭份市,120.960531,24.686799,300,True,頭份,62.0,6.35,Low Risk
富興國小,太平街8號,新竹縣峨眉鄉,新竹縣峨眉鄉,120.9885,24.6868,3412,True,頭份,62.0,9.14,Low Risk
東庄社區活動中心,7鄰八德一路66號,苗栗縣頭份市,苗栗縣頭份市,120.8933,24.6871,20,True,頭份,62.0,1.22,Low Risk
竹興國小-操場,竹圍街27號,苗栗縣竹南鎮,苗栗縣竹南鎮,120.864955,24.687124,300,True,頭份,62.0,3.58,Low Risk
四結社區活動中心,光榮北路198號,宜蘭縣五結鄉,宜蘭縣五結鄉,121.7739,24.6873,93,True,冬山,46.0,6.42,Low Risk
頭份國小操場,中正路219號,苗栗縣頭份市,苗栗縣頭份市,120.912124,24.688116,200,True,頭份,62.0,1.67,Low Risk
新南國小-操場,五谷街2號,苗栗縣竹南鎮,苗栗縣竹南鎮,120.884878,24.688226,500,True,頭份,62.0,1.7,Low Risk
竹林社區活動中心,復興路二段122號,宜蘭縣羅東鎮,宜蘭縣羅東鎮,121.7658,24.6883,148,True,冬山,46.0,6.81,Low Risk
協和社區活動中心,五結路2段199號,宜蘭縣五結鄉,宜蘭縣五結鄉,121.8045,24.6883,161,True,冬山,46.0,6.35,Low Risk
竹林國小體育館,復興路二段128號,宜蘭縣羅東鎮,宜蘭縣羅東鎮,121.7661,24.6887,357,True,冬山,46.0,6.84,Low Risk
峨眉國小,峨眉街4號,新竹縣峨眉鄉,新竹縣峨眉鄉,121.02014,24.68874,390,True,竹東,49.0,9.05,Low Risk
李科永圖書館,永貞路二段196號,苗栗縣竹南鎮,苗栗縣竹南鎮,120.886019,24.689053,300,True,頭份,62.0,1.55,Low Risk
竹南運動公園,17鄰永貞路二段196號,苗栗縣竹南鎮,苗栗縣竹南鎮,120.886045,24.689128,5000,False,頭份,62.0,1.54,Warning
義興分校,8鄰51號,新竹縣尖石鄉,新竹縣尖石鄉,121.1778,24.6895,60,True,竹東,49.0,10.64,Low Risk
建國國中操場,建國路119號,苗栗縣頭份市,苗栗縣竹南鎮,120.874545,24.68975,250,True,頭份,62.0,2.57,Low Risk
富興社區活動中心,1鄰33號,新竹縣峨眉鄉,新竹縣峨眉鄉,120.98663,24.69036,75,True,頭份,62.0,8.91,Low Risk
峨眉國中,峨眉街54號,新竹縣峨眉鄉,新竹縣峨眉鄉,121.0181,24.6908,590,True,竹東,49.0,9.07,Low Risk
竹興社區活動中心-竹南鎮老人文康活動中心,新興街48巷6號,苗栗縣竹南鎮,苗栗縣竹南鎮,120.8605,24.6909,400,True,頭份,62.0,3.92,Low Risk
頭份國中操場,中央路275號,苗栗縣頭份市,苗栗縣頭份市,120.901115,24.6921,250,True,頭份,62.0,0.59,Low Risk
中盛社區活動中心,5鄰283號,新竹縣峨眉鄉,新竹縣峨眉鄉,121.03017,24.6922,25,True,竹東,49.0,8.04,Low Risk
蟠桃國小操場,信東路285號,苗栗縣頭份市,苗栗縣頭份市,120.906679,24.692772,200,True,頭份,62.0,0.93,Low Risk
大隱社區臨時收容站,三星路1段533巷48號,宜蘭縣三星鄉,宜蘭縣三星鄉,121.7274,24.6929,123,True,宜蘭,31.0,6.41,Low Risk
八大庄一百甲城煌廟,五結路一段120號,宜蘭縣五結鄉,宜蘭縣五結鄉,121.828,24.6929,51,True,冬山,46.0,7.62,Low Risk
上埔社區活動中心室內,上埔路85號,苗栗縣頭份市,苗栗縣頭份市,120.922781,24.69297,60,True,頭份,62.0,2.47,Low Risk
萬德社區二次收容,楓林九路61號,宜蘭縣三星鄉,宜蘭縣三星鄉,121.7282,24.6931,48,True,宜蘭,31.0,6.37,Low Risk
萬富社區臨時收容站,7鄰萬富路59-2號,宜蘭縣三星鄉,宜蘭縣三星鄉,121.7282,24.6931,63,True,宜蘭,31.0,6.37,Low Risk
蟠桃社區活動中心,22鄰中興街150號,苗栗縣頭份市,苗栗縣頭份市,120.9028,24.6937,125,True,頭份,62.0,0.55,Low Risk
忠孝社區活動中心,2鄰忠孝2路83號,苗栗縣頭份市,苗栗縣頭份市,120.9114,24.6937,90,True,頭份,62.0,1.33,Low Risk
照南國小活動中心,光復路331號,苗栗縣竹南鎮,苗栗縣竹南鎮,120.87945,24.694078,500,True,頭份,62.0,1.97,Low Risk
佳興社區活動中心,光復路452號,苗栗縣竹南鎮,苗栗縣竹南鎮,120.8797,24.6953,100,True,頭份,62.0,1.93,Low Risk
嘉興國小,3鄰麥樹仁177號,新竹縣尖石鄉,新竹縣尖石鄉,121.2011,24.6953,50,True,竹東,49.0,12.41,Low Risk
建國國小操場,建國路80號,苗栗縣頭份市,苗栗縣頭份市,120.909781,24.695407,200,True,頭份,62.0,1.13,Low Risk
孝威社區活動中心,孝威路322號,宜蘭縣五結鄉,宜蘭縣五結鄉,121.8117,24.6961,168,True,冬山,46.0,7.35,Low Risk
后庄國小操場,文化街20號,苗栗縣頭份市,苗栗縣頭份市,120.897894,24.696211,150,True,頭份,62.0,0.11,Low Risk
五結國中五動館,大吉五路58號,宜蘭縣五結鄉,宜蘭縣五結鄉,121.8002,24.6963,465,True,冬山,46.0,7.17,Low Risk
信義國小操場,信中路36號,苗栗縣頭份市,苗栗縣頭份市,120.890744,24.69706,200,True,頭份,62.0,0.8,Low Risk
興隆社區活動中心室內,興隆路一段24-26號?,苗栗縣頭份市,苗栗縣頭份市,120.931057,24.697341,100,True,頭份,62.0,3.27,Low Risk
四結福德廟,孝威路322號,宜蘭縣五結鄉,宜蘭縣五結鄉,121.7652,24.6974,106,True,宜蘭,31.0,5.93,Low Risk
石井集會所,4鄰34-7號,新竹縣峨眉鄉,新竹縣峨眉鄉,121.00073,24.69814,35,True,竹東,49.0,10.1,Low Risk
嘉樂村集會所,6鄰9號,新竹縣尖石鄉,新竹縣尖石鄉,121.1913,24.6986,40,True,竹東,49.0,11.36,Low Risk
北埔鄉圓樓市場,光復街30號,新竹縣北埔鄉,新竹縣北埔鄉,121.056026,24.699071,165,True,竹東,49.0,5.72,Low Risk
開基灶君廟省民堂,三結東路14號,宜蘭縣五結鄉,宜蘭縣五結鄉,121.7867,24.6994,32,True,宜蘭,31.0,6.76,Low Risk
北埔鄉老人文康中心,北埔街90號3樓,新竹縣北埔鄉,新竹縣北埔鄉,121.055108,24.700345,50,True,竹東,49.0,5.66,Low Risk
埔尾活動中心二次避難所,埔心街132號,新竹縣北埔鄉,新竹縣北埔鄉,121.054377,24.700742,40,True,竹東,49.0,5.67,Low Risk
北埔國小二次避難所,埔心街24號,新竹縣北埔鄉,新竹縣北埔鄉,121.053448,24.700797,865,True,竹東,49.0,5.72,Low Risk
北埔鄉立幼兒園,中興街2號,新竹縣北埔鄉,新竹縣北埔鄉,121.05916,24.701165,80,True,竹東,49.0,5.35,Low Risk
仁愛社區活動中心,羅東鎮仁愛里復興路三段557號,宜蘭縣羅東鎮,宜蘭縣羅東鎮,121.756,24.7014,174,True,宜蘭,31.0,5.26,Low Risk
山下社區活動中心,7鄰山下62-7號,苗栗縣頭份市,苗栗縣頭份市,120.9012,24.7018,50,True,頭份,62.0,0.6,Low Risk
關西國小,7鄰中山路126號,新竹縣關西鎮,新竹縣北埔鄉,121.0541,24.7029,700,True,竹東,49.0,5.5,Low Risk
水?社區活動中心,8鄰中豐路1巷9號,新竹縣北埔鄉,新竹縣北埔鄉,121.05927,24.703765,35,True,竹東,49.0,5.1,Low Risk
豐田村集會所,3鄰油羅63-1號,新竹縣橫山鄉,新竹縣橫山鄉,121.1569,24.70432,45,True,竹東,49.0,7.98,Low Risk
北埔國中二次避難所,埔心街141號,新竹縣北埔鄉,新竹縣北埔鄉,121.047608,24.704374,920,True,竹東,49.0,5.83,Low Risk
田寮村集會所,田洋街132號,新竹縣橫山鄉,新竹縣橫山鄉,121.1058,24.70463,180,True,竹東,49.0,4.38,Low Risk
三興社區活動中心,三結路43-1號,宜蘭縣五結鄉,宜蘭縣五結鄉,121.7739,24.7056,83,True,宜蘭,31.0,5.46,Low Risk
尖石天主堂,3鄰147號,新竹縣尖石鄉,新竹縣尖石鄉,121.2029,24.7059,50,True,竹東,49.0,12.15,Low Risk
新光國小,8鄰17號,新竹縣尖石鄉,新竹縣尖石鄉,121.2031,24.706,50,True,竹東,49.0,12.17,Low Risk
廣濟宮活動中心,大同路1號,新竹縣橫山鄉,新竹縣橫山鄉,121.1807,24.70628,110,True,竹東,49.0,10.03,Low Risk
拿互依長老教會,3鄰153號,新竹縣尖石鄉,新竹縣尖石鄉,121.2085,24.7068,50,True,竹東,49.0,12.66,Low Risk
大同高中-操場,公義路890號,苗栗縣竹南鎮,苗栗縣竹南鎮,120.895333,24.707893,800,True,頭份,62.0,1.27,Low Risk
大埔社區活動中心,公義路936號,苗栗縣竹南鎮,苗栗縣竹南鎮,120.896939,24.709181,100,True,頭份,62.0,1.38,Low Risk
中華村集會所,粗坑路304號,宜蘭縣員山鄉,宜蘭縣員山鄉,121.646633,24.709398,11,True,宜蘭,31.0,10.95,Low Risk
二結社區活動中心,學進路83號,宜蘭縣五結鄉,宜蘭縣五結鄉,121.762,24.7095,170,True,宜蘭,31.0,4.55,Low Risk
內城國民中小學化育分校,員山路三段256號,宜蘭縣員山鄉,宜蘭縣員山鄉,121.652657,24.71129,180,True,宜蘭,31.0,10.31,Low Risk
蓁巷社區活動中心,成功路45號,宜蘭縣員山鄉,宜蘭縣員山鄉,121.695581,24.713572,64,True,宜蘭,31.0,6.4,Low Risk
員崠國小活動中心,東峰路281號,新竹縣竹東鎮,新竹縣竹東鎮,121.0988,24.7137,580,True,竹東,49.0,3.19,Low Risk
七賢村民眾活動中心,賢德路一段61巷25號,宜蘭縣員山鄉,宜蘭縣員山鄉,121.735106,24.714634,78,True,宜蘭,31.0,3.87,Low Risk
深溝村集會所,深洲一路37巷7號,宜蘭縣員山鄉,宜蘭縣員山鄉,121.71978,24.715727,10,True,宜蘭,31.0,4.48,Low Risk
力行村集會所,中山街1段177號,新竹縣橫山鄉,新竹縣橫山鄉,121.1681,24.71575,15,True,竹東,49.0,8.47,Low Risk
橫山社區長壽俱樂部,橫山96號,新竹縣橫山鄉,新竹縣橫山鄉,121.1153,24.71819,45,True,竹東,49.0,3.67,Low Risk
內城社區活動中心,榮光路321號,宜蘭縣員山鄉,宜蘭縣員山鄉,121.688913,24.720881,34,True,宜蘭,31.0,6.54,Low Risk
雙溪國小三峰分校,7鄰新湖路4段90號,新竹縣寶山鄉,新竹縣寶山鄉,120.9970159,24.72123556,1100,True,竹東,49.0,9.54,Low Risk
老人文康活動中心,永昌街53號,新竹縣橫山鄉,新竹縣橫山鄉,121.1345,24.72184,90,True,竹東,49.0,5.07,Low Risk
八五三教會,10鄰62-5號,新竹縣尖石鄉,新竹縣尖石鄉,121.2741,24.7223,200,True,龍潭,92.0,16.8,Low Risk
油田社區活動中心,8鄰新湖路3段172號,新竹縣寶山鄉,新竹縣寶山鄉,121.01329,24.724414,82,True,竹東,49.0,7.86,Low Risk
凱旋國民中學樂活館,縣政七街50巷1號,宜蘭縣宜蘭市,宜蘭縣宜蘭市,121.757,24.7256,164,True,宜蘭,31.0,2.7,Low Risk
凱旋國小展藝館,凱旋路130號,宜蘭縣宜蘭市,宜蘭縣宜蘭市,121.7636,24.7256,277,True,宜蘭,31.0,3.03,Low Risk
南隘國小,新竹市南隘路二段31號,新竹市香山區,新竹市香山區,120.929301,24.727235,465,True,頭份,62.0,4.58,Low Risk
凱旋社區活動中心,旋流路3之5號,宜蘭縣宜蘭市,宜蘭縣宜蘭市,121.7682,24.7276,64,True,宜蘭,31.0,3.15,Low Risk
大崎村集會所,雙園路1段6巷32號,新竹縣寶山鄉,新竹縣寶山鄉,120.9534,24.7288,106,True,頭份,62.0,6.57,Low Risk
寶斗集會所,6鄰寶斗路110號,新竹縣寶山鄉,新竹縣寶山鄉,120.9533615,24.72880207,72,True,頭份,62.0,6.56,Low Risk
新南活動中心,壯圍鄉新南村美福路一段76號,宜蘭縣壯圍鄉,宜蘭縣壯圍鄉,121.7873,24.7294,44,True,宜蘭,31.0,4.62,Low Risk
紅葉活動中心,壯圍鄉復興村紅葉路69-4號,宜蘭縣壯圍鄉,宜蘭縣壯圍鄉,121.8225,24.7297,61,True,宜蘭,31.0,7.95,Low Risk
南橋社區活動中心,南橋路240號,宜蘭縣宜蘭市,宜蘭縣宜蘭市,121.7412,24.7307,38,True,宜蘭,31.0,1.99,Low Risk
建業社區活動中心,建業路86巷57號、59號,宜蘭縣宜蘭市,宜蘭縣宜蘭市,121.7566,24.7315,26,True,宜蘭,31.0,2.1,Low Risk
惠好社區活動中心,賢德路二段66巷50號,宜蘭縣員山鄉,宜蘭縣員山鄉,121.730742,24.731738,125,True,宜蘭,31.0,2.39,Low Risk
樹杞林文化館,新生路377號,新竹縣竹東鎮,新竹縣竹東鎮,121.0946,24.7325,817,True,竹東,49.0,1.1,Low Risk
育才國小中興堂,進士路8號,宜蘭縣宜蘭市,宜蘭縣宜蘭市,121.7369,24.7332,68,True,宜蘭,31.0,1.9,Low Risk
新城國小,10鄰寶新路2段475號,新竹縣寶山鄉,新竹縣寶山鄉,120.967436,24.733474,770,True,新竹,52.0,8.04,Low Risk
中山國小禮堂,中山路70號,新竹縣竹東鎮,新竹縣竹東鎮,121.0947,24.7335,797,True,竹東,49.0,1.01,Low Risk
秀湖社區活動中心,4鄰五和街3號,新竹縣芎林鄉,新竹縣芎林鄉,121.1168,24.734,30,True,竹東,49.0,2.92,Low Risk
水田教會,水田7鄰192號,新竹縣尖石鄉,新竹縣尖石鄉,121.2584,24.7341,50,True,龍潭,92.0,15.05,Low Risk
竹東國小體育館,康寧街1號,新竹縣竹東鎮,新竹縣竹東鎮,121.0883,24.7352,650,True,竹東,49.0,0.64,Low Risk
湖北社區活動中心,大湖五路80號,宜蘭縣員山鄉,宜蘭縣員山鄉,121.718042,24.735298,30,True,宜蘭,31.0,3.19,Low Risk
福興社區活動中心,八十分31號,新竹縣橫山鄉,新竹縣橫山鄉,121.1704,24.73543,155,True,竹東,49.0,8.25,Low Risk
五龍社區活動中心,富林路1段138巷91號,新竹縣芎林鄉,新竹縣芎林鄉,121.1223,24.7362,20,True,竹東,49.0,3.41,Low Risk
永鎮活動中心,壯圍鄉永鎮村壯濱路四段375號,宜蘭縣壯圍鄉,宜蘭縣壯圍鄉,121.8154,24.7366,118,True,宜蘭,31.0,7.08,Low Risk
竹東客家戲曲公園,原育樂公園,新竹縣竹東鎮,新竹縣竹東鎮,121.0903,24.7373,805,True,竹東,49.0,0.42,Low Risk
尚德社區活動中心,三鬮路35巷13號,宜蘭縣員山鄉,宜蘭縣員山鄉,121.722128,24.737618,134,True,宜蘭,31.0,2.7,Low Risk
逸仙社區活動中心,大湖十六路181巷2號,宜蘭縣員山鄉,宜蘭縣員山鄉,121.700435,24.738714,34,True,宜蘭,31.0,4.75,Low Risk
沙坑村集會所,沙坑街50號,新竹縣橫山鄉,新竹縣橫山鄉,121.1611,24.73874,50,True,竹東,49.0,7.29,Low Risk
大同國小禮堂,莊敬街111號,新竹縣竹東鎮,新竹縣竹東鎮,121.0884,24.7403,835,True,竹東,49.0,0.09,Low Risk
寶山國小,8鄰寶山路2段130號,新竹縣寶山鄉,新竹縣寶山鄉,121.022112,24.74037021,624,True,竹東,49.0,6.75,Low Risk
進士里鎮興廟,進士路53號,宜蘭縣宜蘭市,宜蘭縣宜蘭市,121.7465,24.7414,46,True,宜蘭,31.0,0.72,Low Risk
內湖國中,新竹市五福路一段12號,新竹市香山區,新竹市香山區,120.911092,24.741924,1110,True,頭份,62.0,5.16,Low Risk
內湖國小,新竹市香山區內湖路109號,新竹市香山區,新竹市香山區,120.90696,24.74193,1330,True,頭份,62.0,5.08,Low Risk
黎明里慶安廟,黎明路481巷11號,宜蘭縣宜蘭市,宜蘭縣宜蘭市,121.7712,24.7427,30,True,宜蘭,31.0,2.57,Low Risk
黎明社區活動中心,黎明路326號,宜蘭縣宜蘭市,宜蘭縣宜蘭市,121.776,24.744,35,True,宜蘭,31.0,3.02,Low Risk
壯五活動中心,壯圍鄉吉祥村壯五路63號,宜蘭縣壯圍鄉,宜蘭縣壯圍鄉,121.789598,24.744488,163,True,宜蘭,31.0,4.38,Low Risk
老人文康中心,文化路156號,宜蘭縣員山鄉,宜蘭縣員山鄉,121.722886,24.745244,28,True,宜蘭,31.0,2.39,Low Risk
國立宜蘭大學體育館,神農路一段1號,宜蘭縣宜蘭市,宜蘭縣宜蘭市,121.7481,24.7453,375,True,宜蘭,31.0,0.34,Low Risk
大湖國小,新竹市香山區大湖里五福路一段530號,新竹市香山區,新竹市香山區,120.933483,24.745728,205,True,頭份,62.0,6.47,Low Risk
湖東社區活動中心,茄苳路68-2號,宜蘭縣員山鄉,宜蘭縣員山鄉,121.708869,24.746017,13,True,宜蘭,31.0,3.8,Low Risk
壯圍鄉公所,壯圍鄉壯志路1號,宜蘭縣壯圍鄉,宜蘭縣壯圍鄉,121.785768,24.746835,190,True,宜蘭,31.0,3.98,Low Risk
大福補天宮,壯圍鄉大福村壯濱路6段279號,宜蘭縣壯圍鄉,宜蘭縣壯圍鄉,121.7858,24.7469,600,True,宜蘭,31.0,3.98,Low Risk
思源社區活動中心,泰山路七結巷9之10號,宜蘭縣宜蘭市,宜蘭縣宜蘭市,121.7374,24.7482,35,True,宜蘭,31.0,0.91,Low Risk
雙湖社區活動中心,隘界路131號,宜蘭縣員山鄉,宜蘭縣員山鄉,121.68547,24.748286,78,True,宜蘭,31.0,6.15,Low Risk
永興社區活動中心,7鄰39之3號,新竹縣芎林鄉,新竹縣芎林鄉,121.1104,24.7483,20,True,竹東,49.0,2.32,Low Risk
石潭社區活動中心,福昌街300巷47號,新竹縣芎林鄉,新竹縣芎林鄉,121.1009,24.7484,60,True,竹東,49.0,1.47,Low Risk
三聖宮,女中路一段148號,宜蘭縣宜蘭市,宜蘭縣宜蘭市,121.766,24.7488,85,True,宜蘭,31.0,1.98,Low Risk
復興國中群育館,復興路二段77號,宜蘭縣宜蘭市,宜蘭縣宜蘭市,121.7476,24.7489,212,True,宜蘭,31.0,0.16,Low Risk
永和社區活動中心,溫泉路62-1號,宜蘭縣員山鄉,宜蘭縣員山鄉,121.711078,24.749471,96,True,宜蘭,31.0,3.57,Low Risk
華龍村集會所,6鄰176之1號,新竹縣芎林鄉,新竹縣芎林鄉,121.1398,24.7502,20,True,竹東,49.0,5.24,Low Risk
五大社區活動中心,東港路二巷14弄21號,宜蘭縣宜蘭市,宜蘭縣宜蘭市,121.7838,24.7504,38,True,宜蘭,31.0,3.79,Low Risk
中華國中,女中路一段100號,宜蘭縣宜蘭市,宜蘭縣宜蘭市,121.7669,24.7505,420,True,宜蘭,31.0,2.09,Low Risk
國立宜蘭高中體育館,復興路三段8號,宜蘭縣宜蘭市,宜蘭縣宜蘭市,121.7428,24.7511,237,True,宜蘭,31.0,0.51,Low Risk
美城活動中心,壯圍鄉美城村永美路2段121號,宜蘭縣壯圍鄉,宜蘭縣壯圍鄉,121.8017,24.7513,155,True,宜蘭,31.0,5.6,Low Risk
黎明國小體育館,校舍路1號,宜蘭縣宜蘭市,宜蘭縣宜蘭市,121.7643,24.7517,108,True,宜蘭,31.0,1.86,Low Risk
社福大樓2樓,民權路一段65號,宜蘭縣宜蘭市,宜蘭縣宜蘭市,121.7539,24.7526,56,True,宜蘭,31.0,0.92,Low Risk
宜蘭國小活動中心,崇聖街2號,宜蘭縣宜蘭市,宜蘭縣宜蘭市,121.7547,24.7532,286,True,宜蘭,31.0,1.02,Low Risk
東嶽廟,中山路二段293號295號,宜蘭縣宜蘭市,宜蘭縣宜蘭市,121.7526,24.7534,350,True,宜蘭,31.0,0.87,Low Risk
南屏國小活動中心,泰山路98號,宜蘭縣宜蘭市,宜蘭縣宜蘭市,121.7426,24.754,231,True,宜蘭,31.0,0.78,Low Risk
中山國小五育館,崇聖街4號,宜蘭縣宜蘭市,宜蘭縣宜蘭市,121.7546,24.754,65,True,宜蘭,31.0,1.07,Low Risk
光復國小五育館,泰山路60號,宜蘭縣宜蘭市,宜蘭縣宜蘭市,121.747,24.7545,284,True,宜蘭,31.0,0.73,Low Risk
國立宜蘭高商四維堂,延平路50號,宜蘭縣宜蘭市,宜蘭縣宜蘭市,121.7655,24.7549,283,True,宜蘭,31.0,2.08,Low Risk
茄冬國小,新竹市香山區茄苳里茄苳路70號,新竹市香山區,新竹市香山區,120.944631,24.755627,1060,True,新竹,52.0,6.23,Low Risk
美福活動中心,壯圍鄉美福村美福路3段92巷6號,宜蘭縣壯圍鄉,宜蘭縣壯圍鄉,121.791,24.7569,60,True,宜蘭,31.0,4.61,Low Risk
玉山國小,4鄰赤柯山25號,新竹縣關西鎮,新竹縣關西鎮,121.2087,24.7576,280,True,龍潭,92.0,11.86,Low Risk
中華大學,新竹市五福路二段707號,新竹市香山區,新竹市香山區,120.954072,24.758944,6770,True,新竹,52.0,5.51,Low Risk
碧霞宮,城隍街52號,宜蘭縣宜蘭市,宜蘭縣宜蘭市,121.7511,24.7593,48,True,宜蘭,31.0,1.35,Low Risk
過嶺活動中心,壯圍鄉過村壯濱路3段295號,宜蘭縣壯圍鄉,宜蘭縣壯圍鄉,121.815365,24.759471,66,True,宜蘭,31.0,7.08,Low Risk
結頭份社區活動中心,永同路2段186之1號,宜蘭縣員山鄉,宜蘭縣員山鄉,121.719624,24.759721,52,True,宜蘭,31.0,3.0,Low Risk
梅洲里鎮平宮,鎮平路98號,宜蘭縣宜蘭市,宜蘭縣宜蘭市,121.7442,24.7608,35,True,宜蘭,31.0,1.45,Low Risk
東園社區活動中心,宜蘭市新興路111號,宜蘭縣宜蘭市,宜蘭縣宜蘭市,121.7575,24.7608,44,True,宜蘭,31.0,1.82,Low Risk
宜蘭縣社會福利館多功能劇場,同慶街95號,宜蘭縣宜蘭市,宜蘭縣宜蘭市,121.7506,24.7617,32,True,宜蘭,31.0,1.59,Low Risk
同樂社區活動中心,同新路182號,宜蘭縣員山鄉,宜蘭縣員山鄉,121.729673,24.762017,94,True,宜蘭,31.0,2.3,Low Risk
慶和社區活動中心1樓,碧霞街136號,宜蘭縣宜蘭市,宜蘭縣宜蘭市,121.7524,24.7622,45,True,宜蘭,31.0,1.7,Low Risk
慶和里慶和廟,慶和街慶和巷16號,宜蘭縣宜蘭市,宜蘭縣宜蘭市,121.7518,24.7626,4,True,宜蘭,31.0,1.72,Low Risk
梅洲社區活動中心,金同春路48號1樓,宜蘭縣宜蘭市,宜蘭縣宜蘭市,121.7443,24.7631,86,True,宜蘭,31.0,1.7,Low Risk
力行國小英才館,力行路１５２號,宜蘭縣宜蘭市,宜蘭縣宜蘭市,121.755,24.7638,148,True,宜蘭,31.0,1.97,Low Risk
宜蘭國中活動中心,樹人路37號,宜蘭縣宜蘭市,宜蘭縣宜蘭市,121.75,24.7639,356,True,宜蘭,31.0,1.81,Low Risk
七張社區活動中心,七張路62之11號,宜蘭縣宜蘭市,宜蘭縣宜蘭市,121.7752,24.764,140,True,宜蘭,31.0,3.41,Low Risk
富禮國中,新竹市富禮街16號,新竹市香山區,新竹市香山區,120.912421,24.764361,1645,True,新竹,52.0,7.6,Low Risk
新生社區活動中心,大福路1段243號,宜蘭縣宜蘭市,宜蘭縣宜蘭市,121.7642,24.7646,35,True,宜蘭,31.0,2.58,Low Risk
雙溪國小,9鄰雙園路2段310號,新竹縣寶山鄉,新竹縣寶山鄉,120.9913,24.7647,3522,True,新竹,52.0,4.94,Low Risk
七張里慈雲寺,七張路539號,宜蘭縣宜蘭市,宜蘭縣宜蘭市,121.7695,24.7648,25,True,宜蘭,31.0,2.99,Low Risk
順和活動中心,壯圍鄉忠孝村順和路47-4號,宜蘭縣壯圍鄉,宜蘭縣壯圍鄉,121.799791,24.764974,66,True,宜蘭,31.0,5.72,Low Risk
寶山鄉綜合行政大樓,雙園路2段325號5樓,新竹縣寶山鄉,新竹縣寶山鄉,120.9912736,24.76552459,264,True,新竹,52.0,4.85,Low Risk
朝山國小,新竹市中華路五段648巷126號,新竹市香山區,新竹市香山區,120.913409,24.765725,1460,True,新竹,52.0,7.42,Low Risk
寶山鄉老人文康中心,雙園路二段283號,新竹縣寶山鄉,新竹縣寶山鄉,120.993005,24.766487,310,True,新竹,52.0,4.83,Low Risk
二重國小禮堂,光明路32號,新竹縣竹東鎮,新竹縣竹東鎮,121.05731,24.767497,800,True,竹東,49.0,4.35,Low Risk
北津社區活動中心,金同春路231號,宜蘭縣宜蘭市,宜蘭縣宜蘭市,121.7499,24.7675,72,True,宜蘭,31.0,2.21,Low Risk
新鳳村集會所,文衡路200號,新竹縣芎林鄉,新竹縣芎林鄉,121.0878,24.7679,20,True,竹東,49.0,3.0,Low Risk
枕山社區活動中心,枕山路43-1號,宜蘭縣員山鄉,宜蘭縣員山鄉,121.718546,24.768291,60,True,宜蘭,31.0,3.61,Low Risk
北津里帝王廟,北津路31-5號,宜蘭縣宜蘭市,宜蘭縣宜蘭市,121.7546,24.7686,10,True,宜蘭,31.0,2.44,Low Risk
錦山國小,11鄰馬武督107號,新竹縣關西鎮,新竹縣關西鎮,121.2252,24.7688,460,True,龍潭,92.0,10.62,Low Risk
青草湖國小,新竹市東區明湖路 1211 號,新竹市東區,新竹市東區,120.979086,24.768845,937,True,新竹,52.0,4.15,Low Risk
深井社區活動中心,7鄰雙林路2段18號,新竹縣寶山鄉,新竹縣寶山鄉,121.0039,24.7698,208,True,新竹,52.0,5.1,Low Risk
?後活動中心,壯圍鄉東港村?後路50-1號,宜蘭縣壯圍鄉,宜蘭縣壯圍鄉,121.8,24.7706,46,True,宜蘭,31.0,5.97,Low Risk
新生國小體育館,大坡路一段100號,宜蘭縣宜蘭市,宜蘭縣宜蘭市,121.7545,24.7707,317,True,宜蘭,31.0,2.66,Low Risk
古亭活動中心,壯圍鄉古亭村古亭路48-16號,宜蘭縣壯圍鄉,宜蘭縣壯圍鄉,121.8003,24.7719,199,True,宜蘭,31.0,6.06,Low Risk
玄奘大學,新竹市玄奘路48號,新竹市香山區,新竹市香山區,120.943099,24.774677,8095,True,新竹,52.0,4.54,Low Risk
文林村集會所,7鄰文山路327號,新竹縣芎林鄉,新竹縣芎林鄉,121.0814,24.7747,40,True,竹東,49.0,3.83,Low Risk
芎林村公有零售市場,文化街30巷3號之1,新竹縣芎林鄉,新竹縣芎林鄉,121.0792,24.7749,110,True,竹東,49.0,3.91,Low Risk
中坑社區活動中心,2鄰7之3號,新竹縣芎林鄉,新竹縣芎林鄉,121.0925,24.775,10,True,竹東,49.0,3.81,Low Risk
壯六活動中心,壯圍鄉忠孝村壯六路47號,宜蘭縣壯圍鄉,宜蘭縣壯圍鄉,121.8148,24.7751,129,True,宜蘭,31.0,7.54,Low Risk
元培科技大學,新竹市元培街306號,新竹市香山區,新竹市香山區,120.94033,24.775832,3495,True,新竹,52.0,4.63,Low Risk
茭白社區活動中心,茭白路39-10號,宜蘭縣宜蘭市,宜蘭縣宜蘭市,121.7506,24.7763,38,True,宜蘭,31.0,3.18,Low Risk
東光國小,5鄰十六張190號,新竹縣關西鎮,新竹縣關西鎮,121.1759,24.7765,430,True,竹東,49.0,9.63,Low Risk
新社活動中心,壯圍鄉新社村新社路54之3號,宜蘭縣壯圍鄉,宜蘭縣壯圍鄉,121.7889,24.7774,89,True,宜蘭,31.0,5.4,Low Risk
新竹實驗中學,新竹市介壽路300號,新竹市東區,新竹市東區,121.015882,24.777965,3375,True,新竹,52.0,5.36,Low Risk
澳花國小,中央路19號,宜蘭縣南澳鄉,新竹市東區,120.988108,24.778289,50,True,新竹,52.0,3.43,Low Risk
新社高級中學,中和街三段國中巷10號,臺中市新社區,新竹市東區,120.988108,24.778289,300,True,新竹,52.0,3.43,Low Risk
新科國中,新竹市光復路一段89巷88號,新竹市東區,新竹市東區,121.023052,24.780004,850,True,新竹,52.0,5.86,Low Risk
龍潭國小,育龍路71號,宜蘭縣礁溪鄉,宜蘭縣礁溪鄉,121.7447,24.7802,195,True,宜蘭,31.0,3.59,Low Risk
竹中國小禮堂,竹中路104巷14號,新竹縣竹東鎮,新竹縣竹東鎮,121.03,24.7805,600,True,新竹,52.0,6.45,Low Risk
水坑社區活動中心,4鄰文華街183巷,新竹縣芎林鄉,新竹縣芎林鄉,121.098,24.7817,20,True,竹東,49.0,4.63,Low Risk
科園國小,新竹市東區科園里7鄰科學園路171號,新竹市東區,新竹市東區,121.011818,24.781902,365,True,新竹,52.0,4.78,Low Risk
鄉立幼兒園,武暖路10之3號,宜蘭縣礁溪鄉,宜蘭縣礁溪鄉,121.7672,24.7829,448,True,宜蘭,31.0,4.42,Low Risk
關東國小,新竹市關東路53號,新竹市東區,新竹市東區,121.022153,24.783923,1360,True,新竹,52.0,5.58,Low Risk
古結活動中心,壯圍鄉古結村古結路237號,宜蘭縣壯圍鄉,宜蘭縣壯圍鄉,121.8094,24.7846,88,True,宜蘭,31.0,7.56,Low Risk
香山高中,新竹市元培街124號,新竹市香山區,新竹市香山區,120.929526,24.785082,3365,True,新竹,52.0,4.89,Low Risk
交通大學,新竹市大學路1001號,新竹市東區,新竹市東區,120.997073,24.785604,4610,True,新竹,52.0,3.34,Low Risk
上山村集會所,5鄰綠獅三街6號,新竹縣芎林鄉,新竹縣芎林鄉,121.0721,24.7857,60,True,竹東,49.0,5.26,Low Risk
吳沙國中,育英路79號,宜蘭縣礁溪鄉,宜蘭縣礁溪鄉,121.7596,24.786,742,True,宜蘭,31.0,4.44,Low Risk
光武國中,新竹市光復路1段512號,新竹市東區,新竹市東區,121.011858,24.78629,1555,True,新竹,52.0,4.53,Low Risk
四結國小,育英路46號,宜蘭縣礁溪鄉,宜蘭縣礁溪鄉,121.7598,24.7865,360,True,宜蘭,31.0,4.5,Low Risk
新竹縣農會,文山路989號,新竹縣芎林鄉,新竹縣芎林鄉,121.0687,24.7875,80,True,竹東,49.0,5.57,Low Risk
大庄國小,新竹市香山里大庄路48號,新竹市香山區,新竹市香山區,120.927189,24.789125,1510,True,新竹,52.0,4.92,Low Risk
關西高中,10鄰中山東路2號,新竹縣關西鎮,新竹縣關西鎮,121.1861,24.7898,1170,True,龍潭,92.0,8.8,Low Risk
育賢國中,新竹市南大路569號,新竹市東區,新竹市東區,120.965592,24.789997,1770,True,新竹,52.0,1.87,Low Risk
陽光國小,新竹市明湖路200號,新竹市東區,新竹市東區,120.967491,24.790196,1745,True,新竹,52.0,1.79,Low Risk
東安國小,中山東路40號,新竹縣關西鎮,新竹縣關西鎮,121.1839,24.7903,585,True,龍潭,92.0,8.83,Low Risk
龍山國小,新竹市東區光復路一段574號,新竹市東區,新竹市東區,121.006933,24.790362,2015,True,新竹,52.0,3.88,Low Risk
成德高中,新竹市北區曲溪里崧嶺路128巷38號,新竹市北區,新竹市北區,120.951558,24.79067,3710,True,新竹,52.0,2.68,Low Risk
龍潭國小匏崙分校,匏杓崙路95之2號,宜蘭縣礁溪鄉,宜蘭縣礁溪鄉,121.7294,24.7924,60,True,宜蘭,31.0,5.24,Low Risk
建華國中,新竹市學府路2號,新竹市東區,新竹市東區,120.976649,24.792771,3400,True,新竹,52.0,1.49,Low Risk
新竹教育大學,新竹市南大路521號,新竹市東區,新竹市東區,120.964058,24.792904,3160,True,新竹,52.0,1.65,Low Risk
培英國中,新竹市學府路4號,新竹市東區,新竹市東區,120.978043,24.794134,3465,True,新竹,52.0,1.4,Low Risk
清華大學,新竹市光復路101號,新竹市東區,新竹市東區,120.991267,24.794199,2870,True,新竹,52.0,2.29,Low Risk
新竹高中,新竹市學府路36號,新竹市東區,新竹市東區,120.981495,24.795254,3835,True,新竹,52.0,1.48,Low Risk
新竹高商,新竹市學府路128號,新竹市東區,新竹市東區,120.984561,24.79558,4560,True,新竹,52.0,1.66,Low Risk
新竹國小,新竹市興學街106號,新竹市東區,新竹市東區,120.966471,24.796326,1815,True,新竹,52.0,1.19,Low Risk
香山國小,新竹市牛埔東路260號,新竹市香山區,新竹市香山區,120.943643,24.796942,1625,True,新竹,52.0,3.06,Low Risk
頂埔國小,新竹市頂埔路23號,新竹市香山區,新竹市香山區,120.95023,24.796972,1060,True,新竹,52.0,2.43,Low Risk
建功高中,新竹市建功二路17號,新竹市東區,新竹市東區,121.001296,24.797422,2695,True,新竹,52.0,3.06,Low Risk
光復中學,新竹市光復路二段153號,新竹市東區,新竹市東區,120.994016,24.79763,3790,True,新竹,52.0,2.36,Low Risk
玉田活動中心,礁溪鄉玉田村玉龍路一段479巷6號,宜蘭縣礁溪鄉,宜蘭縣礁溪鄉,121.7856,24.7979,59,True,宜蘭,31.0,6.82,Low Risk
關西國中,12鄰北門口41號,新竹縣關西鎮,新竹縣關西鎮,121.1729,24.7981,950,True,龍潭,92.0,8.55,Low Risk
玉田國小,茅埔路24號,宜蘭縣礁溪鄉,宜蘭縣礁溪鄉,121.7832,24.7982,254,True,宜蘭,31.0,6.71,Low Risk
新竹教育大學附設實驗小學,新竹市四維路47號,新竹市北區,新竹市北區,120.960921,24.79934,1895,True,新竹,52.0,1.35,Low Risk
東園國小,新竹市園後街25號,新竹市東區,新竹市東區,120.985352,24.799643,1515,True,新竹,52.0,1.47,Low Risk
建功國小,新竹市建功1路104巷22號,新竹市東區,新竹市東區,120.998724,24.800239,1695,True,新竹,52.0,2.73,Low Risk
坪林國小,11鄰坪林11號,新竹縣關西鎮,新竹縣關西鎮,121.1402,24.801,435,True,竹東,49.0,8.45,Low Risk
西門國小,新竹市北大路450號,新竹市北區,新竹市北區,120.959338,24.802744,1830,True,新竹,52.0,1.35,Low Risk
壯圍鄉立幼兒園,壯圍鄉古亭村永美路1段180號,宜蘭縣壯圍鄉,宜蘭縣壯圍鄉,121.8162,24.8028,351,True,宜蘭,31.0,9.32,Low Risk
虎林國小,新竹市延平路二段78號,新竹市香山區,新竹市香山區,120.940899,24.805193,1645,True,新竹,52.0,3.18,Low Risk
虎林國中,新竹市延平路二段76號,新竹市香山區,新竹市香山區,120.941997,24.805194,2840,True,新竹,52.0,3.07,Low Risk
新竹女中,新竹市中華路二段270號,新竹市東區,新竹市東區,120.975885,24.805546,2640,True,新竹,52.0,0.36,Low Risk
東區區公所,新竹市民族路40號,新竹市東區,新竹市東區,120.973293,24.805564,105,True,新竹,52.0,0.09,Low Risk
東門國小,新竹市民族路33號,新竹市東區,新竹市東區,120.97267,24.80578,4800,True,新竹,52.0,0.03,Low Risk
東海國小,東興路一段839號,新竹縣竹北市,新竹縣竹北市,121.0498,24.8058,615,True,新竹,52.0,7.82,Low Risk
竹光國中,新竹市和平路一號,新竹市北區,新竹市北區,120.955548,24.807347,480,True,新竹,52.0,1.71,Low Risk
民富國小,新竹市西大路561號,新竹市北區,新竹市北區,120.959098,24.807709,2250,True,新竹,52.0,1.36,Low Risk
南和國小,南和里69號,新竹縣關西鎮,新竹縣關西鎮,121.1204,24.8087,470,True,竹東,49.0,8.18,Low Risk
新竹高工,新竹市中華路二段2號,新竹市東區,新竹市東區,120.983471,24.809466,1570,True,新竹,52.0,1.2,Low Risk
三民活動中心,十六結路101之1號,宜蘭縣礁溪鄉,宜蘭縣礁溪鄉,121.7646,24.8099,59,True,宜蘭,31.0,7.13,Low Risk
磐石中學,新竹市西大路683號,新竹市北區,新竹市北區,120.956991,24.810797,1130,True,新竹,52.0,1.65,Low Risk
曙光女中,新竹市北大路61號,新竹市東區,新竹市東區,120.972659,24.811459,1565,True,新竹,52.0,0.65,Low Risk
曙光國小,新竹市北大路70號,新竹市東區,新竹市東區,120.971126,24.812434,485,True,新竹,52.0,0.77,Low Risk
三民國中,新竹市自由路95巷15號,新竹市東區,新竹市東區,120.980285,24.812643,2935,True,新竹,52.0,1.12,Low Risk
水源國小,新竹市仰德路11號,新竹市東區,新竹市東區,121.002681,24.812834,1110,True,新竹,52.0,3.16,Low Risk
三民國小,礁溪鄉十六結路100號,宜蘭縣礁溪鄉,宜蘭縣礁溪鄉,121.7596,24.8133,180,True,宜蘭,31.0,7.39,Low Risk
三民國小,新竹市自由路66號,新竹市東區,新竹市東區,120.981423,24.813321,2390,True,新竹,52.0,1.25,Low Risk
六家國小,嘉興路62號,新竹縣竹北市,新竹縣竹北市,121.0254,24.8137,760,True,新竹,52.0,5.43,Low Risk
石光國小,9鄰石岡子386號,新竹縣關西鎮,新竹縣關西鎮,121.129,24.8138,490,True,竹東,49.0,9.06,Low Risk
港南國小,新竹市港南里海埔路171巷91號,新竹市香山區,新竹市香山區,120.923258,24.813817,1100,True,新竹,52.0,5.04,Low Risk
北門國小,新竹市水田街33號,新竹市北區,新竹市北區,120.965902,24.814158,1160,True,新竹,52.0,1.15,Low Risk
寶石國小,關埔路672號,新竹縣新埔鎮,新竹縣新埔鎮,121.0791,24.8162,900,True,竹東,49.0,8.43,Low Risk
北區區公所,新竹市國華街69號,新竹市北區,新竹市北區,120.970462,24.816533,215,True,新竹,52.0,1.23,Low Risk
佛光大學,林尾路160號,宜蘭縣礁溪鄉,宜蘭縣礁溪鄉,121.7189,24.8169,642,True,宜蘭,31.0,8.16,Low Risk
礁溪國中,礁溪路四段23號,宜蘭縣礁溪鄉,宜蘭縣礁溪鄉,121.7677,24.8172,531,True,宜蘭,31.0,8.0,Low Risk
光華國中,新竹市光華北街10號,新竹市北區,新竹市北區,120.973409,24.818393,2925,True,新竹,52.0,1.42,Low Risk
成功國中,成功八路99號,新竹縣竹北市,新竹縣竹北市,121.017037,24.818666,775,True,新竹,52.0,4.74,Low Risk
載熙國小,新竹市北區東大路二段386號,新竹市北區,新竹市北區,120.963378,24.819403,1705,True,新竹,52.0,1.78,Low Risk
六家高中,嘉興路356號,新竹縣竹北市,新竹縣竹北市,121.031998,24.820934,720,True,新竹,52.0,6.25,Low Risk
礁溪國小,礁溪路四段135號,宜蘭縣礁溪鄉,宜蘭縣礁溪鄉,121.7685,24.8217,339,True,宜蘭,31.0,8.5,Low Risk
淡江大學蘭陽校園,礁溪鄉林美村林尾路180號,宜蘭縣礁溪鄉,宜蘭縣礁溪鄉,121.729,24.8222,638,True,宜蘭,31.0,8.44,Low Risk
舊社國小,新竹市北區金竹路99號,新竹市北區,新竹市北區,120.973497,24.822754,1040,True,新竹,52.0,1.91,Low Risk
十興國小,莊敬北路66號,新竹縣竹北市,新竹縣竹北市,121.024088,24.824104,740,True,新竹,52.0,5.61,Low Risk
竹安里-竹安國小五育樓,頭城鎮竹安里頭濱路一段601號,宜蘭縣頭城鎮,宜蘭縣頭城鎮,121.8206,24.8252,93,True,宜蘭,31.0,11.4,Low Risk
復興社區活動中心,復興路二段275巷16號,桃園市大溪區,桃園市大溪區,121.310479,24.825594,30,True,龍潭,92.0,10.4,Low Risk
龍源國小操場,深窩子16之1號,桃園市龍潭區,桃園市龍潭區,121.212164,24.82605,800,True,龍潭,92.0,4.24,Low Risk
太平國小,5鄰大旱坑27號,新竹縣關西鎮,新竹縣關西鎮,121.1194,24.8263,220,True,竹東,49.0,9.98,Low Risk
文山國小,國校路160號,新竹縣新埔鎮,新竹縣新埔鎮,121.0474,24.82632,510,True,新竹,52.0,7.91,Low Risk
高原里集會所,中原路3段135號,桃園市龍潭區,桃園市龍潭區,121.192084,24.826594,140,True,龍潭,92.0,4.83,Low Risk
高平社區活動中心,高平村龍源路11號,桃園市龍潭區,桃園市龍潭區,121.206349,24.826772,170,True,龍潭,92.0,4.26,Low Risk
新埔國中,中正路792號,新竹縣新埔鎮,新竹縣新埔鎮,121.0709,24.8279,1400,True,湖口,53.0,8.65,Low Risk
新埔鎮公所,中正路776號,新竹縣新埔鎮,新竹縣新埔鎮,121.071269,24.828171,40,True,湖口,53.0,8.64,Low Risk
新埔國小,中正路366號,新竹縣新埔鎮,新竹縣新埔鎮,121.0791,24.8286,280,True,湖口,53.0,8.93,Low Risk
德陽宮弘道大樓,中山路二段133號,宜蘭縣礁溪鄉,宜蘭縣礁溪鄉,121.7651,24.8287,116,True,宜蘭,31.0,9.18,Low Risk
大平里集會所,大平24-1號,桃園市龍潭區,桃園市龍潭區,121.24615,24.828866,230,True,龍潭,92.0,4.92,Low Risk
大東茶?,15鄰大東坑67號,新竹縣關西鎮,新竹縣關西鎮,121.165982,24.829077,110,True,龍潭,92.0,6.4,Low Risk
玉石活動中心,礁溪鄉公園路2號,宜蘭縣礁溪鄉,宜蘭縣礁溪鄉,121.7768,24.8298,44,True,宜蘭,31.0,9.61,Low Risk
新星國小,民生街28號,新竹縣新埔鎮,新竹縣新埔鎮,121.0735,24.83002,590,True,湖口,53.0,8.54,Low Risk
高原國小操場,橫岡下36號,桃園市龍潭區,桃園市龍潭區,121.194407,24.830482,1000,True,龍潭,92.0,4.34,Low Risk
博愛國小,光明六路72號,新竹縣竹北市,新竹縣竹北市,121.0057,24.8311,715,True,新竹,52.0,4.4,Low Risk
新峰社區活動中心,復興路二段758巷48號,桃園市大溪區,桃園市大溪區,121.329588,24.831286,50,True,龍潭,92.0,11.98,Low Risk
溪洲福山巖,福山一路3號,桃園市大溪區,桃園市大溪區,121.262147,24.831873,100,False,龍潭,92.0,5.83,Warning
中崙里-中崙社區活動中心,頭城鎮中崙里路31號,宜蘭縣頭城鎮,宜蘭縣頭城鎮,121.8027,24.8348,76,True,宜蘭,31.0,11.21,Low Risk
竹仁國小,仁和街1號,新竹縣竹北市,新竹縣竹北市,121.0131,24.8363,705,True,新竹,52.0,5.34,Low Risk
三坑國小操場,永昌路51巷85號,桃園市龍潭區,桃園市龍潭區,121.248866,24.836645,150,True,龍潭,92.0,4.47,Low Risk
竹北高中暫代竹北國小,中央路3號,新竹縣竹北市,新竹縣竹北市,121.00412,24.836963,1885,True,新竹,52.0,4.73,Low Risk
下埔里-下埔社區活動中心,頭城鎮下埔里路48-3號,宜蘭縣頭城鎮,宜蘭縣頭城鎮,121.8078,24.837,100,True,宜蘭,31.0,11.69,Low Risk
南寮國小,新竹市東大路三段465號,新竹市北區,新竹市北區,120.939241,24.838589,1435,True,新竹,52.0,4.96,Low Risk
二城里-二城社區活動中心,頭城鎮二城里青雲路一段143號,宜蘭縣頭城鎮,宜蘭縣頭城鎮,121.7928,24.8388,117,True,宜蘭,31.0,11.14,Low Risk
枋寮國小,義民路二段350號,新竹縣新埔鎮,新竹縣新埔鎮,121.043286,24.839011,545,True,湖口,53.0,6.81,Low Risk
竹北民眾活動中心,中正西路50號,新竹縣竹北市,新竹縣竹北市,121.0036,24.8396,155,True,新竹,52.0,4.92,Low Risk
三林社區活動中心,三角林37號,桃園市龍潭區,桃園市龍潭區,121.229961,24.840368,80,True,龍潭,92.0,2.96,Low Risk
龍潭高中操場,神龍路155號,桃園市龍潭區,桃園市龍潭區,121.212445,24.84158,1000,True,龍潭,92.0,2.53,Low Risk
石門國小禮堂,文化路188號,桃園市龍潭區,桃園市龍潭區,121.241766,24.84158,130,True,龍潭,92.0,3.57,Low Risk
石門國小操場,文化路188號,桃園市龍潭區,桃園市龍潭區,121.241766,24.84158,1000,True,龍潭,92.0,3.57,Low Risk
豐田國小,中正西路1377號,新竹縣竹北市,新竹縣竹北市,120.964241,24.842245,555,True,新竹,52.0,4.15,Low Risk
新社國小,5鄰40號,新竹縣竹北市,新竹縣竹北市,120.9981,24.8428,525,True,新竹,52.0,4.88,Low Risk
南華國中,新竹市海濱里海濱路55號,新竹市北區,新竹市北區,120.92882,24.843514,2125,True,新竹,52.0,6.09,Low Risk
義民廟,義民路3段360號,新竹縣新埔鎮,新竹縣新埔鎮,121.0363,24.84384,40,True,湖口,53.0,6.26,Low Risk
建林里集會所,忠勇街97號,桃園市龍潭區,桃園市龍潭區,121.234824,24.84417,50,True,龍潭,92.0,2.88,Low Risk
照東國小,9鄰36號,新竹縣新埔鎮,新竹縣新埔鎮,121.1415,24.84461,560,True,龍潭,92.0,7.86,Low Risk
頂埔里-順天府池府王爺廟,頭城鎮頂埔里路一段250號,宜蘭縣頭城鎮,宜蘭縣頭城鎮,121.8149,24.8461,29,True,宜蘭,31.0,12.92,Low Risk
富林里集會所,建國路278號,桃園市龍潭區,桃園市龍潭區,121.231628,24.846848,60,True,龍潭,92.0,2.45,Low Risk
金盈里-金盈社區活動中心,頭城鎮金盈里路39號,宜蘭縣頭城鎮,宜蘭縣頭城鎮,121.7966,24.8473,37,True,宜蘭,31.0,12.16,Low Risk
桃園縣三和國小,龍潭區三合村直坑39號,新竹縣關西鎮,桃園市龍潭區,121.1677,24.847681,305,True,龍潭,92.0,5.24,Low Risk
三和國小操場,龍新路三和段1356號,桃園市龍潭區,桃園市龍潭區,121.167639,24.847772,400,True,龍潭,92.0,5.25,Low Risk
照門國小,9鄰39號,新竹縣新埔鎮,新竹縣新埔鎮,121.1113,24.8489,730,True,湖口,53.0,9.26,Low Risk
照門國中,照鏡7號,新竹縣新埔鎮,新竹縣新埔鎮,121.1133,24.84908,1770,True,湖口,53.0,9.41,Low Risk
頭寮社區活動中心,復興路一段755號,桃園市大溪區,桃園市大溪區,121.287861,24.849845,45,True,龍潭,92.0,7.37,Low Risk
上華里集會所,大順路209號,桃園市龍潭區,桃園市龍潭區,121.217776,24.850738,110,True,龍潭,92.0,1.48,Low Risk
北平國小,8鄰62號,新竹縣新埔鎮,新竹縣新埔鎮,121.0858,24.8528,430,True,湖口,53.0,7.08,Low Risk
有木國小,有木里131號,新北市三峽區,新北市三峽區,121.4373,24.8533,109,True,新北（樹林）,55.0,11.95,Low Risk
新建里-新建社區活動中心,頭城鎮新建里新興路234-1號,宜蘭縣頭城鎮,宜蘭縣頭城鎮,121.8196,24.8539,124,True,宜蘭,31.0,13.91,Low Risk
中正里集會所,龍華路526巷55-1號,桃園市龍潭區,桃園市龍潭區,121.216678,24.854358,130,True,龍潭,92.0,1.07,Low Risk
金面里-協天廟,頭城鎮金面里路354號,宜蘭縣頭城鎮,宜蘭縣頭城鎮,121.7935,24.8549,42,True,宜蘭,31.0,12.81,Low Risk
上林社區活動中心,金龍路210號,桃園市龍潭區,桃園市龍潭區,121.21206,24.855518,100,True,龍潭,92.0,1.04,Low Risk
城西里-城隍廟,頭城鎮新建里吉祥路1號,宜蘭縣頭城鎮,宜蘭縣頭城鎮,121.8219,24.8557,46,True,宜蘭,31.0,14.2,Low Risk
內柵國小,安和路38號,桃園市大溪區,桃園市大溪區,121.282001,24.856082,300,True,龍潭,92.0,6.67,Low Risk
雙龍國小操場,神龍路346號,桃園市龍潭區,桃園市龍潭區,121.215334,24.856647,800,True,龍潭,92.0,0.83,Low Risk
大坑里-協天宮,頭城鎮大坑里協天路599號,宜蘭縣頭城鎮,宜蘭縣頭城鎮,121.8315,24.8572,220,True,宜蘭,31.0,14.88,Low Risk
三層社區活動中心,24鄰三層41號,桃園市大溪區,桃園市大溪區,121.295778,24.858533,45,True,龍潭,92.0,8.03,Low Risk
凌雲國中禮堂,中豐路上林段418號,桃園市龍潭區,桃園市龍潭區,121.202008,24.858616,150,True,龍潭,92.0,1.58,Low Risk
城東里-城東社區活動中心,頭城鎮城東里開蘭舊路6號,宜蘭縣頭城鎮,宜蘭縣頭城鎮,121.825,24.8591,53,True,宜蘭,31.0,14.69,Low Risk
城北里-農會,西五巷3-1號,宜蘭縣頭城鎮,宜蘭縣頭城鎮,121.8236,24.8592,148,True,宜蘭,31.0,14.62,Low Risk
鳳山社區活動中心,勝利路二段199號,新竹縣湖口鄉,新竹縣湖口鄉,121.0223,24.8602,25,True,湖口,53.0,4.74,Low Risk
三和里集會所,龍新路竹窩段430號,桃園市龍潭區,桃園市龍潭區,121.19293,24.860237,140,True,龍潭,92.0,2.41,Low Risk
龍潭高中禮堂,神龍路155號,桃園市龍潭區,桃園市龍潭區,121.212445,24.860466,560,True,龍潭,92.0,0.56,Low Risk
鳳山村集會所,瑞安街22巷2號,新竹縣湖口鄉,新竹縣湖口鄉,121.0218,24.8607,25,True,湖口,53.0,4.71,Low Risk
拔雅里-拔雅社區活動中心,頭城鎮拔雅里復興路12巷2號,宜蘭縣頭城鎮,宜蘭縣頭城鎮,121.8169,24.861,122,True,宜蘭,31.0,14.45,Low Risk
福成里-福成社區活動中心,頭城鎮福成里宜三路二段378號,宜蘭縣頭城鎮,宜蘭縣頭城鎮,121.8051,24.8618,48,True,宜蘭,31.0,13.98,Low Risk
武營里-頭城國小,頭城鎮武營里開蘭路282號,宜蘭縣頭城鎮,宜蘭縣頭城鎮,121.8274,24.863,338,True,宜蘭,31.0,15.19,Low Risk
陸軍裝甲第542旅,,新竹縣竹北市,新竹縣湖口鄉,121.02716,24.863184,450,True,湖口,53.0,4.27,Low Risk
五寮市民活動中心,五寮93號,新北市三峽區,新北市三峽區,121.365455,24.863449,137,True,新北（樹林）,55.0,9.69,Low Risk
烏來國民中小學,啦卡路5號,新北市烏來區,新北市烏來區,121.553147,24.863755,152,True,新店,38.0,12.71,Low Risk
鳳岡國中,鳳岡路三段100號,新竹縣竹北市,新竹縣竹北市,120.9657,24.8639,585,True,新竹,52.0,6.51,Low Risk
龍潭里活動中心,南龍路13號,桃園市龍潭區,桃園市龍潭區,121.212839,24.863934,120,True,龍潭,92.0,0.37,Low Risk
龍潭國小禮堂,南龍路13號,桃園市龍潭區,桃園市龍潭區,121.214346,24.864047,360,True,龍潭,92.0,0.21,Low Risk
九龍社區活動中心,五福街330號,桃園市龍潭區,桃園市龍潭區,121.225512,24.864163,140,True,龍潭,92.0,0.91,Low Risk
勝利村集會所,勝利路二段19巷10號,新竹縣湖口鄉,新竹縣湖口鄉,121.028447,24.865579,30,True,湖口,53.0,3.98,Low Risk
運動公園,公園路67號,桃園市龍潭區,桃園市龍潭區,121.219764,24.865755,5000,False,龍潭,92.0,0.39,Warning
湖口鄉老人文康活動中心,新生路122號,新竹縣湖口鄉,新竹縣湖口鄉,121.026,24.8661,105,True,湖口,53.0,4.0,Low Risk
中興社區活動中心,工業一路85號,新竹縣湖口鄉,新竹縣湖口鄉,121.0277,24.8678,90,True,湖口,53.0,3.76,Low Risk
中山社區活動中心,華南路1號旁,桃園市龍潭區,桃園市龍潭區,121.214887,24.868209,60,True,龍潭,92.0,0.49,Low Risk
瑞源社區活動中心,番子寮59號,桃園市大溪區,桃園市大溪區,121.252624,24.868543,50,True,龍潭,92.0,3.68,Low Risk
凌雲里集會所,干城路19巷28號,桃園市龍潭區,桃園市龍潭區,121.207739,24.868638,50,True,龍潭,92.0,1.02,Low Risk
龍祥里集會所,干城路19巷26號,桃園市龍潭區,桃園市龍潭區,121.207739,24.868638,50,True,龍潭,92.0,1.02,Low Risk
龍潭區婦幼館,干城路19巷30號,桃園市龍潭區,桃園市龍潭區,121.207739,24.868638,170,True,龍潭,92.0,1.02,Low Risk
龍潭鄉婦幼館前廣場,干城路19巷30號前,桃園市龍潭區,桃園市龍潭區,121.207739,24.868638,200,True,龍潭,92.0,1.02,Low Risk
松林國小,松林街33鄰99號,新竹縣新豐鄉,新竹縣新豐鄉,120.9907,24.869,765,True,湖口,53.0,5.96,Low Risk
武漢國小操場,武漢路100號,桃園市龍潭區,桃園市龍潭區,121.234685,24.870371,800,True,龍潭,92.0,1.97,Low Risk
山崎國小,新興路291號,新竹縣新豐鄉,新竹縣新豐鄉,120.9988,24.8721,720,True,湖口,53.0,5.1,Low Risk
鳳凰社區活動中心,仁和路100號,新竹縣湖口鄉,新竹縣湖口鄉,121.0145,24.8728,55,True,湖口,53.0,3.91,Low Risk
八德里集會所,梅龍路2號,桃園市龍潭區,桃園市龍潭區,121.201718,24.873178,150,True,龍潭,92.0,1.8,Low Risk
美華社區活動中心,美山路一段660號,桃園市大溪區,桃園市大溪區,121.300457,24.874405,30,True,龍潭,92.0,8.55,Low Risk
黃唐社區活動中心,成功路190巷10號,桃園市龍潭區,桃園市龍潭區,121.228034,24.875343,150,True,龍潭,92.0,1.72,Low Risk
中興里活動中心,中興路240巷38號,桃園市龍潭區,桃園市龍潭區,121.234709,24.875467,130,True,龍潭,92.0,2.24,Low Risk
港口里-港口社區活動中心,頭城鎮港口里（路）60-3號,宜蘭縣頭城鎮,宜蘭縣頭城鎮,121.8403,24.8762,67,True,宜蘭,31.0,17.13,Low Risk
湖南村集會所,7鄰鐵騎路1巷11號,新竹縣湖口鄉,新竹縣湖口鄉,121.0495,24.877,135,True,湖口,53.0,2.78,Low Risk
湖鏡村集會所,八德路二段78巷36弄50號,新竹縣湖口鄉,新竹縣湖口鄉,121.0556,24.8775,675,True,湖口,53.0,3.03,Low Risk
一德社區活動中心,康莊路251號3樓,桃園市大溪區,桃園市大溪區,121.287976,24.878311,30,True,龍潭,92.0,7.39,Low Risk
員山綜合活動中心,忠一街216號,新竹縣新豐鄉,新竹縣新豐鄉,120.9977,24.8792,125,True,湖口,53.0,4.76,Low Risk
武漢國中操場,成功路190巷227號,桃園市龍潭區,桃園市龍潭區,121.231839,24.879482,1200,True,龍潭,92.0,2.32,Low Risk
潛龍國小操場,中豐路401號,桃園市龍潭區,桃園市龍潭區,121.210569,24.880771,500,True,龍潭,92.0,1.96,Low Risk
烏林社區活動中心,中豐路401號,桃園市龍潭區,桃園市龍潭區,121.209566,24.881096,100,True,龍潭,92.0,2.02,Low Risk
下田心社區活動中心,民權東路94巷29號,桃園市大溪區,桃園市大溪區,121.29121,24.881411,50,True,龍潭,92.0,7.79,Low Risk
八德社區活動中心,聖亭路八德段451巷140號,桃園市龍潭區,桃園市龍潭區,121.195097,24.881998,100,True,龍潭,92.0,2.94,Low Risk
三元社區活動中心,員林路2段450號,桃園市大溪區,桃園市大溪區,121.265796,24.882515,50,True,龍潭,92.0,5.39,Low Risk
德龍國小操場,聖亭路八德段451巷140號,桃園市龍潭區,桃園市龍潭區,121.195124,24.882832,800,True,龍潭,92.0,3.0,Low Risk
長安社區活動中心,8鄰長安路381號,新竹縣湖口鄉,新竹縣湖口鄉,121.0996,24.8829,65,True,湖口,53.0,6.42,Low Risk
外澳里-外澳社區活動中心,頭城鎮外澳里濱海路二段212號,宜蘭縣頭城鎮,宜蘭縣頭城鎮,121.8458,24.8833,49,True,宜蘭,31.0,18.09,Low Risk
信賢活動中心,信福路48號,新北市烏來區,新北市烏來區,121.548453,24.883684,30,True,新店,38.0,10.46,Low Risk
綜合活動中心,烏來街34號,新北市烏來區,新北市烏來區,121.548453,24.883684,30,True,新店,38.0,10.46,Low Risk
忠治活動中心,忠治14號,新北市烏來區,新北市烏來區,121.548453,24.883684,30,True,新店,38.0,10.46,Low Risk
福山活動中心,2鄰李茂岸51號,新北市烏來區,新北市烏來區,121.548453,24.883684,50,True,新店,38.0,10.46,Low Risk
烏來活動中心,13鄰環山路82巷45號,新北市烏來區,新北市烏來區,121.548453,24.883684,50,True,新店,38.0,10.46,Low Risk
福山國小,福山里李茂岸56號,新北市烏來區,新北市烏來區,121.548453,24.883684,305,True,新店,38.0,10.46,Low Risk
大溪國小,登龍路19號,桃園市大溪區,桃園市大溪區,121.286797,24.884168,550,True,龍潭,92.0,7.44,Low Risk
波羅村集會所,千禧路32號,新竹縣湖口鄉,新竹縣湖口鄉,121.027932,24.884806,47,True,湖口,53.0,2.03,Low Risk
興福社區活動中心,仁愛路11號,桃園市大溪區,桃園市大溪區,121.285874,24.88515,45,True,龍潭,92.0,7.39,Low Risk
愛勢村集會所,17鄰信義街59號,新竹縣湖口鄉,新竹縣湖口鄉,121.060153,24.886026,40,True,湖口,53.0,2.66,Low Risk
湖口村集會所,中美東路358巷27號,新竹縣湖口鄉,新竹縣湖口鄉,121.060153,24.886026,75,True,湖口,53.0,2.66,Low Risk
月眉社區活動中心,月眉105號,桃園市大溪區,桃園市大溪區,121.287715,24.889615,350,True,龍潭,92.0,7.73,Low Risk
新豐鄉中正堂,長春路89巷1號,新竹縣新豐鄉,新竹縣新豐鄉,120.9876,24.8898,100,True,湖口,53.0,5.3,Low Risk
上坑社區活動中心,坑子口398之1號,新竹縣新豐鄉,新竹縣新豐鄉,120.9741,24.8909,80,True,湖口,53.0,6.61,Low Risk
山子頂公園,自由街、湧光路136巷口,桃園市平鎮區,桃園市平鎮區,121.2044,24.8931,233,False,龍潭,92.0,3.46,Warning
祥安國小,湧安路45號,桃園市平鎮區,桃園市平鎮區,121.2032,24.894,295,True,龍潭,92.0,3.59,Low Risk
中正村集會所,中正二路70號,新竹縣湖口鄉,新竹縣湖口鄉,121.047063,24.894449,300,True,湖口,53.0,1.04,Low Risk
信義村集會所,中山二街72號,新竹縣湖口鄉,新竹縣湖口鄉,121.040252,24.895453,80,True,湖口,53.0,0.53,Low Risk
大東社區活動中心,甡甡路440號二樓,桃園市楊梅區,桃園市楊梅區,121.129569,24.895827,50,True,湖口,53.0,9.16,Low Risk
山豐國小,中豐路山頂段375巷45號,桃園市平鎮區,桃園市平鎮區,121.2131,24.8964,70,True,龍潭,92.0,3.62,Low Risk
平鎮區幼兒園紹豐分班,湧光路110號,桃園市平鎮區,桃園市平鎮區,121.2094,24.8967,87,True,龍潭,92.0,3.71,Low Risk
湧光里里民集會所,湧光里湧光路110號2樓,桃園市平鎮區,桃園市平鎮區,121.2094,24.8967,87,True,龍潭,92.0,3.71,Low Risk
永揚社區活動中心,老莊路2-1號,桃園市楊梅區,桃園市楊梅區,121.15188,24.897372,20,True,龍潭,92.0,7.5,Low Risk
仁和社區活動中心,仁和七街159號,桃園市大溪區,桃園市大溪區,121.273886,24.897578,70,True,龍潭,92.0,6.89,Low Risk
新豐鄉老人會館新豐鄉老人文康活動中心,新市路93號,新竹縣新豐鄉,新竹縣新豐鄉,120.985,24.8992,40,True,湖口,53.0,5.43,Low Risk
山峰社區活動中心,福林里山子頂6號,桃園市平鎮區,桃園市平鎮區,121.2126,24.8994,116,True,龍潭,92.0,3.96,Low Risk
中崙社區活動中心,2鄰37號,新竹縣新豐鄉,新竹縣新豐鄉,120.9978,24.9002,30,True,湖口,53.0,4.14,Low Risk
湖口陸軍裝甲第542旅,湖口鄉勝利路二段350號湖口郵政90979號信箱,新竹縣新豐鄉,新竹縣新豐鄉,120.9888,24.9007,450,False,湖口,53.0,5.05,Warning
新豐鄉公所,建興路二段748巷15號,新竹縣新豐鄉,新竹縣新豐鄉,120.9851,24.9011,240,True,湖口,53.0,5.42,Low Risk
新豐國小,明德巷13號,新竹縣新豐鄉,新竹縣新豐鄉,120.9877,24.9011,660,True,湖口,53.0,5.16,Low Risk
中興停車場,達生路123號,新竹縣湖口鄉,新竹縣湖口鄉,121.0493,24.9016,315,True,湖口,53.0,1.07,Low Risk
大勇 大義活動中心,自強街60號,桃園市八德區,桃園市大溪區,121.2864,24.9018,140,True,龍潭,92.0,8.21,Low Risk
仁愛社區活動中心,埔頂街15巷仁和宮旁）,桃園市大溪區,桃園市大溪區,121.275658,24.901989,60,True,龍潭,92.0,7.31,Low Risk
龜山國小,新北市新店區新烏路三段99巷10號,新北市新店區,新北市新店區,121.5532,24.9022,75,True,新店,38.0,8.49,Low Risk
更新里-更新漁民活動中心,頭城鎮濱海路三段93號,宜蘭縣頭城鎮,宜蘭縣頭城鎮,121.8634,24.9022,34,True,宜蘭,31.0,20.83,Low Risk
廣興里辦公處,新北市新店區平廣路一段35巷3號,新北市新店區,新北市新店區,121.533799,24.902531,37,True,新店,38.0,8.31,Low Risk
龜山市民活動中心,新北市新店區新烏路3段136號,新北市新店區,新北市新店區,121.552,24.9031,133,True,新店,38.0,8.37,Low Risk
楊梅國中綜合活動中心,貴山街1號,桃園市楊梅區,桃園市楊梅區,121.150291,24.903472,500,True,平鎮,72.0,7.71,Low Risk
莊敬公園,自強街、莊福路口,桃園市平鎮區,桃園市平鎮區,121.2148,24.904,42,False,龍潭,92.0,4.45,Warning
莊敬里里民集會所,莊敬里自強街100號,桃園市平鎮區,桃園市平鎮區,121.2147,24.9044,67,True,龍潭,92.0,4.5,Low Risk
南興社區活動中心,仁和路二段190巷79號（永昌宮旁）,桃園市大溪區,桃園市大溪區,121.26517,24.90441,50,True,龍潭,92.0,6.66,Low Risk
石里倉庫,石27之1號,新北市坪林區,新北市坪林區,121.745228,24.904686,10,True,宜蘭,31.0,17.43,Low Risk
崎頂社區活動中心,公園路30號2樓,桃園市大溪區,桃園市大溪區,121.28385,24.904809,50,True,龍潭,92.0,8.17,Low Risk
鎮興里里民集會所,中興路平鎮段229號,桃園市平鎮區,桃園市平鎮區,121.1943,24.9057,81,True,龍潭,92.0,5.15,Low Risk
大埔國小,大埔路130號,新北市三峽區,新北市三峽區,121.3665,24.9057,625,True,新北（樹林）,55.0,5.11,Low Risk
明德高中,中正路二段399號,新北市三峽區,新北市三峽區,121.3639,24.9069,1569,True,新北（樹林）,55.0,5.09,Low Risk
楊梅區公所大禮堂,大成路2號,桃園市楊梅區,桃園市楊梅區,121.14586,24.907477,100,True,平鎮,72.0,7.73,Low Risk
德盛村集會所,德興路127巷13號,新竹縣湖口鄉,新竹縣湖口鄉,121.0445,24.9088,40,True,湖口,53.0,1.12,Low Risk
竹崙市民活動中心,竹崙里146號,新北市三峽區,新北市三峽區,121.4349,24.9088,113,True,新北（樹林）,55.0,6.84,Low Risk
青埔社區活動中心,6鄰80之2號,新竹縣新豐鄉,新竹縣新豐鄉,120.9764,24.9098,40,True,湖口,53.0,6.39,Low Risk
新豐社區活動中心,池府路149號,新竹縣新豐鄉,新竹縣新豐鄉,120.9765,24.9099,45,True,湖口,53.0,6.38,Low Risk
天津環保公園,天津街、漢口街121巷口,桃園市平鎮區,桃園市平鎮區,121.2072,24.91,47,False,平鎮,72.0,4.77,Warning
漢口環保公園,漢口街、大興街口,桃園市平鎮區,桃園市平鎮區,121.205,24.9101,42,False,平鎮,72.0,4.75,Warning
臺北榮家,白雞127號,新北市三峽區,新北市三峽區,121.3937,24.9102,339,True,新北（樹林）,55.0,4.44,Low Risk
長青文康中心,金星里64鄰開封街88號,桃園市平鎮區,桃園市平鎮區,121.2041,24.9103,59,True,平鎮,72.0,4.72,Low Risk
平鎮區幼兒園東勢分班,金陵路5段57號,桃園市平鎮區,桃園市平鎮區,121.2313,24.9104,89,True,中壢,85.0,4.87,Low Risk
東勢社區活動中心,金陵路5段55號,桃園市平鎮區,桃園市平鎮區,121.2315,24.9105,107,True,中壢,85.0,4.86,Low Risk
楊明公園,中山北路一段390巷、金山街口,桃園市楊梅區,桃園市楊梅區,121.158918,24.910681,1000,False,平鎮,72.0,6.52,Warning
康橋高級中學,新北市新店區華城路800號,新北市新店區,新北市新店區,121.4978,24.9109,250,True,新店,38.0,8.4,Low Risk
大合社區活動中心,自立街2號,桃園市楊梅區,桃園市楊梅區,121.149137,24.910932,50,True,平鎮,72.0,7.23,Low Risk
三湖社區活動中心,楊湖路二段491號,桃園市楊梅區,桃園市楊梅區,121.108509,24.911967,50,True,湖口,53.0,7.15,Low Risk
民義國小,白雞路40號,新北市三峽區,新北市三峽區,121.3755,24.912,975,True,新北（樹林）,55.0,4.2,Low Risk
上湖社區活動中心,楊湖路三段679之1號,桃園市楊梅區,桃園市楊梅區,121.082425,24.912185,100,True,湖口,53.0,4.59,Low Risk
長沙公園,開封街與長沙街口,桃園市平鎮區,桃園市平鎮區,121.2042,24.9122,93,False,平鎮,72.0,4.51,Warning
民俗文化公園,上海路長沙街對面,桃園市平鎮區,桃園市平鎮區,121.2067,24.9122,361,False,平鎮,72.0,4.52,Warning
屈尺國小廣興分校,新店市廣興路57號。,新北市新店區,新北市新店區,121.5396,24.9125,37,True,新店,38.0,7.2,Low Risk
埔心公園,五守街旁,桃園市楊梅區,桃園市楊梅區,121.186092,24.913118,2300,False,平鎮,72.0,4.77,Warning
瑞塘社區活動中心,四維路二段20號,桃園市楊梅區,桃園市楊梅區,121.179329,24.913774,100,True,平鎮,72.0,5.0,Low Risk
仁善社區活動中心,仁德街19號,桃園市大溪區,桃園市大溪區,121.281644,24.914076,70,True,中壢,85.0,7.45,Low Risk
金龍社區活動中心,中興路236之1號,桃園市楊梅區,桃園市楊梅區,121.186274,24.914501,100,True,平鎮,72.0,4.62,Low Risk
平鎮區幼兒園南勢分班,南安路93號,桃園市平鎮區,桃園市平鎮區,121.2081,24.9149,205,True,平鎮,72.0,4.23,Low Risk
東興村集會所,德和路6號,新竹縣湖口鄉,新竹縣湖口鄉,121.0502,24.9159,95,True,湖口,53.0,2.1,Low Risk
東安國中,平東路168號,桃園市平鎮區,桃園市平鎮區,121.2498,24.9166,136,True,中壢,85.0,4.97,Low Risk
和興村集會所,德和路128號,新竹縣湖口鄉,新竹縣湖口鄉,121.046,24.917,20,True,湖口,53.0,2.01,Low Risk
水美社區活動中心,楊新路二段2之1號,桃園市楊梅區,桃園市楊梅區,121.137079,24.918994,100,True,平鎮,72.0,7.72,Low Risk
瑞興社區活動中心,8鄰大鶯路936號,桃園市大溪區,桃園市大溪區,121.3032,24.919559,45,True,桃園,55.0,8.36,Low Risk
屈尺國小,新北市新店區屈尺路五十五號,新北市新店區,新北市新店區,121.5463,24.9225,320,True,新店,38.0,6.15,Low Risk
僑愛社區活動中心,僑愛1街,桃園市大溪區,桃園市大溪區,121.293733,24.922855,50,True,中壢,85.0,8.02,Low Risk
屈尺市民活動中心,新北市新店區屈尺路125號,新北市新店區,新北市新店區,121.544999,24.923518,75,True,新店,38.0,6.02,Low Risk
東社社區活動中心,圳南路50巷23號,桃園市平鎮區,桃園市平鎮區,121.2437,24.9241,116,True,中壢,85.0,3.93,Low Risk
大成國小,成福路215巷2號,新北市三峽區,新北市三峽區,121.4275,24.9243,187,True,新北（樹林）,55.0,5.22,Low Risk
龍岡公園,龍岡圓環旁,桃園市中壢區,桃園市中壢區,121.244033,24.925946,274,False,中壢,85.0,3.78,Warning
中壢區龍岡里集會所,龍岡路三段742號,桃園市中壢區,桃園市中壢區,121.243388,24.926071,50,True,中壢,85.0,3.73,Low Risk
龍岡公園新,龍岡路消防隊旁,桃園市中壢區,桃園市中壢區,121.244013,24.926099,584,False,中壢,85.0,3.77,Warning
建安國小,建安路67號,新北市三峽區,新北市三峽區,121.4471,24.9264,292,True,土城,57.0,6.26,Low Risk
安溪國中,大同路135號,新北市三峽區,新北市三峽區,121.3728,24.9266,1675,True,新北（樹林）,55.0,2.72,Low Risk
豐德公園,豐田一路地號︰豐田段1429-0000號,桃園市八德區,桃園市八德區,121.2876,24.9267,168,False,中壢,85.0,7.28,Warning
貿七公園,貿一路、貿中街口,桃園市平鎮區,桃園市平鎮區,121.2516,24.9269,42,False,中壢,85.0,4.21,Warning
龍友里集會所,龍宮街36巷1號,桃園市八德區,桃園市八德區,121.2582,24.9271,40,True,中壢,85.0,4.69,Low Risk
中園國小,弘園街22號,新北市三峽區,新北市三峽區,121.3672,24.9278,926,True,新北（樹林）,55.0,2.88,Low Risk
青埔社區老人會館,6鄰青埔子80-1號,新竹縣新豐鄉,新竹縣新豐鄉,121.0133,24.928,45,True,湖口,53.0,4.03,Low Risk
獅子林社區活動中心,北貴里大仁街46號,桃園市平鎮區,桃園市平鎮區,121.2256,24.9281,94,True,中壢,85.0,2.83,Low Risk
中興社區活動中心,大鶯路1450巷26號,桃園市大溪區,桃園市大溪區,121.317064,24.928766,50,True,新北（樹林）,55.0,7.07,Low Risk
瑞原社區活動中心,民豐路506之1號,桃園市楊梅區,桃園市楊梅區,121.112014,24.929769,100,True,湖口,53.0,8.08,Low Risk
介壽國小,大同路1號,新北市三峽區,新北市三峽區,121.3785,24.9298,289,True,新北（樹林）,55.0,2.2,Low Risk
瑞祥里集會所,介壽路二段1233巷46-1號,桃園市八德區,桃園市八德區,121.2988,24.9303,128,True,桃園,55.0,7.19,Low Risk
安溪國小,中華路42號,新北市三峽區,新北市三峽區,121.3729,24.9304,435,True,新北（樹林）,55.0,2.33,Low Risk
青少年活動中心,興豐路2207號,桃園市八德區,桃園市八德區,121.2945,24.9308,175,True,桃園,55.0,7.19,Low Risk
陽光活力園區,興豐路2189巷地號︰大發段1219-0000號,桃園市八德區,桃園市八德區,121.2945,24.9308,251,True,桃園,55.0,7.19,Low Risk
興豐公園三,豐田路與豐田五街,桃園市八德區,桃園市八德區,121.2893,24.9311,200,False,桃園,55.0,7.25,Warning
大明活動中心,桃鶯路134號,桃園市八德區,桃園市八德區,121.2838,24.9316,67,True,中壢,85.0,6.71,Low Risk
竹霄活動中心,廟前2鄰1-1號,桃園市八德區,桃園市八德區,121.2838,24.9316,125,True,中壢,85.0,6.71,Low Risk
龍安公園,龍江路國軍副食品後,桃園市中壢區,桃園市中壢區,121.257829,24.931644,208,False,中壢,85.0,4.37,Warning
振興公園,振興里龍陵路以西,桃園市中壢區,桃園市中壢區,121.231332,24.931646,225,False,中壢,85.0,2.6,Warning
副食品公園,龍江路旁,桃園市中壢區,桃園市中壢區,121.257805,24.931675,950,False,中壢,85.0,4.36,Warning
富岡社區活動中心,新明街347巷2弄1號二樓,桃園市楊梅區,桃園市楊梅區,121.075161,24.93201,100,True,湖口,53.0,5.1,Low Risk
興豐公園一,豐田七街地號︰豐田段1342-0000號,桃園市八德區,桃園市八德區,121.2885,24.9321,72,False,中壢,85.0,7.14,Warning
建德公園,長興路與建德路口地號︰福興段0973-0000號,桃園市八德區,桃園市八德區,121.2733,24.9327,148,False,中壢,85.0,5.69,Warning
龍岡萬坪公園,龍岡路三段,桃園市中壢區,桃園市中壢區,121.251014,24.93283,3443,False,中壢,85.0,3.73,Warning
高山社區活動中心,幼獅路三段168號二樓,桃園市楊梅區,桃園市楊梅區,121.156662,24.932923,100,True,平鎮,72.0,5.26,Low Risk
成福國小,溪東路213號,新北市三峽區,新北市三峽區,121.4057,24.9332,261,True,新北（樹林）,55.0,2.85,Low Risk
藝文廣場,興豐路825巷旁地號︰瑞豐段0975-0001號,桃園市八德區,桃園市八德區,121.2999,24.9334,47,False,桃園,55.0,6.84,Warning
里昂社區公園,竹興街地號︰霄裡段0618-0000號,桃園市八德區,桃園市八德區,121.2703,24.9339,32,False,中壢,85.0,5.36,Warning
龍岡森林公園,龍岡路三段與龍岡路262巷,桃園市中壢區,桃園市中壢區,121.235785,24.933902,2500,False,中壢,85.0,2.58,Warning
三峽國小,中山路16號,新北市三峽區,新北市三峽區,121.3697,24.9345,581,True,新北（樹林）,55.0,2.13,Low Risk
長青市民活動中心,中山路65號,新北市三峽區,新北市三峽區,121.367,24.93479,166,True,新北（樹林）,55.0,2.3,Low Risk
楓樹腳休閒公園,介壽路二段946巷947號旁,桃園市八德區,桃園市八德區,121.2967,24.9348,468,False,桃園,55.0,6.71,Warning
南亞公園,龍福路與龍東路445巷,桃園市中壢區,桃園市中壢區,121.25218,24.934965,856,False,中壢,85.0,3.69,Warning
溪濱公園,廣興五街,桃園市八德區,桃園市八德區,121.2825,24.9353,43,False,中壢,85.0,6.45,Warning
瑞泰社區公園,介壽路二段933巷瑞豐國小旁地號︰瑞豐段0966-0000號,桃園市八德區,桃園市八德區,121.2982,24.9356,20,False,桃園,55.0,6.61,Warning
新勢公園,延平路與中豐路口,桃園市平鎮區,桃園市平鎮區,121.2005,24.9357,1260,False,平鎮,72.0,1.93,Warning
龍和公園,隆昌街以南,桃園市中壢區,桃園市中壢區,121.249574,24.93578,203,False,中壢,85.0,3.42,Warning
北勢國小,金陵路二段330號,桃園市平鎮區,桃園市平鎮區,121.2238,24.9358,70,True,中壢,85.0,1.96,Low Risk
合興里-合興社區活動中心,頭城鎮合興里路94-1號,宜蘭縣頭城鎮,宜蘭縣頭城鎮,121.8859,24.9359,44,True,基隆,36.0,24.95,Low Risk
瑞安公園,瑞安街底,桃園市八德區,桃園市八德區,121.2967,24.9361,49,False,桃園,55.0,6.57,Warning
新北市坪林區公所,坪林101號,新北市坪林區,新北市坪林區,121.711784,24.93614,50,True,汐止,52.0,16.14,Low Risk
新北市坪林區坪林國民小學,坪林114號,新北市坪林區,新北市坪林區,121.71088,24.936238,314,True,汐止,52.0,16.09,Low Risk
豐野社區活動中心,信義街83巷25弄23號,桃園市楊梅區,桃園市楊梅區,121.084322,24.936444,100,True,湖口,53.0,6.11,Low Risk
上田社區活動中心,和平路87號2樓,桃園市楊梅區,桃園市楊梅區,121.125912,24.937104,50,True,平鎮,72.0,8.06,Low Risk
北興社區活動中心,金陵路2段433號,桃園市平鎮區,桃園市平鎮區,121.2248,24.9375,51,True,中壢,85.0,1.78,Low Risk
中壢區台貿社區活動中心,台貿一街100號,桃園市中壢區,桃園市中壢區,121.255788,24.937684,125,True,中壢,85.0,3.85,Low Risk
高榮社區活動中心,幼獅路二段390之2號,桃園市楊梅區,桃園市楊梅區,121.16583,24.937725,50,True,平鎮,72.0,4.2,Low Risk
龍德公園,龍興國中旁,桃園市中壢區,桃園市中壢區,121.237951,24.937741,206,False,中壢,85.0,2.38,Warning
直潭國小,新北市新店區直潭路92號,新北市新店區,新北市新店區,121.5313,24.9378,1600,True,新店,38.0,4.43,Low Risk
新北市立坪林國民中學,國中路4號,新北市坪林區,新北市坪林區,121.712825,24.938007,1144,True,汐止,52.0,16.0,Low Risk
員本社區活動中心,2鄰員本路532之1號,桃園市楊梅區,桃園市楊梅區,121.106168,24.938356,100,True,湖口,53.0,8.01,Low Risk
興豐公園二,廣豐路與豐田路口,桃園市八德區,桃園市八德區,121.3083,24.9386,107,False,桃園,55.0,6.25,Warning
三峽國中,復興路238號,新北市三峽區,新北市三峽區,121.3693,24.9391,1149,True,新北（樹林）,55.0,1.81,Low Risk
鶯歌高職,中正三路154號,新北市鶯歌區,新北市鶯歌區,121.335,24.9393,1513,True,新北（樹林）,55.0,5.01,Low Risk
伯公岡公園,民生街、富豐北路口,桃園市楊梅區,桃園市楊梅區,121.084716,24.939416,2000,False,湖口,53.0,6.36,Warning
中壢區龍興社區活動中心,龍岡路三段37巷92弄102號,桃園市中壢區,桃園市中壢區,121.23325,24.939461,60,True,中壢,85.0,1.93,Low Risk
黎明公園,榮民南路消防隊旁,桃園市中壢區,桃園市中壢區,121.256073,24.939842,188,False,中壢,85.0,3.78,Warning
平鎮高中,南路三段100號,桃園市平鎮區,桃園市平鎮區,121.2189,24.9399,182,True,中壢,85.0,1.51,Low Risk
廣仁里里民集會所,新光路65巷50號,桃園市平鎮區,桃園市平鎮區,121.2059,24.94,104,True,平鎮,72.0,1.43,Low Risk
新富公園,中豐路、環南路三段口,桃園市平鎮區,桃園市平鎮區,121.2165,24.94,255,False,中壢,85.0,1.57,Warning
廣仁公園,新光路65巷福壽5巷對面,桃園市平鎮區,桃園市平鎮區,121.2064,24.9402,269,False,平鎮,72.0,1.42,Warning
仁福公園,中山東路3段429巷87弄旁,桃園市中壢區,桃園市中壢區,121.253749,24.940545,213,False,中壢,85.0,3.53,Warning
大溪里-大溪社區活動中心,頭城鎮大溪里濱海路五段249號,宜蘭縣頭城鎮,宜蘭縣頭城鎮,121.8932,24.9406,62,True,基隆,36.0,24.89,Low Risk
龍埔國小,大學路6號,新北市三峽區,新北市三峽區,121.377883,24.940679,855,True,新北（樹林）,55.0,1.09,Low Risk
二橋國小,鶯歌區中正三路106號,新北市鶯歌區,新北市鶯歌區,121.3376,24.9409,1284,True,新北（樹林）,55.0,4.72,Low Risk
兒四十公園,龍岡路2段306巷,桃園市中壢區,桃園市中壢區,121.230266,24.941319,198,False,中壢,85.0,1.59,Warning
宋屋國小,延平路二段389號,桃園市平鎮區,桃園市平鎮區,121.2062,24.9419,42,True,平鎮,72.0,1.23,Low Risk
後寮公園,後興路一段90巷,桃園市中壢區,桃園市中壢區,121.247381,24.942039,59,False,中壢,85.0,2.88,Warning
瑞泰里集會所,介壽路二段583巷12號,桃園市八德區,桃園市八德區,121.2983,24.9422,70,True,桃園,55.0,5.88,Low Risk
八德埤塘生態公園,興豐路1315號,桃園市八德區,桃園市八德區,121.3112,24.9423,613,False,桃園,55.0,5.86,Warning
583綠地,介壽路二段583巷地號︰麻園段0844-0000號,桃園市八德區,桃園市八德區,121.2999,24.9426,17,False,桃園,55.0,5.82,Warning
龜山里-龜山社區活動中心,頭城鎮龜山里路221號,宜蘭縣頭城鎮,宜蘭縣頭城鎮,121.9002,24.9426,28,True,基隆,36.0,25.09,Low Risk
大信里集會所,大興路992號,桃園市八德區,桃園市八德區,121.3008,24.9431,75,True,桃園,55.0,5.75,Low Risk
大竹里集會所,竹高厝11-2號,桃園市八德區,桃園市八德區,121.3152,24.9431,95,True,桃園,55.0,5.83,Low Risk
中壢區新振社區活動中心,龍岡路2段232號,桃園市中壢區,桃園市中壢區,121.229589,24.943244,20,True,中壢,85.0,1.37,Low Risk
新北市立尖山國民中學,鶯歌區國中街1號,新北市鶯歌區,新北市鶯歌區,121.3422,24.9437,622,True,新北（樹林）,55.0,4.21,Low Risk
北勢社區活動中心,振平街153號,桃園市平鎮區,桃園市平鎮區,121.2196,24.9438,99,True,中壢,85.0,1.07,Low Risk
平鎮區幼兒園本園,振平街155號,桃園市平鎮區,桃園市平鎮區,121.2196,24.9438,100,True,中壢,85.0,1.07,Low Risk
中壢區後寮里集會所,龍興路107巷21號,桃園市中壢區,桃園市中壢區,121.245972,24.944478,50,True,中壢,85.0,2.64,Low Risk
瑞泰鄰里公園,介壽路二段490巷地號︰ 大庄段2311-0000號,桃園市八德區,桃園市八德區,121.2959,24.9446,31,False,桃園,55.0,5.65,Warning
新興公園,林森國小旁,桃園市中壢區,桃園市中壢區,121.225507,24.945306,904,False,中壢,85.0,0.97,Warning
桃園市南區老人文康活動中心,林森路90號,桃園市中壢區,桃園市中壢區,121.225934,24.945355,100,True,中壢,85.0,0.98,Low Risk
平興暨宋屋里里民集會所,平興里廣泰路85號,桃園市平鎮區,桃園市平鎮區,121.2042,24.9454,92,True,平鎮,72.0,0.82,Low Risk
建國公園,建國路與同和街交匯地號︰大和段0162-0000號,桃園市八德區,桃園市八德區,121.2887,24.9454,41,False,桃園,55.0,5.72,Warning
仁德公園,建國路與仁德路口,桃園市八德區,桃園市八德區,121.2887,24.9454,75,False,桃園,55.0,5.72,Warning
福興活動中心,廣興路53號,桃園市八德區,桃園市八德區,121.2837,24.9456,62,True,桃園,55.0,5.87,Low Risk
大竹埤塘公園,興豐路1810號,桃園市八德區,桃園市八德區,121.3163,24.9456,152,False,桃園,55.0,5.58,Warning
平鎮國中,振興路2號,桃園市平鎮區,桃園市平鎮區,121.216,24.9457,496,True,中壢,85.0,1.02,Low Risk
福興社區公園,廣興路,桃園市八德區,桃園市八德區,121.2832,24.9457,37,False,桃園,55.0,5.88,Warning
宋屋公園,平興里廣泰路壢新醫院旁,桃園市平鎮區,桃園市平鎮區,121.2051,24.9464,168,False,平鎮,72.0,0.72,Warning
華勛公園,華勛街363巷,桃園市中壢區,桃園市中壢區,121.261776,24.94666,981,False,中壢,85.0,4.11,Warning
廣興活動中心,雙連坡1-1號,桃園市八德區,桃園市八德區,121.2836,24.9468,120,True,桃園,55.0,5.75,Low Risk
客家文化廣場,大興路地號︰榮興段1405-0000號,桃園市八德區,桃園市八德區,121.3023,24.9471,40,True,桃園,55.0,5.3,Low Risk
義民公園,環南路、復旦路口,桃園市平鎮區,桃園市平鎮區,121.207,24.9474,125,False,平鎮,72.0,0.67,Warning
大興活動中心,介壽路2段361巷96號,桃園市八德區,桃園市八德區,121.2993,24.9474,140,True,桃園,55.0,5.29,Low Risk
大昌鄰里公園,鴻昌街底地號︰大庄段1135-0000號,桃園市八德區,桃園市八德區,121.2969,24.9475,46,False,桃園,55.0,5.31,Warning
中壢區仁祥、華勛里集會所,華祥一街21號,桃園市中壢區,桃園市中壢區,121.261425,24.948055,50,True,中壢,85.0,4.05,Low Risk
平鎮區幼兒園義民分班,復旦路2段115號,桃園市平鎮區,桃園市平鎮區,121.2037,24.9485,207,True,平鎮,72.0,0.48,Low Risk
普慶公園,普慶路旁,桃園市中壢區,桃園市中壢區,121.246511,24.948548,191,False,中壢,85.0,2.56,Warning
北大高中,大義路277號,新北市三峽區,新北市三峽區,121.376106,24.948608,1122,True,新北（樹林）,55.0,0.75,Low Risk
仁祥公園,華勛街,桃園市中壢區,桃園市中壢區,121.260686,24.948742,208,False,中壢,85.0,3.97,Warning
桃子腳國民中小學,學勤路555號,新北市樹林區,新北市樹林區,121.382973,24.94923,3155,True,新北（樹林）,55.0,0.06,Low Risk
平興國中,環南路300號,桃園市平鎮區,桃園市平鎮區,121.2063,24.9497,21,True,平鎮,72.0,0.41,Low Risk
義興里里民集會所,義興里25鄰義興街80號,桃園市平鎮區,桃園市平鎮區,121.2092,24.9497,99,True,平鎮,72.0,0.63,Low Risk
南靖里活動中心,鶯歌區文化路395號,新北市鶯歌區,新北市鶯歌區,121.352776,24.950284,56,True,新北（樹林）,55.0,3.1,Low Risk
中壢區東興社區活動中心,中北路二段76巷10號,桃園市中壢區,桃園市中壢區,121.225243,24.950351,100,True,中壢,85.0,0.49,Low Risk
義興公園,義興路義興國小對面,桃園市平鎮區,桃園市平鎮區,121.2096,24.9504,108,False,平鎮,72.0,0.63,Warning
鶯歌國中,鶯歌區尖山埔路108號,新北市鶯歌區,新北市鶯歌區,121.3448,24.9504,1093,True,新北（樹林）,55.0,3.91,Low Risk
新勢國小,延平路一段181號,桃園市平鎮區,桃園市平鎮區,121.2168,24.9505,140,True,中壢,85.0,0.58,Low Risk
瑞聯社區公園,建安街底地號︰大發段1494-0000號,桃園市八德區,桃園市八德區,121.3198,24.9508,108,False,桃園,55.0,5.11,Warning
莒光環保公園,莒光路2側,桃園市中壢區,桃園市中壢區,121.235903,24.951014,2032,False,中壢,85.0,1.46,Warning
新昇倉庫,大粗坑11之1號,新北市坪林區,新北市坪林區,121.725304,24.951077,10,True,汐止,52.0,15.38,Low Risk
鶯歌國小,鶯歌區尖山埔路106號,新北市鶯歌區,新北市鶯歌區,121.3458,24.9512,1501,True,新北（樹林）,55.0,3.81,Low Risk
雙峰國小,新北市新店區北宜路三段66號,新北市新店區,新北市新店區,121.5755,24.9515,255,True,新店,38.0,4.76,Low Risk
復興親子公園,育達路二段、文化街口,桃園市平鎮區,桃園市平鎮區,121.2105,24.952,305,False,平鎮,72.0,0.66,Warning
景文科技大學,新北市新店區安忠路99號,新北市新店區,新北市新店區,121.5093,24.952,1855,True,新店,38.0,4.01,Low Risk
雙城國小,台北縣新店市安康路三段322號,新北市新店區,新北市新店區,121.4865,24.9521,399,True,土城,57.0,4.86,Low Risk
華愛公園,華愛街43號對面,桃園市中壢區,桃園市中壢區,121.259728,24.952552,181,False,中壢,85.0,3.84,Warning
祖田市民活動中心,中央路4段285號2樓,新北市土城區,新北市土城區,121.411937,24.952776,50,True,新北（樹林）,55.0,2.89,Low Risk
德和公園,清潔隊對面,桃園市中壢區,桃園市中壢區,121.262532,24.952781,201,False,中壢,85.0,4.12,Warning
新榮國小,中原路88號,桃園市平鎮區,桃園市平鎮區,121.2184,24.9528,196,True,中壢,85.0,0.33,Low Risk
新店國小,新北市新店區新店路2號,新北市新店區,新北市新店區,121.5402,24.9529,1795,True,新店,38.0,2.72,Low Risk
文化國小,文化街189號,桃園市平鎮區,桃園市平鎮區,121.2033,24.9531,35,True,平鎮,72.0,0.08,Low Risk
麗盛公園,文昌街97巷大和段0535-0000號,桃園市八德區,桃園市八德區,121.2956,24.9531,51,False,桃園,55.0,4.72,Warning
青潭國小,新北市新店區北宜路二段80號,新北市新店區,新北市新店區,121.5523,24.9531,203,True,新店,38.0,3.06,Low Risk
文昌休閒公園,文昌街與金和街交匯地號︰大和段0152-0000號,桃園市八德區,桃園市八德區,121.2947,24.9533,51,False,桃園,55.0,4.72,Warning
雲海國小,坑內1號,新北市石碇區,新北市石碇區,121.637,24.9533,299,True,新店,38.0,10.35,Low Risk
仁德公園,仁美新村旁,桃園市中壢區,桃園市中壢區,121.266276,24.95342,205,False,中壢,85.0,4.5,Warning
中壢區仁美社區活動中心,榮民南路350巷內,桃園市中壢區,桃園市中壢區,121.256945,24.953425,55,True,中壢,85.0,3.56,Low Risk
達觀國民中小學,僑信路1號,新北市新店區,新北市新店區,121.49998,24.95362,407,True,新店,38.0,4.63,Low Risk
雙城活動中心,新北市新店區安康路3段2號5樓,新北市新店區,新北市新店區,121.4937,24.9538,132,True,新店,38.0,5.15,Low Risk
舊社公園,舊明里義民路明德路口,桃園市中壢區,桃園市中壢區,121.215935,24.953848,574,False,中壢,85.0,0.58,Warning
中壢區舊明里集會所,義民路70號,桃園市中壢區,桃園市中壢區,121.216238,24.953916,50,True,中壢,85.0,0.55,Low Risk
復旦暨復興里里民集會所,復興街55號,桃園市平鎮區,桃園市平鎮區,121.2051,24.9544,84,True,平鎮,72.0,0.21,Low Risk
和盛公園,大和路96號對面地號︰大和段0280-0000號,桃園市八德區,桃園市八德區,121.2964,24.9545,75,False,桃園,55.0,4.55,Warning
復旦國小,廣平街1號,桃園市平鎮區,桃園市平鎮區,121.2078,24.9547,140,True,平鎮,72.0,0.44,Low Risk
柑園國中,柑園街二段125號,新北市樹林區,新北市樹林區,121.384115,24.95474,1238,True,新北（樹林）,55.0,0.64,Low Risk
同和公園,同和街與金和街交匯地號︰大和段0295-0000號,桃園市八德區,桃園市八德區,121.2951,24.9548,48,False,桃園,55.0,4.55,Warning
建國國小,鶯歌區育英街2號,新北市鶯歌區,新北市鶯歌區,121.3461,24.955,376,True,新北（樹林）,55.0,3.83,Low Risk
大安里集會所,長安街65號,桃園市八德區,桃園市中壢區,121.216,24.9551,190,True,中壢,85.0,0.61,Low Risk
高雄市立立德國民中學,實踐路101號,高雄市左營區,桃園市中壢區,121.241045,24.955186,100,True,中壢,85.0,1.97,Low Risk
高連社區活動中心,高雙里13鄰高雙路80號,桃園市平鎮區,桃園市平鎮區,121.1895,24.9552,356,True,平鎮,72.0,1.48,Low Risk
樹梅嶺倉庫,樹梅嶺11號,新北市坪林區,新北市坪林區,121.696956,24.955382,10,True,汐止,52.0,13.56,Low Risk
昌福國小,鶯歌區永明街22號,新北市鶯歌區,新北市鶯歌區,121.3392,24.9556,1391,True,新北（樹林）,55.0,4.53,Low Risk
平鎮區婦幼活動中心,廣達里廣成街10號,桃園市平鎮區,桃園市平鎮區,121.2084,24.9558,202,True,平鎮,72.0,0.56,Low Risk
北鶯里活動中心,仁愛路55號,新北市鶯歌區,新北市鶯歌區,121.354434,24.955861,37,True,新北（樹林）,55.0,3.03,Low Risk
大和公園,銀和街又霸倫敦城對面地號︰大和段0264-0000號,桃園市八德區,桃園市八德區,121.297,24.9559,32,False,桃園,55.0,4.39,Warning
頂埔國小,中央路4段205號,新北市土城區,新北市土城區,121.414403,24.95623,873,True,新北（樹林）,55.0,3.21,Low Risk
柑園國小,柑園街一段353號,新北市樹林區,新北市樹林區,121.389362,24.956328,467,True,新北（樹林）,55.0,1.0,Low Risk
廣達公園,環南路35巷、廣成街口,桃園市平鎮區,桃園市平鎮區,121.2076,24.9564,195,False,平鎮,72.0,0.54,Warning
中央公園,中央里公七停車場上,桃園市中壢區,桃園市中壢區,121.226786,24.956471,600,False,中壢,85.0,0.63,Warning
公七公園,領航南路3段與高鐵站前東路2段,桃園市中壢區,桃園市中壢區,121.226641,24.956529,1294,False,中壢,85.0,0.62,Warning
大忠里集會所,建國路1199號5樓,桃園市八德區,桃園市八德區,121.2962,24.9567,105,True,桃園,55.0,4.32,Low Risk
大慶 大華里集會所,建國路1199號4樓,桃園市八德區,桃園市八德區,121.2962,24.9567,105,True,桃園,55.0,4.32,Low Risk
大成活動中心,建國路1199號,桃園市八德區,桃園市八德區,121.2962,24.9567,105,True,桃園,55.0,4.32,Low Risk
文山國中,新北市新店區文中路38號,新北市新店區,新北市新店區,121.5392,24.9567,703,True,新店,38.0,2.29,Low Risk
能仁家商,新北市新店區文中路53巷10號,新北市新店區,新北市新店區,121.5404,24.9569,1373,True,新店,38.0,2.28,Low Risk
西鶯里活動中心,中正一路203號,新北市鶯歌區,新北市鶯歌區,121.3536,24.9572,207,True,新北（樹林）,55.0,3.15,Low Risk
福僑公園大成社區公園,福僑街80巷地號︰福國段0404-0000號,桃園市八德區,桃園市八德區,121.295,24.9573,40,False,桃園,55.0,4.28,Warning
瑞發公園,瑞發街與興豐路825巷交匯地號︰瑞發段0973-0000號,桃園市八德區,桃園市八德區,121.2988,24.9576,117,False,桃園,55.0,4.17,Warning
大安活動中心,和平路548號,桃園市八德區,桃園市八德區,121.3042,24.9576,147,True,桃園,55.0,4.13,Low Risk
文中廣明活動中心,新北市新店區北宜路一段39巷32號,新北市新店區,新北市新店區,121.5399,24.9577,45,True,新店,38.0,2.18,Low Risk
篤行公園,永福路以北,桃園市中壢區,桃園市中壢區,121.263193,24.958407,153,False,中壢,85.0,4.23,Warning
同福公園,和義街底地號︰同福段0424-0000號,桃園市八德區,桃園市八德區,121.3077,24.9587,111,False,桃園,55.0,4.01,Warning
永吉國小,鶯歌區德昌二街2號,新北市鶯歌區,新北市鶯歌區,121.3329,24.9588,440,True,桃園,55.0,4.88,Low Risk
頂埔市民活動中心,中央路4段55-12號,新北市土城區,新北市土城區,121.417311,24.958966,60,True,新北（樹林）,55.0,3.58,Low Risk
新街溪公園,溪州街旁,桃園市中壢區,桃園市中壢區,121.230141,24.959085,300,False,中壢,85.0,1.07,Warning
五權兒童公園,正光街,桃園市中壢區,桃園市中壢區,121.20439,24.959108,569,False,平鎮,72.0,0.7,Warning
中壢區婦幼館,正大街55號,桃園市中壢區,桃園市中壢區,121.204444,24.959254,100,True,平鎮,72.0,0.72,Low Risk
中正公園,中央里中美路,桃園市中壢區,桃園市中壢區,121.22659,24.959449,5000,False,中壢,85.0,0.85,Warning
新北市坪林區坪林國小漁光校區,大舌湖35號,新北市坪林區,新北市坪林區,121.746242,24.959584,62,True,汐止,52.0,15.92,Low Risk
過嶺里兒一公園,民族路5段.文中一南側,桃園市中壢區,桃園市中壢區,121.173807,24.95967,230,False,平鎮,72.0,3.14,Warning
中壢區社福館,元化路159號,桃園市中壢區,桃園市中壢區,121.228005,24.959848,100,True,中壢,85.0,0.97,Low Risk
中壢區過嶺社區活動中心,雙福路9號,桃園市中壢區,桃園市中壢區,121.176781,24.959978,55,True,平鎮,72.0,2.86,Low Risk
普忠公園,普忠里中原大學運動場旁,桃園市中壢區,桃園市中壢區,121.243726,24.960062,137,False,中壢,85.0,2.35,Warning
中壢區聯合長壽俱樂部〈松鶴會館〉,元化路182-2號,桃園市中壢區,桃園市中壢區,121.227251,24.960342,100,True,中壢,85.0,0.97,Low Risk
中壢區德義、仁義、忠義、普義里集會所,中華路二段369-1號,桃園市中壢區,桃園市中壢區,121.237458,24.960534,50,True,中壢,85.0,1.78,Low Risk
大湳公園,福國北街與中路街交匯地號︰大智段0897-0000號,桃園市八德區,桃園市八德區,121.2951,24.9607,173,False,桃園,55.0,3.91,Warning
頂城市民活動中心,新北市新店區安康路一段9-1號,新北市新店區,新北市新店區,121.532147,24.960733,119,True,新店,38.0,1.92,Low Risk
八德市綜合大樓三樓,大智里福國北街220號,桃園市八德區,桃園市八德區,121.295,24.9608,182,True,桃園,55.0,3.9,Low Risk
永寧市民活動中心,永寧路32巷10弄10號,新北市土城區,新北市土城區,121.42864,24.961098,30,True,土城,57.0,3.34,Low Risk
白馬公園,白馬街與王子二街,桃園市中壢區,桃園市中壢區,121.21328,24.961274,217,False,中壢,85.0,1.23,Warning
安坑國小,新北市新店區安忠路36號,新北市新店區,新北市新店區,121.5142,24.9613,901,True,新店,38.0,2.96,Low Risk
中壢區中正、中山里集會所,榮民路396號,桃園市中壢區,桃園市中壢區,121.261501,24.96168,50,True,中壢,85.0,4.12,Low Risk
中路休閒公園,國豐街國際路88號旁,桃園市八德區,桃園市八德區,121.2897,24.9619,217,False,桃園,55.0,3.96,Warning
坤慶公園,忠孝里天晟醫院後方,桃園市中壢區,桃園市中壢區,121.229855,24.961985,66,False,中壢,85.0,1.27,Warning
中壢區光明、新明、永光里集會所,新明路223號,桃園市中壢區,桃園市中壢區,121.216903,24.962185,50,True,中壢,85.0,1.1,Low Risk
夢幻公園,榮民路以西,桃園市中壢區,桃園市中壢區,121.261867,24.962219,1230,False,中壢,85.0,4.17,Warning
土城國中,永寧路18號,新北市土城區,新北市土城區,121.430192,24.962522,1384,True,土城,57.0,3.12,Low Risk
公十五公園,永福西街與福國北街交匯地號︰大智段0753-0000號,桃園市八德區,桃園市八德區,121.2984,24.963,49,False,桃園,55.0,3.59,Warning
公二公園,永福西街與福國北街交匯地號︰大智段0418-0000號,桃園市八德區,桃園市八德區,121.2984,24.963,65,False,桃園,55.0,3.59,Warning
地標公園,延平路普義路橋旁,桃園市中壢區,桃園市中壢區,121.229788,24.963076,60,False,中壢,85.0,1.36,Warning
平鎮區幼兒園平鎮分班,新光路3段186號,桃園市平鎮區,桃園市八德區,121.2759,24.9633,40,True,桃園,55.0,4.56,Low Risk
大智里集會所,福國北街221號,桃園市八德區,桃園市八德區,121.2968,24.9634,23,True,桃園,55.0,3.58,Low Risk
六和兒童公園,六合路九合二路口,桃園市中壢區,桃園市中壢區,121.225114,24.963452,370,False,中壢,85.0,1.18,Warning
光明公園,光明里中壢高商旁,桃園市中壢區,桃園市中壢區,121.216424,24.963517,6329,False,中壢,85.0,1.26,Warning
沛陂市民活動中心,三民路23巷8弄9號,新北市土城區,新北市土城區,121.419474,24.963872,50,True,土城,57.0,3.87,Low Risk
大里里-大里社區活動中心,頭城鎮大里里濱海路六段251號,宜蘭縣頭城鎮,宜蘭縣頭城鎮,121.92,24.9639,184,True,基隆,36.0,24.44,Low Risk
廣豐兒一公園,大智路明智段0030-0000號,桃園市八德區,桃園市八德區,121.2996,24.9641,42,False,桃園,55.0,3.45,Warning
茄苳埤塘公園,東泰街地號︰白鷺段0559-0000號,桃園市八德區,桃園市八德區,121.2759,24.9643,55,False,桃園,55.0,4.48,Warning
茄白活動中心,永豐路170號,桃園市八德區,桃園市八德區,121.2786,24.9649,136,True,桃園,55.0,4.25,Low Risk
桃園市中壢區公所,環北路380號,桃園市中壢區,桃園市中壢區,121.224923,24.965503,200,True,中壢,85.0,1.4,Low Risk
高明公園,高城五街底地號︰高城段0818-0000號,桃園市八德區,桃園市八德區,121.3047,24.9656,34,False,桃園,55.0,3.24,Warning
大勇兒童公園,忠勇一街與忠勇六街地號︰同福段0551-0000號,桃園市八德區,桃園市八德區,121.3047,24.9656,52,False,桃園,55.0,3.24,Warning
君臨休閒廣場,忠勇一街與忠勇六街交匯地號︰同福段0620-0000號,桃園市八德區,桃園市八德區,121.3047,24.9656,88,False,桃園,55.0,3.24,Warning
大千公園,忠勇街與永福街交匯地號︰永福段0457-0000號,桃園市八德區,桃園市八德區,121.3036,24.9657,17,False,桃園,55.0,3.23,Warning
忠勇公園,忠勇街與東勇街一路交匯地號︰同福段0653-0000號,桃園市八德區,桃園市八德區,121.3036,24.9657,84,False,桃園,55.0,3.23,Warning
及人高中,新北市新店區安興路1號,新北市新店區,新北市新店區,121.5149,24.9663,2774,True,新店,38.0,2.61,Low Risk
五峰國中,新北市新店區中興路一段253號,新北市新店區,新北市新店區,121.544,24.9664,1103,True,新店,38.0,1.36,Low Risk
廣豐綠一公園,廣豐路地號︰大智段0630-0000號,桃園市八德區,桃園市八德區,121.2967,24.9665,34,False,桃園,55.0,3.25,Warning
廣豐公一公園,廣豐路地號︰明智段0025-0000號,桃園市八德區,桃園市八德區,121.2967,24.9665,95,False,桃園,55.0,3.25,Warning
鳳鳴國中,鶯歌區永和街33號,新北市鶯歌區,新北市鶯歌區,121.3318,24.9671,527,True,桃園,55.0,4.09,Low Risk
大明公園二,興隆街23巷底地號︰大明段1099-0000號,桃園市八德區,桃園市八德區,121.3264,24.9673,33,False,桃園,55.0,3.73,Warning
中壢區自強、自治里集會所,強國路46號,桃園市中壢區,桃園市中壢區,121.259528,24.967453,50,True,中壢,85.0,4.13,Low Risk
永福環保公園,中園路114巷,桃園市中壢區,桃園市中壢區,121.236409,24.967528,296,False,中壢,85.0,2.17,Warning
自強公園,自強國中旁，強國路以北,桃園市中壢區,桃園市中壢區,121.259385,24.967876,516,False,中壢,85.0,4.13,Warning
中鑄公園,中華路2段,桃園市中壢區,桃園市中壢區,121.249815,24.968046,434,False,中壢,85.0,3.28,Warning
廣豐生態綠地公園,介壽路一段與廣豐路交匯地號︰大智段0011-1002號,桃園市八德區,桃園市八德區,121.3014,24.9681,215,False,桃園,55.0,2.98,Warning
文化公園,文化街、復興街口,桃園市平鎮區,桃園市中壢區,121.2484,24.9684,231,False,中壢,85.0,3.18,Warning
大明公園一,興隆街與13巷交匯地號︰大明段1096-0000號,桃園市八德區,桃園市八德區,121.3273,24.9687,41,False,桃園,55.0,3.66,Warning
安康高中,新北市新店區安興路25號,新北市新店區,新北市新店區,121.5149,24.9688,1119,True,新店,38.0,2.49,Low Risk
圳邊公園,大明街大圳邊地號︰前埕段0564-0000號,桃園市八德區,桃園市八德區,121.2977,24.9691,51,False,桃園,55.0,2.94,Warning
鳳鳴國小,鶯歌區永和街120號,新北市鶯歌區,新北市鶯歌區,121.3351,24.9691,342,True,桃園,55.0,4.16,Low Risk
大仁里集會所,桃鶯路南僑巷76號,桃園市八德區,桃園市八德區,121.3264,24.9696,110,True,桃園,55.0,3.53,Low Risk
大仁休閒公園,和平路頂僑巷,桃園市八德區,桃園市八德區,121.3237,24.9704,6,False,桃園,55.0,3.3,Warning
中壢區水尾社區活動中心,新生路598巷22號,桃園市中壢區,桃園市中壢區,121.224783,24.970735,40,True,中壢,85.0,1.97,Low Risk
育德國小,佳園路一段34號,新北市樹林區,新北市樹林區,121.392558,24.971116,484,True,新北（樹林）,55.0,2.62,Low Risk
大正休閒廣場,正福五街與正福二街口地號︰大福段0603-0000號,桃園市八德區,桃園市八德區,121.2979,24.9714,46,False,桃園,55.0,2.69,Warning
高明里集會所,永豐路572巷21號2樓,桃園市八德區,桃園市八德區,121.2759,24.9716,105,True,桃園,55.0,3.9,Low Risk
中正國小,新北市新店區三民路３６號,新北市新店區,新北市新店區,121.5366,24.9717,1001,True,新店,38.0,0.63,Low Risk
崇光女中,新北市新店區三民路18號,新北市新店區,新北市新店區,121.5391,24.9718,522,True,新店,38.0,0.62,Low Risk
土城國小,興城路17號,新北市土城區,新北市土城區,121.441935,24.972383,958,True,土城,57.0,1.51,Low Risk
土城區公所,金城路1段101號7樓,新北市土城區,新北市土城區,121.442873,24.972533,162,True,土城,57.0,1.43,Low Risk
泰平里活動中心,溪尾寮46號,新北市雙溪區,新北市雙溪區,121.827,24.9727,100,True,基隆,36.0,18.66,Low Risk
山佳市民活動中心,中山路三段40號2樓,新北市樹林區,新北市樹林區,121.39436,24.972721,80,True,新北（樹林）,55.0,2.85,Low Risk
中壢區永福、忠福、幸福里集會所,南園二路90號,桃園市中壢區,桃園市中壢區,121.233494,24.972729,50,True,中壢,85.0,2.47,Low Risk
中湖里活動中心,中湖街25號,新北市鶯歌區,新北市鶯歌區,121.3481,24.973,119,True,新北（樹林）,55.0,4.46,Low Risk
中湖國小,中湖街25號,新北市鶯歌區,新北市鶯歌區,121.3481,24.973,465,True,新北（樹林）,55.0,4.46,Low Risk
復興公園,復華里內壢國中旁,桃園市中壢區,桃園市中壢區,121.248762,24.973494,844,False,中壢,85.0,3.54,Warning
思源公園,思源街與正福里交匯地號︰大福段0583-0000號,桃園市八德區,桃園市八德區,121.2989,24.9735,69,False,桃園,55.0,2.44,Warning
北新國小　,新北市新店區寶橋路8號,新北市新店區,新北市新店區,121.5439,24.9737,1737,True,新店,38.0,0.73,Low Risk
鴻撫宮,桃園市鴻撫街3號,桃園市桃園區,桃園市桃園區,121.2645,24.9738,72,True,桃園,55.0,4.7,Low Risk
清化市民活動中心,青雲路368號4樓,新北市土城區,新北市土城區,121.458661,24.973802,30,True,土城,57.0,1.19,Low Risk
清和市民活動中心,青雲路368號1樓,新北市土城區,新北市土城區,121.458661,24.973802,30,True,土城,57.0,1.19,Low Risk
中園路環保公園,中園路,桃園市中壢區,桃園市中壢區,121.235833,24.97388,1401,False,中壢,85.0,2.7,Warning
樂山市民活動中心,中和街38號3樓,新北市樹林區,新北市樹林區,121.389871,24.973944,61,True,新北（樹林）,55.0,2.84,Low Risk
元生公園,文化路,桃園市中壢區,桃園市中壢區,121.253145,24.974152,1303,False,中壢,85.0,3.93,Warning
松柏會老人文康活動中心,2鄰29-5號,桃園市新屋區,桃園市新屋區,121.026312,24.974502,0,True,湖口,53.0,8.37,Low Risk
中山社區活動中心,國際路一段575號,桃園市桃園區,桃園市桃園區,121.2892,24.975,45,True,桃園,55.0,2.71,Low Risk
新店高中,新北市新店區中央路93號,新北市新店區,新北市新店區,121.5318,24.9756,1307,True,新店,38.0,0.63,Low Risk
常樂公園,元化路元生國小旁,桃園市中壢區,桃園市中壢區,121.250826,24.975768,885,False,中壢,85.0,3.86,Warning
山佳國小,中山路三段5號,新北市樹林區,新北市樹林區,121.401678,24.975774,654,True,新北（樹林）,55.0,3.49,Low Risk
福豐國中,延平路326號,桃園市桃園區,桃園市桃園區,121.3139,24.976,105,True,桃園,55.0,2.27,Low Risk
耕莘健康管理專科學校,新北市新店區民族路112號,新北市新店區,新北市新店區,121.5355,24.9761,87,True,新店,38.0,0.26,Low Risk
忠孝公園,忠孝路元生二街旁,桃園市中壢區,桃園市中壢區,121.254187,24.976276,1015,False,中壢,85.0,4.16,Warning
指南國小,文山區指南路3段38巷5-2號,臺北市文山區,臺北市文山區,121.5836,24.9764,20,True,新店,38.0,4.62,Low Risk
中壢區中原、忠孝、和平里原住民集會所,元生二街126號,桃園市中壢區,桃園市中壢區,121.209151,24.976697,50,True,平鎮,72.0,2.71,Low Risk
大豐社福館,新北市新店區民族路110號,新北市新店區,新北市新店區,121.5376,24.9769,1540,True,新店,38.0,0.04,Low Risk
中壢區復興、復華里集會所,長樂街55號,桃園市中壢區,桃園市中壢區,121.249838,24.977376,50,True,中壢,85.0,3.9,Low Risk
建國國中,介新街20號,桃園市桃園區,桃園市桃園區,121.3077,24.9774,70,True,桃園,55.0,1.94,Low Risk
大豐國小,新北市新店區23143民族路108號,新北市新店區,新北市新店區,121.5382,24.9776,5794,True,新店,38.0,0.06,Low Risk
成功公園,福得里內壢高中旁,桃園市中壢區,桃園市中壢區,121.257876,24.977663,547,False,中壢,85.0,4.55,Warning
大林社區活動中心,大原路31號,桃園市桃園區,桃園市桃園區,121.3202,24.9778,89,True,桃園,55.0,2.43,Low Risk
甲蟲兒童公園（文化兒2）,文化路以東、元生一街以北,桃園市中壢區,桃園市中壢區,121.252899,24.977813,535,False,中壢,85.0,4.17,Warning
中壢區內壢、成功、福德里集會所,光華三街10號,桃園市中壢區,桃園市中壢區,121.258069,24.97792,50,True,中壢,85.0,4.58,Low Risk
員林市民活動中心,員林街15號1樓,新北市土城區,新北市土城區,121.442984,24.978282,77,True,土城,57.0,1.01,Low Risk
霖園兒童公園,介壽路一段16底地號︰力行段0029-0000號,桃園市八德區,桃園市八德區,121.3022,24.9784,71,False,桃園,55.0,1.84,Warning
高城公園,高城六街與48巷交匯地號︰高明段0146-0000號,桃園市八德區,桃園市八德區,121.2754,24.979,35,False,桃園,55.0,3.46,Warning
陽明社區活動中心,陽明三街33號,桃園市桃園區,桃園市桃園區,121.3072,24.9794,65,True,桃園,55.0,1.72,Low Risk
中壢區文化里集會所,文化路383-20號,桃園市中壢區,桃園市中壢區,121.250258,24.979431,50,True,中壢,85.0,4.09,Low Risk
竹林中學,中和區華新街143巷12號,新北市中和區,新北市中和區,121.506,24.9799,430,True,新店,38.0,3.22,Low Risk
石城里-石城社區活動中心,頭城鎮石城里（路）40-8號,宜蘭縣頭城鎮,宜蘭縣頭城鎮,121.9498,24.9799,67,True,基隆,36.0,25.31,Low Risk
開明工商,新北市新店區寶中路49號,新北市新店區,新北市新店區,121.5462,24.98,1945,True,新店,38.0,0.9,Low Risk
華梵大學于藝館3樓,華梵路1號,新北市石碇區,新北市石碇區,121.6921,24.98,100,True,汐止,52.0,10.89,Low Risk
文化公園,內壢文化路,桃園市中壢區,桃園市中壢區,121.249202,24.980065,1700,False,中壢,85.0,4.07,Warning
青山市民活動中心,明德路1段74-1號1樓,新北市土城區,新北市土城區,121.464447,24.98031,18,True,土城,57.0,1.29,Low Risk
永富市民活動中心,明德路1段74-1號2樓,新北市土城區,新北市土城區,121.464447,24.98031,25,True,土城,57.0,1.29,Low Risk
景美女中,文山區木新路3段312號,臺北市文山區,臺北市文山區,121.5562,24.9807,300,True,新店,38.0,1.9,Low Risk
延平公園,桃園市延平路、大豐路口,桃園市桃園區,桃園市桃園區,121.3186,24.9808,1400,False,桃園,55.0,2.07,Warning
廷寮市民活動中心,永豐路240-1號,新北市土城區,新北市土城區,121.467199,24.980803,80,True,土城,57.0,1.56,Low Risk
南強工商,新北市新店區文化路42號,新北市新店區,新北市新店區,121.5448,24.9809,1132,True,新店,38.0,0.82,Low Risk
力行國小,文山區木新路3段155巷7號,臺北市文山區,臺北市文山區,121.561,24.9809,30,True,新店,38.0,2.38,Low Risk
三角公園,文化路,桃園市中壢區,桃園市中壢區,121.249318,24.980978,2281,False,中壢,85.0,4.15,Warning
陽明公園,桃園市長沙街十一號,桃園市桃園區,桃園市桃園區,121.3073,24.9811,4600,False,桃園,55.0,1.53,Warning
大同國小,大同街43號,新北市樹林區,新北市樹林區,121.417421,24.981493,450,True,土城,57.0,3.47,Low Risk
東陽市民活動中心,鎮前街467號,新北市樹林區,新北市樹林區,121.410902,24.981593,78,True,土城,57.0,4.13,Low Risk
彭福國小,忠孝街30號,新北市樹林區,新北市樹林區,121.42394,24.981755,1704,True,土城,57.0,2.82,Low Risk
清水高中,明德路1段72號,新北市土城區,新北市土城區,121.465311,24.982013,1033,True,土城,57.0,1.36,Low Risk
福林、豐林、福安、大豐里聯合集會所（陽明公園管理中心）,介壽路199號,桃園市桃園區,桃園市桃園區,121.3081,24.9821,131,True,桃園,55.0,1.44,Low Risk
華夏科技大學,中和區工專路111號,新北市中和區,新北市中和區,121.5076,24.9822,1447,True,新店,38.0,3.09,Low Risk
"青雲,柑林市民活動中心",清水路141巷18號B1,新北市土城區,新北市土城區,121.458501,24.98237,50,True,土城,57.0,0.67,Low Risk
裕德高中,擺接堡路1號,新北市土城區,新北市土城區,121.439585,24.982977,975,True,土城,57.0,1.24,Low Risk
新北高工,學府路1段241號,新北市土城區,新北市土城區,121.45038,24.983308,2785,True,土城,57.0,0.17,Low Risk
建國國小,昆明路95號,桃園市桃園區,桃園市桃園區,121.3144,24.9834,280,True,桃園,55.0,1.57,Low Risk
實踐國中,文山區辛亥路7段67號,臺北市文山區,臺北市文山區,121.5547,24.9834,300,True,新店,38.0,1.84,Low Risk
中正國中,金城路2段247號,新北市土城區,新北市土城區,121.456842,24.983456,415,True,土城,57.0,0.51,Low Risk
樹林高級中學,中華路8號,新北市樹林區,新北市樹林區,121.422804,24.983502,1404,True,土城,57.0,2.93,Low Risk
實踐國小,文山區忠順街1段4號,臺北市文山區,臺北市文山區,121.5575,24.9836,75,True,新店,38.0,2.11,Low Risk
東昇市民活動中心,中山路二段80號2樓,新北市樹林區,新北市樹林區,121.415159,24.984222,214,True,土城,57.0,3.7,Low Risk
清水國小,金城路2段356號,新北市土城區,新北市土城區,121.461508,24.984402,597,True,土城,57.0,0.99,Low Risk
吉林公園,忠工路341-1地號,桃園市中壢區,桃園市中壢區,121.250192,24.984425,305,False,中壢,85.0,4.5,Warning
新和國小,新店市安和路三段100號,新北市新店區,新北市新店區,121.5182,24.9846,648,True,新店,38.0,2.14,Low Risk
北政國中,臺北市文山區指南路3段2巷14號,臺北市文山區,臺北市文山區,121.5783,24.9849,20,True,新店,38.0,4.17,Low Risk
中山公園,內定里吉林北路以東,桃園市中壢區,桃園市中壢區,121.251276,24.985413,3275,False,中壢,85.0,4.66,Warning
樂利國小,裕生路65號,新北市土城區,新北市土城區,121.447559,24.985602,1168,True,土城,57.0,0.55,Low Risk
莊敬工家,新北市新店區民生路45號,新北市新店區,新北市新店區,121.5322,24.9858,8362,True,新店,38.0,1.11,Low Risk
西園路環保公園,永福里社區.新街溪綠地,桃園市中壢區,桃園市中壢區,121.236845,24.985901,509,False,中壢,85.0,3.94,Warning
廣興市民活動中心,學府路一段99巷底2樓,新北市土城區,新北市土城區,121.457766,24.985909,50,True,土城,57.0,0.7,Low Risk
廣福市民活動中心,學府路一段99巷底1樓,新北市土城區,新北市土城區,121.457766,24.985909,50,True,土城,57.0,0.7,Low Risk
育林國小,復興路395號,新北市樹林區,新北市樹林區,121.415677,24.986051,135,True,土城,57.0,3.67,Low Risk
育林國中,復興路395號,新北市樹林區,新北市樹林區,121.415677,24.986051,574,True,土城,57.0,3.67,Low Risk
中和國中,中和區興南路2段3巷17號,新北市中和區,新北市中和區,121.5085,24.9862,2649,True,新店,38.0,3.12,Low Risk
中山國小,國際路一段1070號,桃園市桃園區,桃園市桃園區,121.2902,24.9864,212,True,桃園,55.0,1.76,Low Risk
中山、中平、中原、中泰、中聖五里聯合集會所,中平路118號,桃園市桃園區,桃園市桃園區,121.2928,24.9867,339,True,桃園,55.0,1.52,Low Risk
興南國小,中和區興南路1段135巷24號,新北市中和區,新北市中和區,121.5091,24.9867,1278,True,新店,38.0,3.08,Low Risk
廣福國小,學府路1段127號,新北市土城區,新北市土城區,121.454896,24.986953,608,True,土城,57.0,0.58,Low Risk
建國、雲林里聯合集會所建國公園管理中心,建成街88號一、二樓,桃園市桃園區,桃園市桃園區,121.3155,24.987,191,True,桃園,55.0,1.36,Low Risk
市二簡易公園,桃園市泰昌三街、宏昌七街口,桃園市桃園區,桃園市桃園區,121.2931,24.9871,250,False,桃園,55.0,1.47,Warning
溪洲國小,金門街289號,新北市板橋區,新北市板橋區,121.4309,24.9873,1021,True,土城,57.0,2.18,Low Risk
明道國小,文山區木柵路2段138巷61號,臺北市文山區,臺北市文山區,121.5626,24.9874,42,True,新店,38.0,2.75,Low Risk
木柵國中,文山區木柵路3段102巷12號,臺北市文山區,臺北市文山區,121.5677,24.9875,30,True,新店,38.0,3.23,Low Risk
兔坑社區活動中心,大同路918號,桃園市龜山區,桃園市龜山區,121.35073,24.987578,120,True,桃園,55.0,4.68,Low Risk
永建國小,文山區試院路2號,臺北市文山區,臺北市文山區,121.55,24.9876,30,True,新店,38.0,1.69,Low Risk
幸福社區活動中心,幸福一街38號1樓,桃園市龜山區,桃園市龜山區,121.33609,24.988014,82,True,桃園,55.0,3.22,Low Risk
龍岡公園,桃園市國強七街、國豐二街口,桃園市桃園區,桃園市桃園區,121.2782,24.9882,400,False,桃園,55.0,2.8,Warning
南門國小,復興路303號,桃園市桃園區,桃園市桃園區,121.3044,24.9886,159,True,桃園,55.0,0.68,Low Risk
山福集會所,中興路152號,桃園市龜山區,桃園市龜山區,121.331807,24.988719,120,True,桃園,55.0,2.78,Low Risk
建國公園,桃園市桃鶯路、大林路口,桃園市桃園區,桃園市桃園區,121.3173,24.9888,1400,False,桃園,55.0,1.4,Warning
安和國小,延和路23號,新北市土城區,新北市土城區,121.464774,24.988807,2293,True,土城,57.0,1.48,Low Risk
龍祥公園,龍城五街邊,桃園市桃園區,桃園市桃園區,121.3111,24.9889,100,False,桃園,55.0,0.89,Warning
汴洲社區活動中心,水汴一路112號,桃園市桃園區,桃園市桃園區,121.3111,24.9889,178,True,桃園,55.0,0.89,Low Risk
溫州公園,桃園市溫洲街、蓮華街口,桃園市桃園區,桃園市桃園區,121.3111,24.9889,800,False,桃園,55.0,0.89,Warning
景新國小,中和區景新街467巷37號,新北市中和區,新北市中和區,121.515,24.9893,897,True,新店,38.0,2.66,Low Risk
龍岡社區活動中心,國豐二街6號,桃園市桃園區,桃園市桃園區,121.2805,24.9895,92,True,桃園,55.0,2.54,Low Risk
景美國小,文山區景文街108號,臺北市文山區,臺北市文山區,121.5408,24.9895,74,True,新店,38.0,1.4,Low Risk
復興國小,中和區復興路301巷6號,新北市中和區,新北市中和區,121.5019,24.9896,946,True,永和,45.0,3.37,Low Risk
行政中心大禮堂,臺北市木柵路3段220號10樓,臺北市文山區,臺北市文山區,121.5701,24.9896,60,True,新店,38.0,3.54,Low Risk
沙崙國小,篤行路二段132號,新北市板橋區,新北市板橋區,121.4305,24.9897,1692,True,土城,57.0,2.3,Low Risk
復興大樓圖書館,南山路236號6樓,新北市中和區,新北市中和區,121.5065,24.9897,25,True,永和,45.0,3.19,Low Risk
大同社區活動中心,明德路203巷10號,桃園市龜山區,桃園市龜山區,121.343269,24.989757,133,True,桃園,55.0,3.9,Low Risk
中壢區內厝活動中心,月眉路1段2號,桃園市中壢區,桃園市中壢區,121.179172,24.989775,55,True,平鎮,72.0,4.81,Low Risk
山德社區活動中心,頂興路2巷14號,桃園市龜山區,桃園市龜山區,121.328351,24.989945,68,True,桃園,55.0,2.41,Low Risk
樹林區公所,鎮前街93號,新北市樹林區,新北市樹林區,121.424633,24.989981,215,True,土城,57.0,2.87,Low Risk
樹林國小,育英街176號,新北市樹林區,新北市樹林區,121.418101,24.99003,304,True,土城,57.0,3.5,Low Risk
錦和國小,中和區圓通路292號,新北市中和區,新北市中和區,121.4893,24.9901,1173,True,土城,57.0,3.87,Low Risk
木柵國小,文山區木柵路3段191號,臺北市文山區,臺北市文山區,121.5702,24.9903,155,True,新店,38.0,3.58,Low Risk
石碇國小,石碇西街15號,新北市石碇區,新北市石碇區,121.659,24.9903,109,True,汐止,52.0,8.64,Low Risk
萬興國小,文山區秀明路2段114號,臺北市文山區,臺北市文山區,121.5766,24.9904,125,True,新店,38.0,4.18,Low Risk
信義國小,四川路二段245巷60號,新北市板橋區,新北市板橋區,121.4528,24.9917,1024,True,土城,57.0,1.02,Low Risk
國強公園,國強一街、益壽一街口,桃園市桃園區,桃園市桃園區,121.2827,24.992,100,False,桃園,55.0,2.27,Warning
桃園國小,民權路67號,桃園市桃園區,桃園市桃園區,121.3102,24.9923,212,True,桃園,55.0,0.59,Low Risk
錦和中學,中和區錦和路163號,新北市中和區,新北市中和區,121.4911,24.9925,2543,True,永和,45.0,3.72,Low Risk
龜山區公所本所（三樓禮堂）,中山街26號,桃園市龜山區,桃園市龜山區,121.337823,24.992506,200,True,桃園,55.0,3.32,Low Risk
民族公園,民族路與三民路三段口,桃園市桃園區,桃園市桃園區,121.3086,24.9926,200,False,桃園,55.0,0.43,Warning
市中心區聯合里集會所文明、文昌、文化、南華里,民族路110號三、四樓,桃園市桃園區,桃園市桃園區,121.3091,24.9926,129,True,桃園,55.0,0.47,Low Risk
景美國中,文山區景中街27號,臺北市文山區,臺北市文山區,121.5429,24.993,80,True,新店,38.0,1.83,Low Risk
長青學苑,民權路24號7樓,桃園市桃園區,桃園市桃園區,121.3105,24.9934,42,True,桃園,55.0,0.57,Low Risk
桃園市公所禮堂,縣府路7號,桃園市桃園區,桃園市桃園區,121.3015,24.9939,64,True,桃園,55.0,0.36,Low Risk
中和高中,中和區連城路460號,新北市中和區,新北市中和區,121.4783,24.994,2072,True,板橋,57.0,2.89,Low Risk
溪口國小,文山區景福街225號,臺北市文山區,臺北市文山區,121.5387,24.9941,90,True,新店,38.0,1.88,Low Risk
龜山社區活動中心,中興路一段50號,桃園市龜山區,桃園市龜山區,121.338374,24.994116,70,True,桃園,55.0,3.36,Low Risk
秀山國小,中和區立人街2號,新北市中和區,新北市中和區,121.5212,24.9942,4228,True,新店,38.0,2.52,Low Risk
重慶國小,廣和街31號,新北市板橋區,新北市板橋區,121.4624,24.9945,2135,True,土城,57.0,1.7,Low Risk
新路社區活動中心,永安街77號,桃園市龜山區,桃園市龜山區,121.334421,24.994912,60,True,桃園,55.0,2.96,Low Risk
壽山高級中學,大同路23號,桃園市龜山區,桃園市龜山區,121.341548,24.994986,796,True,桃園,55.0,3.68,Low Risk
東門國小,東國街14號,桃園市桃園區,桃園市桃園區,121.3149,24.9952,550,True,桃園,55.0,1.0,Low Risk
景華公園,臺北市文山區景興路與景華街交叉口,臺北市文山區,臺北市文山區,121.5446,24.9956,1350,False,新店,38.0,2.16,Low Risk
智光商工,永和區智光里中正路100號,新北市永和區,新北市永和區,121.5143,24.9957,722,True,永和,45.0,2.38,Low Risk
中壢市芭里社區活動中心,啟文路175號,桃園市中壢區,桃園市中壢區,121.203831,24.995705,50,True,平鎮,72.0,4.77,Low Risk
桃園國中,莒光街2號,桃園市桃園區,桃園市桃園區,121.3048,24.9958,70,True,桃園,55.0,0.12,Low Risk
木柵高工,文山區木柵路4段77號,臺北市文山區,臺北市文山區,121.5719,24.9959,169,True,新店,38.0,4.02,Low Risk
景興國小,文山區景華街150巷21號,臺北市文山區,臺北市文山區,121.5482,24.9961,126,True,新店,38.0,2.35,Low Risk
景興國中,文山區景興路46巷2號,臺北市文山區,臺北市文山區,121.5443,24.9962,100,True,新店,38.0,2.21,Low Risk
臺北市文山運動中心,興隆路三段222號,臺北市文山區,臺北市文山區,121.5443,24.9962,189,True,新店,38.0,2.21,Low Risk
嶺頂社區活動中心,西嶺頂24號,桃園市龜山區,桃園市龜山區,121.342294,24.996761,68,True,桃園,55.0,3.76,Low Risk
自強國小,自強東路269號,桃園市龜山區,桃園市龜山區,121.345413,24.997386,700,True,桃園,55.0,4.08,Low Risk
三民里集會所,中山東路128號,桃園市桃園區,桃園市桃園區,121.3207,24.9976,36,True,桃園,55.0,1.61,Low Risk
文林國小,千歲街59號,新北市樹林區,新北市樹林區,121.426072,24.997757,1151,True,土城,57.0,3.1,Low Risk
龜山國中,自強西路66號,桃園市龜山區,桃園市龜山區,121.338533,24.997776,100,True,桃園,55.0,3.4,Low Risk
北門、朝陽二里聯合活動中心,朝陽街63號,桃園市桃園區,桃園市桃園區,121.3129,24.9978,69,True,桃園,55.0,0.87,Low Risk
民權市民活動中心,永和區民族里民權路60號,新北市永和區,新北市永和區,121.5199,24.998,125,True,永和,45.0,2.14,Low Risk
青溪、成功、東門里集會所,鎮撫街41號,桃園市桃園區,桃園市桃園區,121.3145,24.9981,88,True,桃園,55.0,1.03,Low Risk
重慶國中,國慶路221號,新北市板橋區,新北市板橋區,121.4632,24.9982,2826,True,板橋,57.0,1.7,Low Risk
中和區公所,中和區景平路634之2號,新北市中和區,新北市中和區,121.5002,24.9982,65,True,永和,45.0,2.65,Low Risk
成功國小,三民路3段22號,桃園市桃園區,桃園市桃園區,121.3078,24.9983,212,True,桃園,55.0,0.49,Low Risk
阿柔市民活動中心,阿柔里阿柔洋62號,新北市深坑區,新北市深坑區,121.6072,24.9983,57,True,松山,56.0,6.43,Low Risk
溪崑國中,大觀路三段50巷30號,新北市板橋區,新北市板橋區,121.4313,24.9984,785,True,土城,57.0,2.72,Low Risk
自強國小,中和區莒光路200號,新北市中和區,新北市中和區,121.4719,24.9985,562,True,板橋,57.0,2.09,Low Risk
志清國小,文山區景福街21巷5號,臺北市文山區,臺北市文山區,121.5388,24.9987,35,True,新店,38.0,2.39,Low Risk
自強國中,中和區莒光路191號,新北市中和區,新北市中和區,121.4726,24.9988,936,True,板橋,57.0,2.11,Low Risk
興華國小,臺北市文山區興隆路3段125巷6號,臺北市文山區,臺北市文山區,121.5587,24.9988,30,True,新店,38.0,3.19,Low Risk
積穗國小,中和區員山路154號,新北市中和區,新北市中和區,121.4814,24.9991,545,True,板橋,57.0,2.76,Low Risk
青溪國小,自強路80號,桃園市桃園區,桃園市桃園區,121.3182,24.9997,210,True,桃園,55.0,1.44,Low Risk
秀朗國小,永和區民權里得和路202號,新北市永和區,新北市永和區,121.5214,24.9997,2124,True,永和,45.0,1.99,Low Risk
中和國小,中和區中和路100號,新北市中和區,新北市中和區,121.5016,24.9999,2866,True,永和,45.0,2.41,Low Risk
積穗國中,中和區民安街66號,新北市中和區,新北市中和區,121.4798,25.0004,597,True,板橋,57.0,2.55,Low Risk
萬芳高中,文山區興隆路3段115巷1號,臺北市文山區,臺北市文山區,121.5588,25.0005,131,True,新店,38.0,3.34,Low Risk
萬順市民活動中心,萬順里北深路3段107巷26號,新北市深坑區,新北市深坑區,121.6041,25.0008,22,True,松山,56.0,6.04,Low Risk
公十五公園,領航南路一段與文德路,桃園市中壢區,桃園市中壢區,121.207661,25.000969,1007,False,平鎮,72.0,5.37,Warning
永安、長安、長德三里聯合活動中心（永康公園管理中心）,中正五街315號,桃園市桃園區,桃園市桃園區,121.3033,25.001,196,True,桃園,55.0,0.72,Low Risk
三民公園、青溪公園,桃園市三民路、三元街、自強路口,桃園市桃園區,桃園市桃園區,121.3171,25.0013,2800,False,桃園,55.0,1.42,Warning
鶴齡交誼中心,廟美街6巷3號2、4樓,新北市中和區,新北市中和區,121.5011,25.0014,82,True,永和,45.0,2.31,Low Risk
南山高中,中和區廣福路41號,新北市中和區,新北市中和區,121.5034,25.0016,2130,True,永和,45.0,2.15,Low Risk
興德國小,文山區興隆路2段235號,臺北市文山區,臺北市文山區,121.5508,25.0017,30,True,古亭,40.0,3.0,Low Risk
深坑國中,深坑里文化路41號,新北市深坑區,新北市深坑區,121.6183,25.0017,304,True,松山,56.0,6.7,Low Risk
深坑國小,深坑里文化路45號,新北市深坑區,新北市深坑區,121.6169,25.0018,632,True,松山,56.0,6.6,Low Risk
萬芳國小,文山區萬和街1號,臺北市文山區,臺北市文山區,121.5673,25.0019,135,True,新店,38.0,4.05,Low Risk
武林國小,保安街二段151號,新北市樹林區,新北市樹林區,121.415438,25.002028,822,True,土城,57.0,4.26,Low Risk
博嘉國小,文山區木柵路4段159巷14之1號,臺北市文山區,臺北市文山區,121.5758,25.0021,30,True,新店,38.0,4.73,Low Risk
精忠集會所,光峰路141號,桃園市龜山區,桃園市龜山區,121.343353,25.002285,114,True,桃園,55.0,3.96,Low Risk
中山國小,大觀路二段59巷31號,新北市板橋區,新北市板橋區,121.4477,25.0023,1136,True,板橋,57.0,1.62,Low Risk
興隆國小,文山區福興路2號,臺北市文山區,臺北市文山區,121.5519,25.0024,133,True,古亭,40.0,3.03,Low Risk
深坑市民活動中心,深坑里北深路2段166號,新北市深坑區,新北市深坑區,121.6147,25.0025,36,True,松山,56.0,6.41,Low Risk
深坑區公所,深坑里深坑街10號,新北市深坑區,新北市深坑區,121.616,25.0025,100,True,松山,56.0,6.49,Low Risk
漳和國中,中和區廣福路39號,新北市中和區,新北市中和區,121.5055,25.0027,1067,True,永和,45.0,1.93,Low Risk
興德里營區,興德路55號,臺北市文山區,臺北市文山區,121.5571,25.0029,200,True,古亭,40.0,3.4,Low Risk
永康公園,桃園市中正五街、永康街口,桃園市桃園區,桃園市桃園區,121.3018,25.0032,800,False,桃園,55.0,1.0,Warning
後埔國小,重慶路157號,新北市板橋區,新北市板橋區,121.4627,25.0033,703,True,板橋,57.0,1.15,Low Risk
復興商工,永和區得和里秀朗路一段201號,新北市永和區,新北市永和區,121.5186,25.0035,827,True,永和,45.0,1.52,Low Risk
永和國小,永和區潭墘里秀朗路一段120號,新北市永和區,新北市永和區,121.517,25.0036,1329,True,永和,45.0,1.49,Low Risk
武功國小,臺北市文山區興隆路1段68號,臺北市文山區,臺北市文山區,121.5405,25.0039,50,True,古亭,40.0,2.16,Low Risk
公十三公園及兒增二,高鐵南路二段與文德路,桃園市中壢區,桃園市中壢區,121.205639,25.003951,3562,False,平鎮,72.0,5.69,Warning
福和國中,永和區秀和里永利路71號,新北市永和區,新北市永和區,121.5209,25.004,1401,True,永和,45.0,1.52,Low Risk
公八公園,領航南路3段與青松路,桃園市中壢區,桃園市中壢區,121.214921,25.004304,365,False,中壢,85.0,5.71,Warning
東南科技大學,萬福里北深路3段152號,新北市深坑區,新北市深坑區,121.6047,25.0044,916,True,松山,56.0,5.71,Low Risk
兒六兒童遊樂場,青埔六街與青埔十一街,桃園市中壢區,桃園市中壢區,121.216768,25.004761,408,True,中壢,85.0,5.75,Low Risk
忠孝國中,成都街30號,新北市板橋區,新北市板橋區,121.4616,25.0048,191,True,板橋,57.0,0.96,Low Risk
萬福國小,文山區羅斯福路5段170巷32號,臺北市文山區,臺北市文山區,121.5367,25.0048,32,True,古亭,40.0,1.9,Low Risk
興福國中,文山區福興路80號,臺北市文山區,臺北市文山區,121.5497,25.0049,300,True,古亭,40.0,2.68,Low Risk
昇高市民活動中心,昇高里旺耽路25號,新北市深坑區,新北市深坑區,121.6287,25.0049,87,True,汐止,52.0,6.93,Low Risk
實踐國小,實踐路93巷51號,新北市板橋區,新北市板橋區,121.4664,25.005,1018,True,板橋,57.0,1.18,Low Risk
東勢市民活動中心,竿蓁林62-1號,新北市平溪區,新北市平溪區,121.7508,25.0052,25,True,汐止,52.0,12.99,Low Risk
嶺腳市民活動中心,嶺腳寮14號,新北市平溪區,新北市平溪區,121.7508,25.0052,47,True,汐止,52.0,12.99,Low Risk
兒十四兒童公園,高鐵南路二段與公園路一段,桃園市中壢區,桃園市中壢區,121.20791,25.00591,427,False,平鎮,72.0,5.92,Warning
直潭派出所,新北市新店區直潭十街2號,新北市新店區,新北市板橋區,121.456585,25.005939,75,True,板橋,57.0,0.81,Low Risk
山北市民活動中心,莊敬路49巷29弄2號,新北市中和區,新北市中和區,121.5016,25.0061,92,True,永和,45.0,1.91,Low Risk
德林寺停車場,龍安街985號,桃園市蘆竹區,桃園市蘆竹區,121.258501,25.00618693,150,True,桃園,55.0,4.86,Low Risk
辛亥國小,文山區辛亥路4段103號,臺北市文山區,臺北市文山區,121.5585,25.0063,30,True,古亭,40.0,3.32,Low Risk
三多國中,三多路101號,新北市樹林區,新北市樹林區,121.414672,25.006414,847,True,新莊,52.0,3.94,Low Risk
永和國中,永和區秀和里國中路111號,新北市永和區,新北市永和區,121.5233,25.0067,1109,True,永和,45.0,1.34,Low Risk
保生國民小學,觀音鄉保生村十四鄰五號,桃園市觀音區,桃園市觀音區,121.07162,25.006913,100,True,觀音,45.0,3.38,Low Risk
育才國小,永和區永貞里福和路125巷20號,新北市永和區,新北市永和區,121.5216,25.0071,207,True,永和,45.0,1.22,Low Risk
北門國小,正康三街139號,桃園市桃園區,桃園市桃園區,121.307,25.0072,64,True,桃園,55.0,1.4,Low Risk
大業國小,大業路一段135號,桃園市桃園區,桃園市桃園區,121.3158,25.0074,106,True,桃園,55.0,1.78,Low Risk
永定國小,靜安路一段245號,新北市石碇區,新北市石碇區,121.688,25.0078,330,True,汐止,52.0,8.05,Low Risk
永平國小,永和區保安里保生路25號,新北市永和區,新北市永和區,121.5057,25.0081,943,True,永和,45.0,1.46,Low Risk
大觀國小,大觀路一段30號,新北市板橋區,新北市板橋區,121.4493,25.0086,1784,True,板橋,57.0,1.06,Low Risk
三元、忠義里集會所,三元街289號,桃園市桃園區,桃園市桃園區,121.3234,25.0087,122,True,桃園,55.0,2.42,Low Risk
中壢區洽溪社區活動中心,民權路4段546號,桃園市中壢區,桃園市中壢區,121.202022,25.008748,30,True,大園,58.0,5.81,Low Risk
公十一公園,洽溪路與永興路,桃園市中壢區,桃園市中壢區,121.207384,25.008888,523,False,大園,58.0,5.82,Warning
大有國小,大有路220號,桃園市桃園區,桃園市桃園區,121.3205,25.0089,212,True,桃園,55.0,2.22,Low Risk
大有國中,大有路215號,桃園市桃園區,桃園市桃園區,121.3196,25.0093,70,True,桃園,55.0,2.19,Low Risk
土庫第1市民活動中心,土庫里北深路1段83巷8弄36號,新北市深坑區,新北市深坑區,121.6346,25.01,100,True,汐止,52.0,6.28,Low Risk
石碇綜合活動大樓,楓子林32-1號,新北市石碇區,新北市石碇區,121.6423,25.0101,200,True,汐止,52.0,6.24,Low Risk
海山高中,漢生東路215號,新北市板橋區,新北市板橋區,121.4709,25.0102,2122,True,板橋,57.0,1.27,Low Risk
中壢區月眉社區活動中心,11鄰135-1號,桃園市中壢區,桃園市中壢區,121.184493,25.01027,55,True,大園,58.0,5.93,Low Risk
龍壽國小,龍校街30號,桃園市龜山區,桃園市龜山區,121.387488,25.010772,100,True,新莊,52.0,5.45,Low Risk
板橋國小,文化路一段23號,新北市板橋區,新北市板橋區,121.4582,25.0108,641,True,板橋,57.0,0.25,Low Risk
永平高中,永和區保安里永平路205號,新北市永和區,新北市永和區,121.5086,25.0108,5315,True,永和,45.0,1.04,Low Risk
大觀國中,僑中一街1號,新北市板橋區,新北市板橋區,121.4485,25.0112,1611,True,板橋,57.0,1.04,Low Risk
民族國中,大安區羅斯福路4段113巷13號,臺北市大安區,臺北市大安區,121.5388,25.0112,139,True,古亭,40.0,1.4,Low Risk
臺北市大安運動中心,辛亥路三段55號,臺北市大安區,臺北市大安區,121.5388,25.0112,389,True,古亭,40.0,1.4,Low Risk
板橋高中,文化路一段25號,新北市板橋區,新北市板橋區,121.4591,25.0117,1136,True,板橋,57.0,0.15,Low Risk
會稽國小,春日路1080號,桃園市桃園區,桃園市桃園區,121.3086,25.0118,70,True,桃園,55.0,1.93,Low Risk
大甲高中活動中心,大甲區南陽里中山路一段720號,臺中市大甲區,新北市板橋區,121.465467,25.012024,598,True,板橋,57.0,0.69,Low Risk
公館國小,臺北市大安區基隆路4段41巷68弄2號,臺北市大安區,臺北市大安區,121.5429,25.0124,50,True,古亭,40.0,1.63,Low Risk
石碇高中,八分寮45號,新北市石碇區,新北市石碇區,121.6426,25.0127,963,True,汐止,52.0,5.96,Low Risk
網溪國小,永和區上林里竹林路79號,新北市永和區,新北市永和區,121.5193,25.0129,853,True,永和,45.0,0.55,Low Risk
公十公園,永春路與永溪路,桃園市中壢區,桃園市中壢區,121.20699,25.01304,523,False,大園,58.0,5.35,Warning
民生公園市民活動中心,民生路一段30之1號,新北市板橋區,新北市板橋區,121.4768,25.0137,292,True,板橋,57.0,1.83,Low Risk
臺北市中正運動中心,信義路一段1號,臺北市中正區,臺北市中正區,121.535,25.0137,250,True,古亭,40.0,0.94,Low Risk
月眉環保公園,7鄰95號附近,桃園市中壢區,桃園市中壢區,121.190069,25.014116,1200,False,大園,58.0,5.36,Warning
會稽社區活動中心,興一街65巷50號,桃園市桃園區,桃園市桃園區,121.3161,25.0142,52,True,桃園,55.0,2.44,Low Risk
銘傳國小,大安區羅斯福路4段21號,臺北市大安區,臺北市大安區,121.5352,25.0142,161,True,古亭,40.0,0.91,Low Risk
竹林小學,永和區勵行里竹林路34號,新北市永和區,新北市永和區,121.5173,25.0145,58,True,永和,45.0,0.3,Low Risk
光復國小,中和區光環路2段1號,新北市中和區,新北市中和區,121.4829,25.0148,855,True,板橋,57.0,2.45,Low Risk
公六公園,領航南路4段與青昇路,桃園市中壢區,桃園市中壢區,121.222287,25.015014,456,False,大園,58.0,5.49,Warning
柑林國小,9鄰柑腳3號,新北市雙溪區,新北市雙溪區,121.804558,25.01513,133,True,基隆,36.0,13.45,Low Risk
虎子山,虎子山街,新北市貢寮區,新北市貢寮區,121.944391,25.015188,50,False,基隆,36.0,22.48,Low Risk
頂溪國小,永和區文化里文化路133號,新北市永和區,新北市永和區,121.5116,25.0155,888,True,永和,45.0,0.5,Low Risk
及人國小,永和區新?里文化路172號,新北市永和區,新北市永和區,121.512,25.0157,1041,True,永和,45.0,0.46,Low Risk
長源社區活動中心,柑腳19號,新北市雙溪區,新北市雙溪區,121.8028,25.0157,172,True,基隆,36.0,13.33,Low Risk
金甌女中,永和區復興里博愛街36號,新北市永和區,新北市永和區,121.5193,25.0158,239,True,永和,45.0,0.33,Low Risk
福連國小,福連街1號,新北市貢寮區,新北市貢寮區,121.9888,25.0162,300,True,基隆,36.0,26.24,Low Risk
中壢區山東社區活動中心,山東一路39號,桃園市中壢區,桃園市中壢區,121.173726,25.01621,100,True,大園,58.0,5.76,Low Risk
貢寮國中,嵩陽路42號,新北市貢寮區,新北市貢寮區,121.9071,25.0164,661,True,基隆,36.0,19.41,Low Risk
三多國小,三福街52號,新北市樹林區,新北市樹林區,121.4059,25.016651,807,True,新莊,52.0,3.58,Low Risk
同安里集會所,新埔六街140號,桃園市桃園區,桃園市桃園區,121.3018,25.0167,61,True,桃園,55.0,2.47,Low Risk
光復高中,光環路一段7號,新北市板橋區,新北市板橋區,121.4828,25.0168,416,True,板橋,57.0,2.47,Low Risk
忠孝市民活動中心,忠孝街26巷8號,新北市永和區,新北市永和區,121.5153,25.0169,85,True,永和,45.0,0.1,Low Risk
福隆國小,東興街35號,新北市貢寮區,新北市貢寮區,121.9487,25.0171,430,True,基隆,36.0,22.72,Low Risk
龍華社區活動中心,萬壽路一段422巷22弄43-1號,桃園市龜山區,桃園市龜山區,121.400544,25.017485,150,True,新莊,52.0,3.94,Low Risk
丹鳳國小,新北大道七段437號,新北市新莊區,新北市新莊區,121.4257,25.0175,297,True,新莊,52.0,2.38,Low Risk
光復國小,中和區中原里光環路二段1號,新北市板橋區,新北市板橋區,121.484,25.0177,855,True,板橋,57.0,2.61,Low Risk
靈鷲山無生道場,香蘭街7-1號,新北市貢寮區,新北市貢寮區,121.9729,25.0177,100,False,基隆,36.0,24.76,Low Risk
桃園縣多功能藝文園區,桃園市南平路、中正路,桃園市桃園區,桃園市桃園區,121.2977,25.0179,3000,True,桃園,55.0,2.68,Low Risk
埔墘國小,永豐街42之8號,新北市板橋區,新北市板橋區,121.4741,25.0181,628,True,板橋,57.0,1.66,Low Risk
上興公園,上興路與大興八街交叉附近,桃園市蘆竹區,桃園市蘆竹區,121.262927,25.01826193,150,False,桃園,55.0,4.98,Warning
同新公園,同安街慈文國小邊,桃園市桃園區,桃園市桃園區,121.3014,25.0183,150,False,桃園,55.0,2.65,Warning
福隆青少年活動中心,福隆里福隆街60號,新北市貢寮區,新北市貢寮區,121.9457,25.0184,403,True,基隆,36.0,22.39,Low Risk
迴龍社區活動中心,宏慶街34巷48-1號,桃園市龜山區,桃園市龜山區,121.410691,25.018416,93,True,新莊,52.0,3.09,Low Risk
中山國中,文化路一段188巷56號,新北市板橋區,新北市板橋區,121.4676,25.0185,2280,True,板橋,57.0,1.09,Low Risk
外柑市民活動中心,外柑腳49號,新北市雙溪區,新北市雙溪區,121.807814,25.018517,72,True,基隆,36.0,13.21,Low Risk
快樂國小,大有路789號,桃園市桃園區,桃園市桃園區,121.3154,25.0187,70,True,桃園,55.0,2.87,Low Risk
芳和國中,臺北市大安區臥龍街170號,臺北市大安區,臺北市大安區,121.5503,25.0187,30,True,古亭,40.0,2.1,Low Risk
螢橋國中,中正區汀州路3段四號,臺北市中正區,臺北市中正區,121.5265,25.019,52,True,古亭,40.0,0.36,Low Risk
迴龍國中小學,萬壽路一段168號,桃園市龜山區,桃園市龜山區,121.405433,25.019376,500,True,新莊,52.0,3.42,Low Risk
同德社區活動中心,永安北路500號,桃園市桃園區,桃園市桃園區,121.2925,25.0194,111,True,桃園,55.0,3.02,Low Risk
國光國小,中正路325巷30號,新北市板橋區,新北市板橋區,121.4533,25.0194,1211,True,板橋,57.0,0.9,Low Risk
大安國小,臺北市大安區臥龍街129號,臺北市大安區,臺北市大安區,121.5496,25.0195,60,True,古亭,40.0,2.02,Low Risk
和平高中,大安區臥龍街100號,臺北市大安區,臺北市大安區,121.5491,25.0196,300,True,古亭,40.0,1.97,Low Risk
板橋莊敬市民活動中心,民生路二段120號,新北市板橋區,新北市板橋區,121.4708,25.0197,188,True,板橋,57.0,1.43,Low Risk
新埔里活動中心,南通路65號,桃園市桃園區,桃園市桃園區,121.3056,25.0201,140,True,桃園,55.0,2.82,Low Risk
貢寮市民活動中心,長泰路18-2號,新北市貢寮區,新北市貢寮區,121.9075,25.0206,176,True,基隆,36.0,19.14,Low Risk
古亭國小,大安區羅斯福路3段,臺北市大安區,臺北市大安區,121.5285,25.0207,62,True,古亭,40.0,0.11,Low Risk
西埔里活動中心,富國路681巷19弄路口,桃園市桃園區,桃園市桃園區,121.2805,25.0209,25,True,桃園,55.0,3.82,Low Risk
四維市民活動中心,四維路186巷2號,新北市新莊區,新北市新莊區,121.421825,25.021171,300,True,新莊,52.0,2.16,Low Risk
裕民行政大樓,裕民路136號,新北市新莊區,新北市新莊區,121.4162,25.0212,300,True,新莊,52.0,2.48,Low Risk
春日里活動中心,至善街133號,桃園市桃園區,桃園市桃園區,121.3126,25.0216,28,True,桃園,55.0,3.09,Low Risk
中平國中,中平路385號,新北市新莊區,新北市新莊區,121.4278,25.0216,1384,True,新莊,52.0,1.88,Low Risk
莊敬社區活動中心,新埔七街169巷13號,桃園市桃園區,桃園市桃園區,121.2999,25.0219,53,True,桃園,55.0,3.07,Low Risk
榮富國小,中和街193號,新北市新莊區,新北市新莊區,121.418,25.0219,2819,True,新莊,52.0,2.31,Low Risk
貢寮國小,學苑街7號,新北市貢寮區,新北市貢寮區,121.9151,25.022,633,True,基隆,36.0,19.64,Low Risk
青年公園,臺北市萬華區水源路199號,臺北市萬華區,臺北市萬華區,121.507,25.0221,33756,False,永和,45.0,1.1,Low Risk
白石市民活動中心,9鄰靜安路2段241號,新北市平溪區,新北市平溪區,121.7247,25.0221,49,True,汐止,52.0,9.77,Low Risk
文德國小,英士路179號,新北市板橋區,新北市板橋區,121.4585,25.0225,1207,True,板橋,57.0,1.06,Low Risk
薯榔市民活動中心,靜安路二段63號,新北市平溪區,新北市平溪區,121.728154,25.022689,61,True,汐止,52.0,10.04,Low Risk
大竹國中,大竹路國中巷35號,桃園市蘆竹區,桃園市蘆竹區,121.258528,25.02289,0,True,桃園,55.0,5.64,Low Risk
萬大國小,大同區萬大路346號,臺北市萬華區,臺北市萬華區,121.4993,25.023,66,True,永和,45.0,1.84,Low Risk
朝陽公園,桃園市三民路、朝陽街口,桃園市桃園區,桃園市桃園區,121.3062,25.0231,3000,False,桃園,55.0,3.16,Warning
青年公園棒球場,水源路199號,臺北市萬華區,臺北市萬華區,121.4978,25.0231,68,False,永和,45.0,1.98,Low Risk
東園國小,臺北市萬華區東園街195號,臺北市萬華區,臺北市萬華區,121.4978,25.0231,102,True,永和,45.0,1.98,Low Risk
臺北市萬華運動中心,西寧南路6之1號,臺北市萬華區,臺北市萬華區,121.4978,25.0231,226,True,永和,45.0,1.98,Low Risk
河堤國小,中正區汀州路2段180號,臺北市中正區,臺北市中正區,121.5226,25.0232,30,True,古亭,40.0,0.76,Low Risk
長庚醫護社區活動文康中心,80號B1,桃園市龜山區,桃園市龜山區,121.357412,25.023311,200,True,林口,150.0,6.13,High Risk
菁桐市民活動中心,菁桐街65-1號,新北市平溪區,新北市平溪區,121.7262,25.0235,104,True,汐止,52.0,9.83,Low Risk
平溪國中,靜安路二段295號,新北市平溪區,新北市平溪區,121.7336,25.0235,710,True,汐止,52.0,10.49,Low Risk
菁桐國小,菁桐街45號,新北市平溪區,新北市平溪區,121.7266,25.0236,310,True,汐止,52.0,9.86,Low Risk
大崗社區活動中心,忠義路二段491號,桃園市龜山區,桃園市龜山區,121.353653,25.023863,272,True,桃園,55.0,5.88,Low Risk
龍安國小,大安區新生南路3段33號,臺北市大安區,臺北市大安區,121.5348,25.0239,120,True,古亭,40.0,0.64,Low Risk
五權社區活動中心,14鄰中正東路二段541號,桃園市大園區,桃園市大園區,121.230923,25.023949,100,True,大園,58.0,5.02,Low Risk
板橋國中,中正路437號,新北市板橋區,新北市板橋區,121.4542,25.024,1628,True,板橋,57.0,1.31,Low Risk
中港國小,中港一街142號,新北市新莊區,新北市新莊區,121.4138,25.0242,695,True,新莊,52.0,2.43,Low Risk
長庚里345號地下一樓,345號B1,桃園市龜山區,桃園市龜山區,121.356905,25.024279,200,True,林口,150.0,6.03,High Risk
昌平國小,昌平街200號,新北市新莊區,新北市新莊區,121.4238,25.0243,635,True,新莊,52.0,1.75,Low Risk
古亭國中,中正區中華路2段465號,臺北市中正區,臺北市中正區,121.5106,25.0246,66,True,永和,45.0,1.02,Low Risk
平溪市民活動中心,公園街17號2樓,新北市平溪區,新北市平溪區,121.7371,25.0247,106,True,汐止,52.0,10.74,Low Risk
大竹國小,大竹路556號,桃園市蘆竹區,桃園市蘆竹區,121.258678,25.02483395,260,True,桃園,55.0,5.75,Low Risk
新埔國中,新海路181號,新北市板橋區,新北市板橋區,121.4597,25.0249,3276,True,板橋,57.0,1.33,Low Risk
螢橋國小,中正區詔安街29號,臺北市中正區,臺北市中正區,121.5144,25.0249,63,True,永和,45.0,0.9,Low Risk
龍門國中,大安區建國南路2段269號,臺北市大安區,臺北市大安區,121.538,25.0249,300,True,古亭,40.0,0.98,Low Risk
新莊國中,中正路211號,新北市新莊區,新北市新莊區,121.4225,25.0253,1370,True,新莊,52.0,1.73,Low Risk
平湖市民活動中心,大湖10號,新北市平溪區,新北市平溪區,121.7813,25.0256,71,True,基隆,36.0,11.71,Low Risk
橫峰社區活動中心,中山南路二段435號,桃園市大園區,桃園市大園區,121.213508,25.025624,100,True,大園,58.0,4.09,Low Risk
豐年市民活動中心,豐年街57號之5,新北市新莊區,新北市新莊區,121.4283,25.0258,100,True,新莊,52.0,1.42,Low Risk
新和國小,萬華區西藏路125巷31號,臺北市萬華區,臺北市萬華區,121.5033,25.026,79,True,永和,45.0,1.65,Low Risk
吳興國小,臺北市信義區松仁路226號,臺北市信義區,臺北市信義區,121.5686,25.026,60,True,松山,56.0,2.85,Low Risk
莒光國小,莒光路163號,新北市板橋區,新北市板橋區,121.4736,25.0261,428,True,板橋,57.0,2.1,Low Risk
汴洲里老人活動中心,桃園巿莊敬路1段71號,桃園市桃園區,桃園市桃園區,121.3038,25.0263,178,True,桃園,55.0,3.51,Low Risk
舊路社區活動中心,振興路1278巷29號-振天宮,桃園市龜山區,桃園市龜山區,121.36753,25.02646,60,True,林口,150.0,5.73,High Risk
西園國小,萬華區東園街73巷23號6樓,臺北市萬華區,臺北市萬華區,121.4988,25.0266,30,True,永和,45.0,2.06,Low Risk
平溪國小,平溪街56號,新北市平溪區,新北市平溪區,121.7376,25.0272,525,True,汐止,52.0,10.67,Low Risk
昭惠廟,龍門街74-1號,新北市貢寮區,新北市貢寮區,121.9316,25.0273,50,True,基隆,36.0,20.66,Low Risk
雙園國中,萬華區興義街2號,臺北市萬華區,臺北市萬華區,121.4927,25.0276,30,True,萬華,54.0,2.6,Low Risk
華江高中,萬華區西藏路213號,臺北市萬華區,臺北市萬華區,121.4962,25.0285,300,True,萬華,54.0,2.33,Low Risk
信義國中,信義區松仁路158巷1號,臺北市信義區,臺北市信義區,121.5679,25.0286,361,True,松山,56.0,2.61,Low Risk
中正公園,同安街、中正路口,桃園市桃園區,桃園市桃園區,121.2925,25.0288,1500,False,桃園,55.0,3.99,Warning
江翠國中,松江街63號,新北市板橋區,新北市板橋區,121.4684,25.0289,2895,True,板橋,57.0,2.02,Low Risk
上林國小,內平林60號,新北市雙溪區,新北市雙溪區,121.832,25.029,1309,True,基隆,36.0,13.29,Low Risk
萬華國中,萬華區西藏路201號,臺北市萬華區,臺北市萬華區,121.4987,25.0291,50,True,萬華,54.0,2.15,Low Risk
牡丹心市民活動中心,雙鳳路75號5樓,新北市新莊區,新北市新莊區,121.4431,25.0294,300,True,新莊,52.0,1.43,Low Risk
建安國小,大安區大安路2段99號,臺北市大安區,臺北市大安區,121.5461,25.0294,30,True,古亭,40.0,1.93,Low Risk
文聖國小,文聖街86號,新北市板橋區,新北市板橋區,121.4772,25.0295,1023,True,板橋,57.0,2.62,Low Risk
忠義國小,中正區中華路2段307巷17號,臺北市中正區,臺北市中正區,121.5062,25.0296,100,True,永和,45.0,1.73,Low Risk
中華區民活動中心,中華路2段291號地下室,臺北市中正區,臺北市中正區,121.5045,25.0297,35,True,永和,45.0,1.85,Low Risk
三興國小,信義區基隆路2段99號,臺北市信義區,臺北市信義區,121.558,25.0297,77,True,古亭,40.0,3.04,Low Risk
大安森林公園,臺北市大安區新生南路以東、信義路3段以南,臺北市大安區,臺北市大安區,121.5354,25.0301,47436,False,古亭,40.0,1.21,Low Risk
新生國小,大安區新生南路2段36號,臺北市大安區,臺北市大安區,121.5335,25.0304,35,True,古亭,40.0,1.16,Low Risk
瓊泰市民活動中心,瓊泰路85號,新北市新莊區,新北市新莊區,121.4467,25.0306,150,True,新莊,52.0,1.65,Low Risk
大安國中,大安區大安路2段63號,臺北市大安區,臺北市大安區,121.5462,25.0307,274,True,古亭,40.0,2.02,Low Risk
大理高中,萬華區長順街2號,臺北市萬華區,臺北市萬華區,121.4913,25.0308,300,True,萬華,54.0,2.42,Low Risk
思賢國小,自立街229號,新北市新莊區,新北市新莊區,121.4433,25.0309,285,True,新莊,52.0,1.34,Low Risk
雙園國小,萬華區莒光路315號,臺北市萬華區,臺北市萬華區,121.4975,25.0309,109,True,萬華,54.0,2.03,Low Risk
國語實小,中正區南海路58號,臺北市中正區,臺北市中正區,121.511,25.0309,49,True,永和,45.0,1.64,Low Risk
大理國小,萬華區艋舺大道389號,臺北市萬華區,臺北市萬華區,121.4938,25.0312,84,True,萬華,54.0,2.22,Low Risk
建國中學,中正區南海路56號,臺北市中正區,臺北市中正區,121.5122,25.0312,300,True,永和,45.0,1.63,Low Risk
金華國中,大安區新生南路2段32號,臺北市大安區,臺北市大安區,121.5331,25.0312,300,True,古亭,40.0,1.23,Low Risk
信義國小,信義區松勤街60號,臺北市信義區,臺北市信義區,121.5632,25.0318,150,True,松山,56.0,2.55,Low Risk
共和社區活動中心,中山路41巷6號,新北市雙溪區,新北市雙溪區,121.8661,25.0318,100,True,基隆,36.0,15.21,Low Risk
大安高工,大安區復興南路2段52號,臺北市大安區,臺北市大安區,121.5432,25.0319,100,True,古亭,40.0,1.86,Low Risk
金華國小,大安區愛國東路79巷11號,臺北市大安區,臺北市大安區,121.5277,25.0322,56,True,古亭,40.0,1.3,Low Risk
中正國中,中正區愛國東路158號,臺北市中正區,臺北市中正區,121.5221,25.0323,300,True,古亭,40.0,1.5,Low Risk
江翠國小,文化路二段413號,新北市板橋區,新北市板橋區,121.4742,25.0324,784,True,板橋,57.0,2.67,Low Risk
永春高中,信義區松山路654號,臺北市信義區,臺北市信義區,121.5786,25.0327,300,True,松山,56.0,1.92,Low Risk
輔仁大學,中正路510號,新北市新莊區,新北市新莊區,121.4341,25.0329,705,True,新莊,52.0,0.59,Low Risk
台北世貿一館,台北市信義區信義路五段5號,基隆市中正區,臺北市信義區,121.56234,25.033152,4245,True,松山,56.0,2.49,Low Risk
雙溪國小,東榮街54號,新北市雙溪區,新北市雙溪區,121.8672,25.0334,1013,True,基隆,36.0,15.16,Low Risk
華江國小,萬華區環河南路2段250巷42弄2號,臺北市萬華區,臺北市萬華區,121.4912,25.0341,37,True,萬華,54.0,2.18,Low Risk
新莊國小,中正路86號,新北市新莊區,新北市新莊區,121.4417,25.0342,1029,True,新莊,52.0,1.02,Low Risk
松山家商,信義區松山路655號,臺北市信義區,臺北市信義區,121.5801,25.0348,116,True,松山,56.0,1.7,Low Risk
雙溪高中,梅竹蹊3號,新北市雙溪區,新北市雙溪區,121.8632,25.0349,1376,True,基隆,36.0,14.76,Low Risk
南門國小,中正區廣州街6號,臺北市中正區,臺北市中正區,121.5091,25.0352,30,True,萬華,54.0,1.26,Low Risk
南門國中,中正區廣州街6號,臺北市中正區,臺北市中正區,121.5091,25.0352,151,True,萬華,54.0,1.26,Low Risk
平林市民活動中心,外平林52號,新北市雙溪區,新北市雙溪區,121.849136,25.035598,79,True,基隆,36.0,13.74,Low Risk
龍山國小,萬華區和平西路3段235號,臺北市萬華區,臺北市萬華區,121.4962,25.0356,50,True,萬華,54.0,1.7,Low Risk
臺北市信義運動中心,松勤路100號,臺北市信義區,臺北市信義區,121.5733,25.0356,200,True,松山,56.0,1.69,Low Risk
松德公園,臺北市信義區松德路180巷興雅國中西側,臺北市信義區,臺北市信義區,121.5733,25.0356,1346,False,松山,56.0,1.69,Warning
台北市世貿三館,台北市信義區松壽路6號,基隆市中正區,臺北市信義區,121.563833,25.035701,1000,True,松山,56.0,2.18,Low Risk
中信國小,中信街168號,新北市新莊區,新北市新莊區,121.4505,25.0358,1084,True,新莊,52.0,1.83,Low Risk
仁愛國小,大安區安和路1段60號,臺北市大安區,臺北市大安區,121.5524,25.0358,53,True,古亭,40.0,2.86,Low Risk
新莊區公所,中正路176號,新北市新莊區,新北市新莊區,121.450558,25.035834,200,True,新莊,52.0,1.83,Low Risk
新莊高中,中平路135號,新北市新莊區,新北市新莊區,121.4525,25.0359,933,True,新莊,52.0,2.03,Low Risk
龍山國中,臺北市萬華區南寧路46號,臺北市萬華區,臺北市萬華區,121.5046,25.036,367,True,萬華,54.0,1.22,Low Risk
博愛國小,信義區松仁路95巷20號,臺北市信義區,臺北市信義區,121.5711,25.0364,80,True,松山,56.0,1.69,Low Risk
興雅國中,信義區松德路168巷15號,臺北市信義區,臺北市信義區,121.5723,25.0364,151,True,松山,56.0,1.64,Low Risk
私立恆毅高級中學,中正路108號,新北市新莊區,新北市新莊區,121.453731,25.036593,604,True,新莊,52.0,2.14,Low Risk
新泰市民活動中心,建中街116巷3弄2號,新北市新莊區,新北市新莊區,121.4451,25.0369,250,True,新莊,52.0,1.27,Low Risk
頭前國中,思源路485號,新北市新莊區,新北市新莊區,121.4564,25.037,2352,True,新莊,52.0,2.41,Low Risk
?公國中,臺北市信義區福德街221巷15號,臺北市信義區,臺北市信義區,121.5853,25.0371,30,True,松山,56.0,1.58,Low Risk
弘道國中,中正區公園路21號,臺北市中正區,臺北市中正區,121.5153,25.0375,87,True,萬華,54.0,1.24,Low Risk
仁愛國中,大安區仁愛路4段130號,臺北市大安區,臺北市大安區,121.5507,25.0375,125,True,古亭,40.0,2.84,Low Risk
幸安國小,大安區仁愛路3段22號,臺北市大安區,臺北市大安區,121.535,25.0376,200,True,古亭,40.0,1.97,Low Risk
光華國小,龍安路452號,新北市新莊區,新北市新莊區,121.4438,25.0378,963,True,新莊,52.0,1.14,Low Risk
老松國小,臺北市萬華區桂林路64號,臺北市萬華區,臺北市萬華區,121.5027,25.038,50,True,萬華,54.0,1.08,Low Risk
北一女中,臺北市中正區重慶南路1段 165 號,臺北市中正區,臺北市中正區,121.513,25.0386,60,True,萬華,54.0,1.01,Low Risk
東門國小,中正區仁愛路1段2-4號,臺北市中正區,臺北市中正區,121.5209,25.0387,100,True,萬華,54.0,1.56,Low Risk
福德國小,信義區福德街253號,臺北市信義區,臺北市信義區,121.5865,25.0389,105,True,松山,56.0,1.47,Low Risk
貴和市民活動中心,明志路三段365號,新北市泰山區,新北市泰山區,121.4266,25.0394,76,True,新莊,52.0,0.62,Low Risk
財團法人臺北市東和禪寺,仁愛路一段21-33號,臺北市中正區,臺北市中正區,121.5225,25.0394,30,True,萬華,54.0,1.66,Low Risk
松山工農,臺北市信義區忠孝東路5段236巷15號,臺北市信義區,臺北市信義區,121.572,25.0398,50,False,松山,56.0,1.32,Warning
光復國小,臺北市信義區光復南路271號,臺北市信義區,臺北市信義區,121.5578,25.0402,40,True,松山,56.0,2.36,Low Risk
舊庄國小,舊莊街一段100號,臺北市南港區,臺北市南港區,121.61735,25.040245,92,True,汐止,52.0,3.73,Low Risk
二二八和平公園,臺北市中正區-凱達格蘭大道3號,臺北市中正區,臺北市中正區,121.5156,25.0403,7909,False,萬華,54.0,1.03,Warning
懷生國中,大安區忠孝東路3段248巷30號,臺北市大安區,臺北市大安區,121.5412,25.0403,300,True,古亭,40.0,2.48,Low Risk
南上社區活動中心,民生北路一段356巷386-1號,桃園市龜山區,桃園市龜山區,121.300096,25.040457,60,True,桃園,55.0,5.11,Low Risk
南興公園,南順二街,桃園市蘆竹區,桃園市蘆竹區,121.287732,25.04135998,0,False,桃園,55.0,5.47,Warning
明志科技大學,工專路84號,新北市泰山區,新北市泰山區,121.4206,25.0417,1803,True,新莊,52.0,1.27,Low Risk
中港第一市民活動中心,中港路172號,新北市新莊區,新北市新莊區,121.455157,25.041825,75,True,新莊,52.0,2.32,Low Risk
老人文康活動中心,十分街66巷1號,新北市平溪區,新北市平溪區,121.775807,25.04193,127,True,基隆,36.0,9.83,Low Risk
全安市民活動中心,新莊路527號,新北市新莊區,新北市新莊區,121.4565,25.0423,200,True,新莊,52.0,2.47,Low Risk
龍騰活動中心,4鄰外庄10號,苗栗縣三義鄉,臺北市大安區,121.533012,25.042385,20,True,中山,55.0,2.32,Low Risk
雙潭活動中心,2鄰雙連潭40-1號,苗栗縣三義鄉,臺北市大安區,121.533012,25.042385,20,True,中山,55.0,2.32,Low Risk
鯉魚潭活動中心室內,鯉魚口2鄰47-2號,苗栗縣三義鄉,臺北市大安區,121.533012,25.042385,50,True,中山,55.0,2.32,Low Risk
建中國民小學活動中心室內,6鄰廣盛80號,苗栗縣三義鄉,臺北市大安區,121.533012,25.042385,50,True,中山,55.0,2.32,Low Risk
西湖村活動中心室內,4鄰上湖64號,苗栗縣三義鄉,臺北市大安區,121.533012,25.042385,50,True,中山,55.0,2.32,Low Risk
上?里民眾活動中心,4鄰62-7號,苗栗縣苑裡鎮,臺北市大安區,121.533012,25.042385,50,True,中山,55.0,2.32,Low Risk
銅鏡社區活動中心,1鄰小銅鑼圈9之11號,苗栗縣三灣鄉,臺北市大安區,121.533012,25.042385,50,True,中山,55.0,2.32,Low Risk
西湖村活動中心室外,4鄰上湖64號,苗栗縣三義鄉,臺北市大安區,121.533012,25.042385,150,True,中山,55.0,2.32,Low Risk
鯉魚潭村活動中心室外,1鄰鯉魚口10-1號,苗栗縣三義鄉,臺北市大安區,121.533012,25.042385,150,True,中山,55.0,2.32,Low Risk
建中國民小學操場室外,6鄰廣盛80號,苗栗縣三義鄉,臺北市大安區,121.533012,25.042385,300,True,中山,55.0,2.32,Low Risk
苑裡鎮立托兒所,10鄰110-1號2樓,苗栗縣苑裡鎮,臺北市大安區,121.533012,25.042385,300,True,中山,55.0,2.32,Low Risk
苑裡鎮老人文康中心,13鄰興隆2-1號,苗栗縣苑裡鎮,臺北市大安區,121.533012,25.042385,300,True,中山,55.0,2.32,Low Risk
苑裡鎮苑東苑南苑北社區聯合活動中,13鄰中山路312號,苗栗縣苑裡鎮,臺北市大安區,121.533012,25.042385,500,True,中山,55.0,2.32,Low Risk
苗栗縣立苑裡高中操場,1鄰2號,苗栗縣苑裡鎮,臺北市大安區,121.533012,25.042385,1000,True,中山,55.0,2.32,Low Risk
山腳國小田徑場,10鄰47號,苗栗縣苑裡鎮,臺北市大安區,121.533012,25.042385,1000,True,中山,55.0,2.32,Low Risk
苑裡鎮中山國小操場,51-1號,苗栗縣苑裡鎮,臺北市大安區,121.533012,25.042385,1000,True,中山,55.0,2.32,Low Risk
苑裡鎮立體育場,中正路10鄰1段32號鎮立游泳池旁,苗栗縣苑裡鎮,臺北市大安區,121.533012,25.042385,2000,True,中山,55.0,2.32,Low Risk
綺湖社區活動中心,綺湖96號,雲林縣土庫鎮,臺北市大安區,121.533012,25.042385,78,True,中山,55.0,2.32,Low Risk
大有市民活動中心,插角25-1號,新北市三峽區,臺北市大安區,121.533012,25.042385,148,True,中山,55.0,2.32,Low Risk
豐珠國中小活動中心,雞母嶺街6-6號,新北市貢寮區,臺北市大安區,121.533012,25.042385,369,True,中山,55.0,2.32,Low Risk
大林鎮公所,中興路二段239號,嘉義縣大林鎮,臺北市大安區,121.533012,25.042385,50,True,中山,55.0,2.32,Low Risk
西興村活動中心前廣場,菜瓜坪4號之1,嘉義縣大埔鄉,臺北市大安區,121.533012,25.042385,50,True,中山,55.0,2.32,Low Risk
大埔鄉公所,54號,嘉義縣大埔鄉,臺北市大安區,121.533012,25.042385,50,True,中山,55.0,2.32,Low Risk
文光國際英語村[室內],外埔5號,嘉義縣竹崎鄉,臺北市大安區,121.533012,25.042385,80,True,中山,55.0,2.32,Low Risk
嘉義縣竹崎鄉灣橋村朴子埔收容所暨防災物資整備所,4鄰朴子埔32號之2,嘉義縣竹崎鄉,臺北市大安區,121.533012,25.042385,90,True,中山,55.0,2.32,Low Risk
溪口國中室外,中正東路103號,嘉義縣溪口鄉,臺北市大安區,121.533012,25.042385,300,True,中山,55.0,2.32,Low Risk
竹園國小室外,69號,嘉義縣鹿草鄉,臺北市大安區,121.533012,25.042385,400,True,中山,55.0,2.32,Low Risk
後塘國小室外,毛蟹行11號,嘉義縣鹿草鄉,臺北市大安區,121.533012,25.042385,500,True,中山,55.0,2.32,Low Risk
老人文康活動中心,彰化縣永靖鄉永社路266號,彰化縣永靖鄉,臺北市大安區,121.533012,25.042385,50,True,中山,55.0,2.32,Low Risk
永靖鄉立托兒所,彰化縣永靖鄉永社路267號,彰化縣永靖鄉,臺北市大安區,121.533012,25.042385,200,True,中山,55.0,2.32,Low Risk
梧棲國小活動中心,民生街15之89巷1號,臺中市梧棲區,臺北市大安區,121.533012,25.042385,200,True,中山,55.0,2.32,Low Risk
樟原社區活動中心,1鄰6號,臺東縣長濱鄉,臺北市大安區,121.533012,25.042385,40,True,中山,55.0,2.32,Low Risk
三間社區活動中心,7鄰11號,臺東縣長濱鄉,臺北市大安區,121.533012,25.042385,80,True,中山,55.0,2.32,Low Risk
三間村南溪國小,南溪16鄰5-7號,臺東縣長濱鄉,臺北市大安區,121.533012,25.042385,180,True,中山,55.0,2.32,Low Risk
同義宮,口埤7號,臺南市新化區,臺北市大安區,121.533012,25.042385,150,True,中山,55.0,2.32,Low Risk
新化區聯合活動中心,民生路269號,臺南市新化區,臺北市大安區,121.533012,25.042385,490,True,中山,55.0,2.32,Low Risk
成功高中,臺北市中正區濟南路1段71號,臺北市中正區,臺北市中正區,121.5238,25.0424,30,True,萬華,54.0,1.66,Low Risk
胡適國小,南港區舊莊街1段1號,臺北市南港區,臺北市南港區,121.6172,25.0424,30,True,汐止,52.0,3.56,Low Risk
丹鳳高中,龍安路72號,新北市新莊區,新北市新莊區,121.4444,25.0426,1337,True,新莊,52.0,1.3,Low Risk
忠孝國小,中正區忠孝東路2段101號,臺北市中正區,臺北市中正區,121.5317,25.0428,30,True,中山,55.0,2.24,Low Risk
明志國小,新生路2號,新北市泰山區,新北市泰山區,121.4317,25.043,1024,True,新莊,52.0,0.56,Low Risk
永吉國小,信義區松山路287巷5號,臺北市信義區,臺北市信義區,121.5791,25.043,53,True,松山,56.0,0.78,Low Risk
私立金陵女中,三重區忠孝路三段93巷12號,新北市三重區,新北市三重區,121.467,25.0431,913,True,菜寮,53.0,3.2,Low Risk
西門國小,萬華區成都路98號,臺北市萬華區,臺北市萬華區,121.5035,25.0432,95,True,萬華,54.0,0.58,Low Risk
第一河濱公園,忠孝西路忠孝西橋旁,桃園市蘆竹區,桃園市蘆竹區,121.287732,25.04345895,100,False,桃園,55.0,5.69,Warning
松山高中,信義區基隆路1段156號,臺北市信義區,臺北市信義區,121.5658,25.0439,300,True,松山,56.0,1.46,Low Risk
十分國小,十分街157號,新北市平溪區,新北市平溪區,121.7774,25.0439,175,True,基隆,36.0,9.64,Low Risk
光明國中操場,光明路一段123號,桃園市蘆竹區,桃園市蘆竹區,121.288977,25.04435395,200,True,桃園,55.0,5.75,Low Risk
永春國小,信義區松山路225巷48號,臺北市信義區,臺北市信義區,121.5789,25.0447,115,True,松山,56.0,0.59,Low Risk
臺北田徑場,臺北市松山區敦化北路3號,臺北市松山區,臺北市松山區,121.5509,25.0449,440,True,松山,56.0,2.85,Low Risk
成德國中,臺北市南港區東新街108巷23號,臺北市南港區,臺北市南港區,121.587751,25.045069,300,True,松山,56.0,1.07,Low Risk
國泰國小,中正路386號,新北市新莊區,新北市新莊區,121.4472,25.0451,1036,True,新莊,52.0,1.68,Low Risk
懷生國小,中山區安東街16巷2號,臺北市中山區,臺北市中山區,121.5417,25.0453,30,True,中山,55.0,2.44,Low Risk
光明河濱公園,光明路二段,桃園市蘆竹區,桃園市蘆竹區,121.287217,25.04544138,0,False,桃園,55.0,5.92,Warning
修德國小,東新街118巷86號,臺北市南港區,臺北市南港區,121.5896,25.0455,95,True,松山,56.0,1.21,Low Risk
頭前國小,化成路231號,新北市新莊區,新北市新莊區,121.4566,25.0456,610,True,新莊,52.0,2.57,Low Risk
南港公園,東新街170-1號,臺北市南港區,臺北市南港區,121.5912,25.0458,8661,False,松山,56.0,1.35,Warning
高雄市林園區汕尾國民小學,北汕路58巷2號,高雄市林園區,臺北市中正區,121.517414,25.046238,400,True,萬華,54.0,0.95,Low Risk
福星國小,萬華區中華路1段66號,臺北市萬華區,臺北市萬華區,121.5089,25.0463,50,True,萬華,54.0,0.1,Low Risk
臺北市南港運動中心,臺北市南港區玉成街69號,臺北市南港區,臺北市南港區,121.5822,25.0466,240,True,松山,56.0,0.52,Low Risk
興雅國小,信義區基隆路1段83巷9號,臺北市信義區,臺北市信義區,121.5701,25.0467,198,True,松山,56.0,0.93,Low Risk
成德國小,南港區東新街65號,臺北市南港區,臺北市南港區,121.5869,25.0469,200,True,松山,56.0,0.9,Low Risk
蘆竹區公所三樓禮堂,南崁路150號,桃園市蘆竹區,桃園市蘆竹區,121.295049,25.046998,0,True,桃園,55.0,5.9,Low Risk
義學國中,民生路30號,新北市泰山區,新北市泰山區,121.4347,25.0472,606,True,新莊,52.0,1.05,Low Risk
義學國小,民生路33號,新北市泰山區,新北市泰山區,121.4347,25.0472,952,True,新莊,52.0,1.05,Low Risk
白雲國小,民權街2段90號,新北市汐止區,新北市汐止區,121.618882,25.047641,96,True,汐止,52.0,3.03,Low Risk
南美國小,南上路99號,桃園市龜山區,桃園市龜山區,121.297367,25.047711,60,True,桃園,55.0,5.94,Low Risk
福營行政大樓,四維路9號,新北市新莊區,新北市新莊區,121.4447,25.0482,200,True,新莊,52.0,1.67,Low Risk
永吉國中,信義區松隆路161號,臺北市信義區,臺北市信義區,121.5741,25.0483,97,True,松山,56.0,0.49,Low Risk
中山女中,中山區長安東路2段141號,臺北市中山區,臺北市中山區,121.5371,25.0485,135,False,中山,55.0,1.87,Warning
義仁市民活動中心,明志路二段185號,新北市泰山區,新北市泰山區,121.4273,25.0487,55,True,新莊,52.0,1.3,Low Risk
中崙高中,松山區八德路4段101號,臺北市松山區,臺北市松山區,121.5611,25.0487,300,True,松山,56.0,1.77,Low Risk
臺北市松山運動中心,臺北市松山區敦化北路1號,臺北市松山區,臺北市松山區,121.5501,25.049,180,True,中山,55.0,2.8,Low Risk
敦化國小,松山區敦化北路2號,臺北市松山區,臺北市松山區,121.5485,25.0491,56,True,中山,55.0,2.66,Low Risk
長安國中,中山區松江路70巷11號,臺北市中山區,臺北市中山區,121.5319,25.0494,41,True,中山,55.0,1.54,Low Risk
長安國小,中山區吉林路15號,臺北市中山區,臺北市中山區,121.5302,25.0497,300,True,中山,55.0,1.46,Low Risk
玉泉公園,臺北市大同區西寧北路28號,臺北市大同區,臺北市大同區,121.5077,25.0498,2183,False,萬華,54.0,0.37,Warning
興穀國民小學,三重區五谷王北街46號,新北市三重區,新北市三重區,121.4755,25.0502,299,True,菜寮,53.0,2.16,Low Risk
建成國中,臺北市大同區長安西路37之1號,臺北市大同區,臺北市大同區,121.5197,25.0503,55,True,萬華,54.0,1.25,Low Risk
橫科里活動中心,橫科路119號,新北市汐止區,新北市汐止區,121.620181,25.05045,74,True,汐止,52.0,2.72,Low Risk
中正國小,中山區龍江路62號,臺北市中山區,臺北市中山區,121.5402,25.0506,76,True,中山,55.0,1.9,Low Risk
南崁國小,吉林路160號,桃園市蘆竹區,桃園市蘆竹區,121.300993,25.05063298,0,True,桃園,55.0,6.23,Low Risk
龜山婦幼公園,忠義路二段438號,桃園市龜山區,桃園市龜山區,121.359767,25.050908,500,False,林口,150.0,3.07,High Risk
文華國小,文化七路116號,桃園市龜山區,桃園市龜山區,121.365307,25.050955,50,True,林口,150.0,3.01,High Risk
忠孝國中,大同區西寧北路32號,臺北市大同區,臺北市大同區,121.5082,25.0512,131,True,萬華,54.0,0.52,Low Risk
松山國小,松山區八德路4段746號,臺北市松山區,臺北市松山區,121.5793,25.0512,95,True,松山,56.0,0.15,Low Risk
五福游泳池停車場及旁空地,仁愛路一段油管路交叉口,桃園市蘆竹區,桃園市蘆竹區,121.294652,25.05120598,0,True,桃園,55.0,6.37,Low Risk
蘆竹區婦幼館,仁愛路一段2號,桃園市蘆竹區,桃園市蘆竹區,121.29348,25.051391,0,True,桃園,55.0,6.41,Low Risk
豐年國小,瓊泰路116號,新北市新莊區,新北市新莊區,121.4474,25.0514,1128,True,新莊,52.0,2.12,Low Risk
新泰國小,公園一路91號,新北市新莊區,新北市新莊區,121.4554,25.0514,106,True,新莊,52.0,2.75,Low Risk
仁和宮,仁和路11號,新北市貢寮區,新北市貢寮區,121.92262,25.051427,125,True,基隆,36.0,18.51,Low Risk
敦化國中,松山區南京東路3段300號,臺北市松山區,臺北市松山區,121.5468,25.0515,389,True,中山,55.0,2.37,Low Risk
臺北體育館,臺北市松山區南京東路4段10號,臺北市松山區,臺北市松山區,121.5446,25.0517,1000,True,中山,55.0,2.17,Low Risk
大崗國中,文化二路168號,桃園市龜山區,桃園市龜山區,121.370832,25.051707,700,True,林口,150.0,2.97,High Risk
臺北市極限運動訓練中心,臺北市南港區忠孝東路七段382號,臺北市南港區,臺北市南港區,121.6073,25.0519,50,True,松山,56.0,2.9,Low Risk
私立清傳商職,三重區五谷王北街141巷1號,新北市三重區,新北市三重區,121.4769,25.052,294,True,菜寮,53.0,1.93,Low Risk
樂善社區活動中心,樂安街7-1號,桃園市龜山區,桃園市龜山區,121.382177,25.052012,60,True,林口,150.0,3.34,High Risk
福壽市民活動中心,昌明街1號,新北市新莊區,新北市新莊區,121.4576,25.0522,120,True,新莊,52.0,2.98,Low Risk
西松國小,臺北市松山區三民路5號,臺北市松山區,臺北市松山區,121.5636,25.0522,50,True,松山,56.0,1.53,Low Risk
大坑社區活動中心,大坑路1段1003巷18號,桃園市龜山區,桃園市龜山區,121.328662,25.05223,33,True,林口,150.0,4.69,High Risk
南崁高中,仁愛路二段1號,桃園市蘆竹區,桃園市蘆竹區,121.297216,25.052285,400,True,桃園,55.0,6.45,Low Risk
埔心社區活動中心,埔心街82-4號2樓,桃園市大園區,桃園市大園區,121.225524,25.052378,280,True,大園,58.0,2.51,Low Risk
南港高中,南港區向陽路21號,臺北市南港區,臺北市南港區,121.595,25.0525,435,True,松山,56.0,1.67,Low Risk
民安國小,民安路261號,新北市新莊區,新北市新莊區,121.4661,25.0529,1184,True,菜寮,53.0,2.33,Low Risk
三港集會所,三港7號,新北市雙溪區,新北市雙溪區,121.878,25.053,63,True,基隆,36.0,14.59,Low Risk
玉成國小,向陽路31號,臺北市南港區,臺北市南港區,121.594769,25.05364,30,True,松山,56.0,1.68,Low Risk
福營國中,富國路105號,新北市新莊區,新北市新莊區,121.4445,25.0538,319,True,新莊,52.0,2.14,Low Risk
誠正國中,南港區富康街1巷42號,臺北市南港區,臺北市南港區,121.6187,25.0541,143,True,汐止,52.0,2.6,Low Risk
同榮國小,公園路33號,新北市泰山區,新北市泰山區,121.4282,25.0546,931,True,新莊,52.0,1.9,Low Risk
新北市立三重高中,集美街212號,新北市三重區,新北市三重區,121.4915,25.0547,897,True,萬華,54.0,1.89,Low Risk
吉林國小,中山區長春路116號,臺北市中山區,臺北市中山區,121.5296,25.0547,117,True,中山,55.0,0.91,Low Risk
澳底圖書館,仁愛路79號3樓,新北市貢寮區,新北市貢寮區,121.926916,25.054775,157,True,基隆,36.0,18.73,Low Risk
南崁國中,五福六路1號,桃園市蘆竹區,桃園市蘆竹區,121.298375,25.054812,370,True,桃園,55.0,6.72,Low Risk
長春國小,中山區長春路165號,臺北市中山區,臺北市中山區,121.5339,25.0549,47,True,中山,55.0,1.11,Low Risk
澳底國小大禮堂,延平街10號,新北市貢寮區,新北市貢寮區,121.9246,25.0549,479,True,基隆,36.0,18.51,Low Risk
慶安宮,延平街13號,新北市貢寮區,新北市貢寮區,121.923804,25.054921,12,True,基隆,36.0,18.44,Low Risk
大同高中,中山區長春路167號,臺北市中山區,臺北市中山區,121.5351,25.055,300,True,中山,55.0,1.19,Low Risk
新泰國中,新泰路359號,新北市新莊區,新北市新莊區,121.4594,25.0551,743,True,菜寮,53.0,2.67,Low Risk
日新國小,大同區太原路151號,臺北市大同區,臺北市大同區,121.5167,25.0553,137,True,大同,61.0,0.95,Low Risk
白雲里活動中心,水源路2段112、114號,新北市汐止區,新北市汐止區,121.656768,25.05542,37,True,汐止,52.0,2.01,Low Risk
泰山體育館,公園路54號,新北市泰山區,新北市泰山區,121.4263,25.0556,1280,True,新莊,52.0,2.06,Low Risk
西松高中,松山區健康路325巷7號,臺北市松山區,臺北市松山區,121.5671,25.0556,255,True,松山,56.0,1.32,Low Risk
三光國民小學,三重區大同南路157號,新北市三重區,新北市三重區,121.4968,25.0561,1502,True,萬華,54.0,1.55,Low Risk
東新國小,南港區興南街62號,臺北市南港區,臺北市南港區,121.602,25.0562,30,True,松山,56.0,2.45,Low Risk
昌隆國小,昌隆街63號,新北市新莊區,新北市新莊區,121.448,25.0563,509,True,新莊,52.0,2.57,Low Risk
南港高工,南港區興中路29號,臺北市南港區,臺北市南港區,121.6072,25.0563,160,False,松山,56.0,2.96,Warning
南港展覽館,臺北市南港區經貿二路1號,基隆市中正區,臺北市南港區,121.617345,25.056376,7370,True,汐止,52.0,2.61,Low Risk
興化國小,五工二路50巷2號,新北市新莊區,新北市新莊區,121.4556,25.0564,599,True,菜寮,53.0,2.92,Low Risk
介壽國中,松山區延壽街401號,臺北市松山區,臺北市松山區,121.5565,25.0564,70,True,松山,56.0,2.34,Low Risk
集美國民小學,三重區集美街10號,新北市三重區,新北市三重區,121.4879,25.0565,104,True,菜寮,53.0,1.55,Low Risk
蓬萊國小,大同區寧夏路35號,臺北市大同區,臺北市大同區,121.5155,25.0565,104,True,大同,61.0,0.79,Low Risk
民生國小,松山區敦化北路199巷18號,臺北市松山區,臺北市松山區,121.552,25.0565,70,True,中山,55.0,2.65,Low Risk
健康國小,松山區延壽街168號,臺北市松山區,臺北市松山區,121.5629,25.0566,84,True,松山,56.0,1.74,Low Risk
泰山高中,辭修路7號,新北市泰山區,新北市泰山區,121.4285,25.0573,650,True,新莊,52.0,2.19,Low Risk
南港國小,臺北市南港區惠民街67號,臺北市南港區,臺北市南港區,121.6104,25.0575,50,True,汐止,52.0,3.21,Low Risk
明志市民活動中心,明志路二段426號,新北市泰山區,新北市泰山區,121.4299,25.0577,20,True,新莊,52.0,2.21,Low Risk
菜寮市民活動中心,三重區中寮街57巷18號,新北市三重區,新北市三重區,121.4928,25.0578,100,True,三重,35.0,1.65,Low Risk
潮音國小,16鄰17號,桃園市大園區,桃園市大園區,121.168175,25.057905,180,True,大園,58.0,3.48,Low Risk
育成高中,重陽路366號,臺北市南港區,臺北市南港區,121.6092,25.0587,375,True,松山,56.0,3.23,Low Risk
光興國民小學,三重區正義南路62號,新北市三重區,新北市三重區,121.4988,25.0589,600,True,大同,61.0,1.55,Low Risk
民族國小,臺北市松山區民生東路4段97巷7號,臺北市松山區,臺北市松山區,121.5519,25.0589,40,True,中山,55.0,2.58,Low Risk
北峰國小,環河街1號,新北市汐止區,新北市汐止區,121.629106,25.058956,1067,True,汐止,52.0,1.43,Low Risk
大園國小學生活動中心,11鄰中正東路160號,桃園市大園區,桃園市大園區,121.202671,25.059085,1200,True,大園,58.0,0.21,Low Risk
泰山區公所,明志路1段322號,新北市泰山區,新北市泰山區,121.4314,25.0592,53,True,新莊,52.0,2.36,Low Risk
東山國小,汐平路二段76號,新北市汐止區,新北市汐止區,121.699553,25.059723,118,True,汐止,52.0,5.96,Low Risk
民生國中,松山區新東街30巷1號,臺北市松山區,臺北市松山區,121.5673,25.0598,100,True,松山,56.0,1.58,Low Risk
過圳市民活動中心,三重區過圳街19號,新北市三重區,新北市三重區,121.4881,25.0601,50,True,菜寮,53.0,1.21,Low Risk
雙蓮國小,大同區錦西街51號,臺北市大同區,臺北市大同區,121.5167,25.0601,300,True,大同,61.0,0.49,Low Risk
東方科學園區,汐止區新台五路一段90號,新北市汐止區,新北市汐止區,121.64793,25.060367,500,True,汐止,52.0,0.97,Low Risk
中山國中,松山區復興北路361巷7號,臺北市松山區,臺北市松山區,121.5455,25.0605,111,True,中山,55.0,1.92,Low Risk
潭美國小,內湖區新明路22號,臺北市內湖區,臺北市內湖區,121.5908,25.0609,81,True,松山,56.0,1.73,Low Risk
中正社區活動中心,中正路64號,新北市雙溪區,新北市雙溪區,121.8515,25.061,76,True,基隆,36.0,11.93,Low Risk
三重區公所,三重區新北大道1段11號,新北市三重區,新北市三重區,121.4885,25.0611,136,True,菜寮,53.0,1.15,Low Risk
青山國中小,莊敬街33號,新北市汐止區,新北市汐止區,121.656653,25.061158,970,True,汐止,52.0,1.69,Low Risk
成淵高中,大同區承德路2段235號,臺北市大同區,臺北市大同區,121.5185,25.0613,75,True,大同,61.0,0.56,Low Risk
太平國小,大同區延平北路2段239號,臺北市大同區,臺北市大同區,121.5114,25.0614,50,True,大同,61.0,0.29,Low Risk
永樂國小,臺北市大同區延平北路2段266號,臺北市大同區,臺北市大同區,121.5111,25.0617,50,True,大同,61.0,0.29,Low Risk
民權公園,臺北市松山區民權國小旁,臺北市松山區,臺北市松山區,121.5575,25.0619,2786,False,松山,56.0,2.5,Warning
楓樹福泰市民活動中心,楓江路26巷26號,新北市泰山區,新北市泰山區,121.4345,25.062,201,True,新莊,52.0,2.68,Low Risk
新生公園棒球場,新生北路三段105號,臺北市中山區,臺北市中山區,121.5258,25.062,60,False,中山,55.0,0.08,Warning
新興國中,中山區林森北路511號,臺北市中山區,臺北市中山區,121.5258,25.062,175,True,中山,55.0,0.08,Low Risk
臺北市中山運動中心,中山北路二段44巷2號,臺北市中山區,臺北市中山區,121.5258,25.062,184,True,中山,55.0,0.08,Low Risk
公西社區活動中心,復興街250巷1-1號,桃園市龜山區,桃園市龜山區,121.36028,25.062299,100,True,林口,150.0,1.82,High Risk
泰山國小,泰林路2段255號,新北市泰山區,新北市泰山區,121.4313,25.0623,1283,True,新莊,52.0,2.71,Low Risk
民權國小,臺北市松山區民權東路4段200號,臺北市松山區,臺北市松山區,121.5623,25.0625,80,True,松山,56.0,2.15,Low Risk
碧華國民中學,自強路5段66號,新北市三重區,新北市三重區,121.4903,25.0626,969,True,三重,35.0,1.17,Low Risk
榮星花園公園,臺北市中山區民權東路3段1號,臺北市中山區,臺北市中山區,121.5402,25.0626,2432,False,中山,55.0,1.38,Warning
大園社區活動中心,和平東路89號1樓,桃園市大園區,桃園市大園區,121.200297,25.062655,140,True,大園,58.0,0.29,Low Risk
黎明市民活動中心,黎明路23號,新北市泰山區,新北市泰山區,121.421,25.0627,21,True,新莊,52.0,2.98,Low Risk
牡丹國小,政光路3號,新北市雙溪區,新北市雙溪區,121.8517,25.0627,320,True,基隆,36.0,11.82,Low Risk
秀峰國小,仁愛路90號,新北市汐止區,新北市汐止區,121.661377,25.062874,1185,True,汐止,52.0,2.11,Low Risk
中山國小,臺北市中山區民權東路1段69號,臺北市中山區,臺北市中山區,121.5263,25.0629,290,True,中山,55.0,0.06,Low Risk
三重區綜合運動場,中正北路特2號,新北市三重區,新北市三重區,121.489253,25.063033,2200,False,菜寮,53.0,1.06,Warning
三民國小,松山區民權東路5段1號,臺北市松山區,臺北市松山區,121.5643,25.0633,100,True,松山,56.0,2.07,Low Risk
明志國民中學,三重區中正北路107號,新北市三重區,新北市三重區,121.4892,25.0634,437,True,菜寮,53.0,1.03,Low Risk
民權國中,大同區重慶北路3段1號,臺北市大同區,臺北市大同區,121.5139,25.0635,30,True,大同,61.0,0.05,Low Risk
五常國中,中山區復興北路430巷1號,臺北市中山區,臺北市中山區,121.5431,25.0635,250,True,中山,55.0,1.67,Low Risk
汐止區公所行政中心,汐止區新台五路一段268號,新北市汐止區,新北市汐止區,121.658894,25.063774,158,True,汐止,52.0,1.84,Low Risk
五常國小,中山區五常街16號,臺北市中山區,臺北市中山區,121.5422,25.0642,97,True,中山,55.0,1.59,Low Risk
大橋國小,大同區重慶北路3段2號,臺北市大同區,臺北市大同區,121.5134,25.0643,86,True,大同,61.0,0.11,Low Risk
正義國民小學,三重區信義西街31號,新北市三重區,新北市三重區,121.4961,25.0644,929,True,三重,35.0,0.94,Low Risk
行政區民活動中心,松江路367號9樓,臺北市中山區,臺北市中山區,121.5335,25.0644,72,True,中山,55.0,0.74,Low Risk
私立東海高中,三重區集美街212號,新北市三重區,新北市三重區,121.4787,25.0648,408,True,菜寮,53.0,0.52,Low Risk
大同國小,大同區大龍街51號,臺北市大同區,臺北市大同區,121.5161,25.0648,183,True,大同,61.0,0.32,Low Risk
長興社區活動中心,長興路四段325之1號,桃園市蘆竹區,桃園市蘆竹區,121.267905,25.06484198,250,True,大園,58.0,6.6,Low Risk
內厝河濱公園,內溪路底,桃園市蘆竹區,桃園市蘆竹區,121.278033,25.06511398,0,False,大園,58.0,7.62,Warning
泰山國中,泰林路2段498號,新北市泰山區,新北市泰山區,121.426,25.0652,1388,True,新莊,52.0,3.1,Low Risk
二重國民小學,三重區大有街10號,新北市三重區,新北市三重區,121.478,25.0652,4404,True,菜寮,53.0,0.52,Low Risk
福安廟,雞母嶺街7號,新北市貢寮區,新北市貢寮區,121.8952,25.0655,40,True,基隆,36.0,15.34,Low Risk
二重國民中學,三重區忠孝路三段89號,新北市三重區,新北市三重區,121.4805,25.0657,845,True,菜寮,53.0,0.37,Low Risk
黎明技術學院,黎專路2之2號,新北市泰山區,新北市泰山區,121.4199,25.0658,1081,True,新莊,52.0,3.34,Low Risk
裕民國小,裕民街123號,新北市新莊區,新北市新莊區,121.4616,25.0659,1127,True,菜寮,53.0,1.99,Low Risk
樟樹國中,樟樹二路135號,新北市汐止區,新北市汐止區,121.639893,25.06594,2481,True,汐止,52.0,0.1,Low Risk
延平國小,大同區昌吉街97號,臺北市大同區,臺北市大同區,121.5124,25.066,88,True,大同,61.0,0.32,Low Risk
修德國民小學,三重區重陽路三段3號,新北市三重區,新北市三重區,121.489,25.0661,962,True,菜寮,53.0,0.86,Low Risk
大園區老人文康活動中心,大觀路118號,桃園市大園區,桃園市大園區,121.193358,25.066173,700,True,大園,58.0,1.09,Low Risk
重陽國民小學,三重區中正北路113號,新北市三重區,新北市三重區,121.4845,25.0663,608,True,菜寮,53.0,0.46,Low Risk
秀峰高中,忠孝東路201號,新北市汐止區,新北市汐止區,121.661912,25.066456,1190,True,汐止,52.0,2.13,Low Risk
樟樹國小,樟樹一路141巷2號,新北市汐止區,新北市汐止區,121.641767,25.066498,1292,True,汐止,52.0,0.1,Low Risk
汐止國小,大同路二段313號,新北市汐止區,新北市汐止區,121.654876,25.066688,810,True,汐止,52.0,1.42,Low Risk
南湖高中,內湖區康寧路3段220號,臺北市內湖區,臺北市內湖區,121.6111,25.0669,300,True,汐止,52.0,2.99,Low Risk
汐止國中,大同路二段394號,新北市汐止區,新北市汐止區,121.658337,25.066957,1384,True,汐止,52.0,1.77,Low Risk
師範大學林口校區體育館,仁愛路一段2號,新北市林口區,新北市林口區,121.397844,25.067902,4587,True,林口,150.0,3.45,High Risk
林口市民活動中心,中正路100號3樓,新北市林口區,新北市林口區,121.3717,25.068,63,True,林口,150.0,1.27,High Risk
崇林國中,文化一路一段20號,新北市林口區,新北市林口區,121.3703,25.0681,1312,True,林口,150.0,1.2,High Risk
正義市民活動中心,三重區雙園街1號,新北市三重區,新北市三重區,121.4975,25.0682,100,True,三重,35.0,0.62,Low Risk
東湖國小,內湖區東湖路115號,臺北市內湖區,臺北市內湖區,121.6158,25.0685,155,True,汐止,52.0,2.53,Low Risk
麗園國小,忠孝路591號,新北市林口區,新北市林口區,121.3762,25.0686,945,True,林口,150.0,1.5,High Risk
麗林國小,公園路46號,新北市林口區,新北市林口區,121.3679,25.0687,1790,True,林口,150.0,1.06,High Risk
東勢市民活動中心,麗園一街35號3樓,新北市林口區,新北市林口區,121.377252,25.068777,247,True,林口,150.0,1.57,High Risk
新湖國小,臺北市內湖區民權東路6段138號,臺北市內湖區,臺北市內湖區,121.5887,25.0688,40,True,松山,56.0,2.32,Low Risk
金龍國小,明峰街201號,新北市汐止區,新北市汐止區,121.627046,25.068806,600,True,汐止,52.0,1.42,Low Risk
麗園市民活動中心,忠孝路569巷17號,新北市林口區,新北市林口區,121.373756,25.068979,75,True,林口,150.0,1.3,High Risk
三民國中,內湖區民權東路6段45號,臺北市內湖區,臺北市內湖區,121.5862,25.0691,300,True,松山,56.0,2.26,Low Risk
茄苳里活動中心,茄苳路225巷35號,新北市汐止區,新北市汐止區,121.672058,25.069255,53,True,汐止,52.0,3.17,Low Risk
蘭州國中,大同區大龍街187巷1號,臺北市大同區,臺北市大同區,121.5167,25.0693,30,True,大同,61.0,0.74,Low Risk
內湖區行政大樓,民權東路6段99號8樓,臺北市內湖區,臺北市內湖區,121.586898,25.069324,170,True,松山,56.0,2.31,Low Risk
崇德國小,茄苳路158號,新北市汐止區,新北市汐止區,121.669187,25.069578,1275,True,汐止,52.0,2.88,Low Risk
新北市立三重商工,三重區中正北路163號,新北市三重區,新北市三重區,121.4801,25.0696,1586,True,菜寮,53.0,0.12,Low Risk
私立穀保家商,三重區中正北路560巷38號,新北市三重區,新北市三重區,121.4711,25.0697,1674,True,菜寮,53.0,1.0,Low Risk
更寮國民小學,四維路2號,新北市五股區,新北市五股區,121.4677,25.0698,453,True,菜寮,53.0,1.35,Low Risk
六張市民活動中心,三重區六張街66號,新北市三重區,新北市三重區,121.4938,25.0702,100,True,三重,35.0,0.27,Low Risk
三重國民小學,三重區三和路三段1號,新北市三重區,新北市三重區,121.4973,25.0704,709,True,三重,35.0,0.43,Low Risk
光榮國民中學,三重區介壽路26號,新北市三重區,新北市三重區,121.4999,25.0705,1031,True,三重,35.0,0.66,Low Risk
崇德橋東市民活動中心,茄苳路82號,新北市汐止區,新北市汐止區,121.666953,25.070551,100,True,汐止,52.0,2.68,Low Risk
南湖國小,臺北市內湖區康寧路3段200號,臺北市內湖區,臺北市內湖區,121.6107,25.0706,50,True,汐止,52.0,3.07,Low Risk
明湖國中,內湖區康寧路3段60號,臺北市內湖區,臺北市內湖區,121.6107,25.0706,251,True,汐止,52.0,3.07,Low Risk
大園國中學生活動中心,4鄰中華路298號,桃園市大園區,桃園市大園區,121.205022,25.070687,1300,True,大園,58.0,1.11,Low Risk
和平市民活動中心,三重區自強路二段90號,新北市三重區,新北市三重區,121.4874,25.0707,100,True,菜寮,53.0,0.67,Low Risk
厚德國民小學,三重區中孝路一段70號,新北市三重區,新北市三重區,121.4874,25.0707,505,True,菜寮,53.0,0.67,Low Risk
老人文康活動中心禮堂,三重區自強路二段93號B1,新北市三重區,新北市三重區,121.4884,25.0707,100,True,三重,35.0,0.58,Low Risk
光榮國民小學,三重區介壽路32號,新北市三重區,新北市三重區,121.5013,25.0709,195,True,三重,35.0,0.78,Low Risk
明湖國小,內湖區康寧路3段105號,臺北市內湖區,臺北市內湖區,121.6106,25.0711,137,True,汐止,52.0,3.09,Low Risk
更寮國小-室內,更寮村19號,嘉義縣六腳鄉,新北市五股區,121.467216,25.071216,20,True,菜寮,53.0,1.41,Low Risk
保長坑訓練中心,大同路三段469號,新北市汐止區,新北市汐止區,121.679316,25.071337,1075,True,汐止,52.0,3.92,Low Risk
德音國民小學,明德路2號,新北市五股區,新北市五股區,121.4345,25.0714,146,True,新莊,52.0,3.72,Low Risk
山鼻內厝聯合里民活動中心,南山路二段349巷67號,桃園市蘆竹區,桃園市蘆竹區,121.287518,25.071722,0,True,林口,150.0,7.88,High Risk
保長國小,大同路三段553號,新北市汐止區,新北市汐止區,121.680851,25.071773,470,True,汐止,52.0,4.08,Low Risk
仁愛市民活動中心,文化一路1段137號,新北市林口區,新北市林口區,121.37391,25.071966,194,True,林口,150.0,1.08,High Risk
東湖國中,內湖區康樂街131號,臺北市內湖區,臺北市內湖區,121.6195,25.0723,138,True,汐止,52.0,2.25,Low Risk
大園區北港社區活動中心,9鄰海墘10-2號,桃園市大園區,桃園市大園區,121.164351,25.072941,400,True,大園,58.0,4.07,Low Risk
三石社區活動中心,9鄰三和路5號,桃園市大園區,桃園市大園區,121.25823,25.073,380,True,大園,58.0,5.77,Low Risk
麗湖國小,內湖區金湖路363巷8號,臺北市內湖區,臺北市內湖區,121.6013,25.0731,315,True,松山,56.0,3.44,Low Risk
大佳國小,中山區濱江街107號,臺北市中山區,臺北市中山區,121.5359,25.0733,30,True,中山,55.0,1.54,Low Risk
大龍國小,大同區哈密街47號,臺北市大同區,臺北市大同區,121.5167,25.0734,30,True,大同,61.0,1.17,Low Risk
林口高中,仁愛路二段173號,新北市林口區,新北市林口區,121.381,25.0736,3099,True,林口,150.0,1.64,High Risk
格致高級中學,三重區大智街260號,新北市三重區,新北市三重區,121.4887,25.0738,1000,True,三重,35.0,0.53,Low Risk
南勢市民活動中心,南勢二街154號,新北市林口區,新北市林口區,121.359019,25.073835,106,True,林口,150.0,0.8,High Risk
南勢國小,南勢街215號,新北市林口區,新北市林口區,121.3588,25.075,534,True,林口,150.0,0.75,High Risk
明倫高中,臺北市大同區承德路3段336號,臺北市大同區,臺北市大同區,121.5199,25.0755,70,True,大同,61.0,1.5,Low Risk
憲訓中心,成泰路一段175號,新北市五股區,新北市五股區,121.4349,25.0758,686,True,新莊,52.0,4.21,Low Risk
后厝社區活動中心,12鄰中華路595號,桃園市大園區,桃園市大園區,121.211571,25.075842,100,True,大園,58.0,1.89,Low Risk
重慶國中,大同區敦煌路19號,臺北市大同區,臺北市大同區,121.5179,25.0759,0,True,大同,61.0,1.47,Low Risk
臺北市大同運動中心,大龍街51號,臺北市大同區,臺北市大同區,121.5179,25.0759,300,True,大同,61.0,1.47,Low Risk
永盛市民活動中心,三重區車路頭街133號,新北市三重區,新北市三重區,121.4846,25.0764,100,True,菜寮,53.0,0.9,Low Risk
三和國民中學,三重區三和路四段216號,新北市三重區,新北市三重區,121.4865,25.0766,653,True,三重,35.0,0.86,Low Risk
林口區公所,仁愛路一段378號,新北市林口區,新北市林口區,121.3885,25.0767,120,True,林口,150.0,2.32,High Risk
得仁市民活動中心,中山一路415號6樓,新北市蘆洲區,新北市蘆洲區,121.469,25.0767,52,True,菜寮,53.0,1.49,Low Risk
林口國中活動中心,民治路25號,新北市林口區,新北市林口區,121.3769,25.0769,1736,True,林口,150.0,1.16,High Risk
永福國民小學,三重區永福街66號,新北市三重區,新北市三重區,121.4806,25.077,706,True,菜寮,53.0,0.9,Low Risk
內湖國中,內湖區陽光街1號,臺北市內湖區,臺北市內湖區,121.5887,25.077,233,True,松山,56.0,3.17,Low Risk
長安里民活動中心,長安街31號,基隆市七堵區,基隆市七堵區,121.6928,25.0771,60,True,汐止,52.0,5.37,Low Risk
濱江國小,中山區樂群2路266巷99號,臺北市中山區,臺北市中山區,121.5617,25.0773,114,True,松山,56.0,3.48,Low Risk
麗林市民活動中心,公園路59號3樓,新北市林口區,新北市林口區,121.394,25.0774,236,True,林口,150.0,2.87,High Risk
北安國中,中山區明水路325號,臺北市中山區,臺北市中山區,121.5416,25.0778,30,True,中山,55.0,2.29,Low Risk
內湖高中,內湖區文德路218號,臺北市內湖區,臺北市內湖區,121.5865,25.0784,110,True,松山,56.0,3.26,Low Risk
臺北市內湖運動中心,洲子街12號,臺北市內湖區,臺北市內湖區,121.5865,25.0784,219,True,松山,56.0,3.26,Low Risk
新北特殊教育學校,文化北路1段425號,新北市林口區,新北市林口區,121.365938,25.078446,1383,True,林口,150.0,0.07,High Risk
民生市民活動中心,民生街129巷14號,新北市蘆洲區,新北市蘆洲區,121.4728,25.0785,20,True,菜寮,53.0,1.35,Low Risk
永安國小,臺北市中山區明水路397巷19弄1號,臺北市中山區,臺北市中山區,121.5494,25.0787,60,True,中山,55.0,2.93,Low Risk
長安市民活動中心,長興街一段50號,新北市汐止區,新北市汐止區,121.670529,25.079073,89,True,汐止,52.0,3.32,Low Risk
內湖國小,內湖區內湖路2段41號,臺北市內湖區,臺北市內湖區,121.5802,25.0791,150,True,松山,56.0,3.24,Low Risk
長安國小,長興街一段80號,新北市汐止區,新北市汐止區,121.670789,25.079315,807,True,汐止,52.0,3.35,Low Risk
更新市民活動中心,更洲路47號,新北市五股區,新北市五股區,121.4573,25.0794,65,True,菜寮,53.0,2.66,Low Risk
大直高中,中山區北安路420號,臺北市中山區,臺北市中山區,121.5428,25.0794,300,True,中山,55.0,2.51,Low Risk
醒吾高中,粉寮路一段75巷80號,新北市林口區,新北市林口區,121.395779,25.07957,1243,True,林口,150.0,3.06,High Risk
溪墘湧蓮市民活動中心,信義路65號,新北市蘆洲區,新北市蘆洲區,121.476051,25.079572,50,True,菜寮,53.0,1.28,Low Risk
竹林山觀音寺活動中心,竹林路325號,新北市林口區,新北市林口區,121.3958,25.0796,500,True,林口,150.0,3.06,High Risk
濱江國中,中山區樂群二路262號,臺北市中山區,臺北市中山區,121.5607,25.0796,86,True,松山,56.0,3.75,Low Risk
內湖高工,內湖路1段520號,臺北市內湖區,臺北市內湖區,121.5754,25.0797,245,False,松山,56.0,3.32,Warning
劍潭國小,士林區通河街16號,臺北市士林區,臺北市士林區,121.5229,25.0799,30,True,中山,55.0,1.98,Low Risk
康寧國小,內湖區星雲街121號,臺北市內湖區,臺北市內湖區,121.5949,25.08,247,True,松山,56.0,3.72,Low Risk
佳林國中,中山路268號,新北市林口區,新北市林口區,121.3842,25.0803,747,True,林口,150.0,1.9,High Risk
徐匯中學,中山一路1號,新北市蘆洲區,新北市蘆洲區,121.48,25.0803,784,True,菜寮,53.0,1.27,Low Risk
大直國小,中山區大直街2號,臺北市中山區,臺北市中山區,121.5464,25.0805,104,True,中山,55.0,2.84,Low Risk
內海貴文宮,2鄰內海墘19號,桃園市大園區,桃園市大園區,121.185356,25.080507,300,True,大園,58.0,2.77,Low Risk
長安市民活動中心,長安街96號4樓,新北市蘆洲區,新北市蘆洲區,121.4619,25.0807,123,True,菜寮,53.0,2.33,Low Risk
林口國小,林口路76號,新北市林口區,新北市林口區,121.3899,25.0808,1009,True,林口,150.0,2.48,High Risk
實踐里民活動中心,百一街52-1號,基隆市七堵區,基隆市七堵區,121.7004,25.081,60,True,汐止,52.0,6.22,Low Risk
永安兒童公園市民活動中心,永安北路二段42之6號,新北市蘆洲區,新北市蘆洲區,121.481944,25.081635,87,True,菜寮,53.0,1.41,Low Risk
麗山國中,內湖區內湖路1段629巷42號,臺北市內湖區,臺北市內湖區,121.5752,25.0817,82,True,松山,56.0,3.54,Low Risk
中路市民活動中心,光華路107巷11號,新北市蘆洲區,新北市蘆洲區,121.4675,25.0821,27,True,菜寮,53.0,2.0,Low Risk
頭湖國小,民權路101號,新北市林口區,新北市林口區,121.3729,25.0827,819,True,林口,150.0,0.91,High Risk
堵南里民活動中心,堵南街20之8號,基隆市七堵區,基隆市七堵區,121.6877,25.0827,40,True,汐止,52.0,5.06,Low Risk
大湖公園,成功路五段31號旁,臺北市內湖區,臺北市內湖區,121.603982,25.082835,4950,False,汐止,52.0,4.14,Warning
立體停車場,工商路3號,新北市五股區,新北市五股區,121.4393,25.083,550,True,菜寮,53.0,4.48,Low Risk
堵南國小活動中心,大德路120號,基隆市七堵區,基隆市七堵區,121.6922,25.0832,120,True,汐止,52.0,5.51,Low Risk
五股國民中學,成泰路二段49巷15號,新北市五股區,新北市五股區,121.4357,25.0833,230,True,菜寮,53.0,4.84,Low Risk
暖東里民活動中心,東勢街54號,基隆市暖暖區,基隆市暖暖區,121.7481,25.0833,40,True,基隆,36.0,5.24,Low Risk
五股國民小學,成泰路2段49號,新北市五股區,新北市五股區,121.4377,25.0834,2532,True,菜寮,53.0,4.65,Low Risk
堵北里民活動中心,福一街136號二樓,基隆市七堵區,基隆市七堵區,121.6953,25.0834,86,True,汐止,52.0,5.81,Low Risk
財團法人臺灣省臺北縣基督教徒蘆洲,三民路26巷71弄2號B1地下室,新北市蘆洲區,新北市蘆洲區,121.4786,25.0835,75,True,菜寮,53.0,1.64,Low Risk
麗山國小,臺北市內湖區港華街100號,臺北市內湖區,臺北市內湖區,121.5725,25.0836,193,True,松山,56.0,3.79,Low Risk
葫蘆國小,士林區環河北路3段95號,臺北市士林區,臺北市士林區,121.507,25.0837,35,True,三重,35.0,1.81,Low Risk
百福國中活動中心,福五街1號,基隆市七堵區,基隆市七堵區,121.6987,25.0837,191,True,汐止,52.0,6.15,Low Risk
西湖國小,內湖區環山路1段25號,臺北市內湖區,臺北市內湖區,121.5657,25.0838,76,True,松山,56.0,3.98,Low Risk
蘆洲國小,中正路100號,新北市蘆洲區,新北市蘆洲區,121.47,25.0841,2139,True,菜寮,53.0,2.02,Low Risk
麗山高中,臺北市內湖區環山路2段100號,臺北市內湖區,臺北市內湖區,121.5779,25.0841,60,True,松山,56.0,3.79,Low Risk
湖南市民活動中心,民權路165號,新北市林口區,新北市林口區,121.3742,25.0844,86,True,林口,150.0,1.13,High Risk
蘆洲區公所,三民路95號,新北市蘆洲區,新北市蘆洲區,121.4739,25.0847,185,True,菜寮,53.0,1.89,Low Risk
碧華國民小學,五華街160號,新北市三重區,新北市三重區,121.490369,25.085115,0,True,三重,35.0,1.43,Low Risk
鷺江國小,民族路7號,新北市蘆洲區,新北市蘆洲區,121.4769,25.0853,1002,True,菜寮,53.0,1.86,Low Risk
碧湖國小,臺北市內湖區金龍路100號,臺北市內湖區,臺北市內湖區,121.5911,25.0853,134,True,松山,56.0,4.12,Low Risk
成功國小,長安街311號,新北市蘆洲區,新北市蘆洲區,121.4575,25.0857,495,True,菜寮,53.0,3.01,Low Risk
重陽市民活動中心,集賢路221巷11號,新北市蘆洲區,新北市蘆洲區,121.4837,25.0857,58,True,三重,35.0,1.78,Low Risk
文湖國小,內湖區文湖街15號,臺北市內湖區,臺北市內湖區,121.5601,25.0858,30,True,中山,55.0,4.27,Low Risk
西湖國中,內湖區環山路1段27號,臺北市內湖區,臺北市內湖區,121.5657,25.0858,106,True,松山,56.0,4.19,Low Risk
百齡國小,士林區福港街205號,臺北市士林區,臺北市士林區,121.5178,25.0862,137,True,士林,31.0,1.91,Low Risk
泰安里民活動中心,泰和街57號,基隆市七堵區,基隆市七堵區,121.7114,25.0864,42,True,基隆,36.0,6.83,Low Risk
五華國民小學,三重區集賢路89號,新北市三重區,新北市三重區,121.4931,25.0865,327,True,三重,35.0,1.55,Low Risk
三民高中,三民路96號,新北市蘆洲區,新北市蘆洲區,121.4723,25.0866,5011,True,菜寮,53.0,2.15,Low Risk
百齡高中,士林區承德路4段177號,臺北市士林區,臺北市士林區,121.523,25.087,300,True,士林,31.0,1.93,Low Risk
蘆洲國中,中正路265號,新北市蘆洲區,新北市蘆洲區,121.4664,25.0871,2520,True,菜寮,53.0,2.5,Low Risk
新北市立新北高中,三重區重新路五段656號,新北市三重區,新北市三重區,121.4899,25.0874,4475,True,三重,35.0,1.69,Low Risk
山腳國中,海山路319號,桃園市蘆竹區,桃園市蘆竹區,121.278634,25.088009,500,True,大園,58.0,8.23,Low Risk
大湖國小,內湖區大湖山莊街170號,臺北市內湖區,臺北市內湖區,121.6003,25.0881,175,True,汐止,52.0,4.75,Low Risk
百福里民活動中心,實踐路263號,基隆市七堵區,基隆市七堵區,121.695,25.0881,40,True,汐止,52.0,5.97,Low Risk
猴硐國小,瑞芳區九芎橋路69-1號,新北市瑞芳區,新北市瑞芳區,121.8296,25.0889,101,True,基隆,36.0,8.31,Low Risk
忠義國小,光榮路99號,新北市蘆洲區,新北市蘆洲區,121.4639,25.0893,1106,True,菜寮,53.0,2.85,Low Risk
北港國小,汐萬路二段279號,新北市汐止區,新北市汐止區,121.645595,25.089404,1307,True,汐止,52.0,2.62,Low Risk
天母棒球場,忠誠路二段77號,臺北市士林區,臺北市士林區,121.5029,25.0898,150,False,士林,31.0,2.05,Low Risk
臺北市士林運動中心,士商路1號,臺北市士林區,臺北市士林區,121.5029,25.0898,171,True,士林,31.0,2.05,Low Risk
社子國小,臺北市士林區延平北路6段308號,臺北市士林區,臺北市士林區,121.5029,25.0898,192,True,士林,31.0,2.05,Low Risk
鷺江國中,長樂路235號,新北市蘆洲區,新北市蘆洲區,121.4618,25.0903,659,True,菜寮,53.0,3.06,Low Risk
公民會館,御史路1巷59號,新北市五股區,新北市五股區,121.440224,25.090383,182,True,菜寮,53.0,4.75,Low Risk
永平市民活動中心,永平街1號4樓,新北市蘆洲區,新北市蘆洲區,121.4592,25.0904,151,True,菜寮,53.0,3.24,Low Risk
六堵里民活動中心,工建路104巷17-1號-2號,基隆市七堵區,基隆市七堵區,121.7015,25.0908,48,True,汐止,52.0,6.69,Low Risk
仁愛國小,民族路488號,新北市蘆洲區,新北市蘆洲區,121.471,25.0915,584,True,菜寮,53.0,2.7,Low Risk
陽明高中,士林區中正路510號,臺北市士林區,臺北市士林區,121.5172,25.0918,110,True,士林,31.0,1.28,Low Risk
友一里民活動中心,華新一路59-1號,基隆市七堵區,基隆市七堵區,121.6688,25.0921,40,True,汐止,52.0,4.03,Low Risk
水湳市民活動中心,民族路426巷17號,新北市蘆洲區,新北市蘆洲區,121.4731,25.0927,34,True,菜寮,53.0,2.76,Low Risk
士林國小,臺北市士林區大東路165號,臺北市士林區,臺北市士林區,121.5251,25.0928,225,True,士林,31.0,1.45,Low Risk
士林國中,士林區中正路345號,臺北市士林區,臺北市士林區,121.5226,25.0943,39,True,士林,31.0,1.17,Low Risk
成功市民活動中心,西雲路163號,新北市五股區,新北市五股區,121.4461,25.0944,100,True,菜寮,53.0,4.51,Low Risk
大古山停車場,大古山廣場,桃園市蘆竹區,桃園市蘆竹區,121.28829,25.09457695,200,False,林口,150.0,7.99,High Risk
基隆高級商工職業學校,東新街22號,基隆市七堵區,基隆市七堵區,121.7173,25.0949,146,True,基隆,36.0,5.75,Low Risk
士林高商,士林區士商路150號,臺北市士林區,臺北市士林區,121.5163,25.095,54,True,士林,31.0,0.93,Low Risk
長興里民活動中心,東新街25號,基隆市七堵區,基隆市七堵區,121.718,25.095,52,True,基隆,36.0,5.69,Low Risk
士林官邸公園,臺北市士林區福林路60號,臺北市士林區,臺北市士林區,121.5303,25.0951,1362,False,士林,31.0,1.65,Low Risk
暖西里民活動中心,東勢街26巷69號,基隆市暖暖區,基隆市暖暖區,121.738,25.0951,96,True,基隆,36.0,4.39,Low Risk
碇祥里民活動中心,碇內街100號,基隆市暖暖區,基隆市暖暖區,121.7538,25.0955,85,True,基隆,36.0,3.8,Low Risk
碇內里民活動中心,暖碇路15巷136號,基隆市暖暖區,基隆市暖暖區,121.7538,25.0958,32,True,基隆,36.0,3.76,Low Risk
碇內國中,源遠路152巷75號,基隆市暖暖區,基隆市暖暖區,121.7495,25.0961,229,True,基隆,36.0,3.83,Low Risk
暖暖里民活動中心,暖暖街281巷58號,基隆市暖暖區,基隆市暖暖區,121.7354,25.0971,60,True,基隆,36.0,4.34,Low Risk
七堵國小活動中心,明德一路184號2-4樓,基隆市七堵區,基隆市七堵區,121.7136,25.0978,150,True,基隆,36.0,5.83,Low Risk
成州市民活動中心,西雲路267號,新北市五股區,新北市五股區,121.4494,25.0981,75,True,菜寮,53.0,4.54,Low Risk
七堵行政大樓6樓,光明路21號6樓,基隆市七堵區,基隆市七堵區,121.7166,25.0983,200,True,基隆,36.0,5.56,Low Risk
福林國小,士林區福志路75號,臺北市士林區,臺北市士林區,121.5297,25.0987,142,True,士林,31.0,1.41,Low Risk
永平里民活動中心,崇智街13-1號,基隆市七堵區,基隆市七堵區,121.7134,25.0995,90,True,基隆,36.0,5.74,Low Risk
文昌國小,士林區文林路615巷20號,臺北市士林區,臺北市士林區,121.5209,25.0996,75,True,士林,31.0,0.6,Low Risk
地藏禪寺,延平北路7段189號,臺北市士林區,臺北市士林區,121.491108,25.099607,100,True,士林,31.0,2.61,Low Risk
成州國民小學,成泰路3段493號,新北市五股區,新北市五股區,121.4505,25.0998,398,True,菜寮,53.0,4.61,Low Risk
碇安里民活動中心,源遠路277巷23號,基隆市暖暖區,基隆市暖暖區,121.7555,25.0998,64,True,基隆,36.0,3.3,Low Risk
沙崙社區活動中心,12鄰41-3號,桃園市大園區,桃園市大園區,121.222571,25.101094,250,True,大園,58.0,4.89,Low Risk
八德土地公廟,大華一路57巷43-4號,基隆市七堵區,基隆市七堵區,121.7166,25.1011,12,True,基隆,36.0,5.37,Low Risk
湖北市民活動中心,林口區湖北里後湖17之6號,新北市林口區,新北市林口區,121.3847,25.1013,73,True,林口,150.0,3.23,High Risk
暖同里民活動中心,暖暖街16巷41號,基隆市暖暖區,基隆市暖暖區,121.7373,25.1015,64,True,基隆,36.0,3.84,Low Risk
自強里民活動中心,自強路1號,基隆市七堵區,基隆市七堵區,121.7122,25.1022,44,True,基隆,36.0,5.68,Low Risk
海湖國小,海湖東路191巷15號,桃園市蘆竹區,桃園市蘆竹區,121.26754,25.10233,450,True,大園,58.0,8.0,Low Risk
雨聲國小,士林區至誠路1段62巷70號,臺北市士林區,臺北市士林區,121.5352,25.1027,46,True,士林,31.0,1.87,Low Risk
福安國中,士林區延平北路7段250號,臺北市士林區,臺北市士林區,121.4874,25.1033,30,True,士林,31.0,2.95,Low Risk
至善國中,臺北市士林區至善路2段360號,臺北市士林區,臺北市士林區,121.5555,25.1035,170,True,士林,31.0,3.91,Low Risk
竹圍國小,2鄰竹圍街3號,桃園市大園區,桃園市大園區,121.244253,25.103671,700,True,大園,58.0,6.34,Low Risk
吉慶國小,瑞芳區大埔路95號,新北市瑞芳區,新北市瑞芳區,121.7628,25.1037,403,True,基隆,36.0,2.85,Low Risk
中正高中,北投區文林北路77號,臺北市北投區,臺北市北投區,121.5165,25.1045,109,True,士林,31.0,0.13,Low Risk
竹圍社區活動中心,8鄰竹圍街90-6號,桃園市大園區,桃園市大園區,121.241682,25.104511,160,True,大園,58.0,6.24,Low Risk
過港里民活動中心,過港路54號,基隆市暖暖區,基隆市暖暖區,121.7383,25.1049,60,True,基隆,36.0,3.48,Low Risk
佛祖廟西靈岩寺,佛祖廟西靈岩寺,新北市貢寮區,新北市貢寮區,121.921149,25.105105,62,True,基隆,36.0,16.44,Low Risk
雨農國小,士林區忠義街1號,臺北市士林區,臺北市士林區,121.5299,25.1053,124,True,士林,31.0,1.35,Low Risk
爪峰里活動中心,三爪子坑路279-2號,新北市瑞芳區,新北市瑞芳區,121.8135,25.1056,162,True,基隆,36.0,5.98,Low Risk
富安國小,臺北市士林區延平北路8段135號,臺北市士林區,臺北市士林區,121.4824,25.1058,50,True,士林,31.0,3.46,Low Risk
文林國小,北投區文林北路155號,臺北市北投區,臺北市北投區,121.5147,25.1059,300,True,士林,31.0,0.35,Low Risk
雙溪國小,士林區中社路2段66號,臺北市士林區,臺北市士林區,121.5638,25.1061,30,True,士林,31.0,4.76,Low Risk
傑魚市民活動中心,傑魚坑路245巷2-1號2樓,新北市瑞芳區,新北市瑞芳區,121.788,25.1065,231,True,基隆,36.0,3.78,Low Risk
福住市民活動中心,佛堂巷7號,新北市瑞芳區,新北市瑞芳區,121.841768,25.106736,53,True,基隆,36.0,8.6,Low Risk
新山里活動中心,金光路241號之1,新北市瑞芳區,新北市瑞芳區,121.8515,25.107,41,True,基隆,36.0,9.53,Low Risk
九份國小,瑞芳區崙頂路145號,新北市瑞芳區,新北市瑞芳區,121.8434,25.1071,172,True,基隆,36.0,8.74,Low Risk
復興國小,華新二路21號,基隆市七堵區,基隆市七堵區,121.6655,25.1073,35,True,汐止,52.0,5.2,Low Risk
明德國中,北投區明德路50號,臺北市北投區,臺北市北投區,121.5183,25.1075,88,True,士林,31.0,0.49,Low Risk
瑞芳國中,瑞芳區三爪子坑路1號,新北市瑞芳區,新北市瑞芳區,121.8145,25.1075,1826,True,基隆,36.0,5.99,Low Risk
瑞龍市民活動中心,明燈路3段2號,新北市瑞芳區,新北市瑞芳區,121.809092,25.107577,580,True,基隆,36.0,5.49,Low Risk
基隆高中,源遠路20號,基隆市暖暖區,基隆市暖暖區,121.7329,25.1077,347,True,基隆,36.0,3.63,Low Risk
觀音市民活動中心,凌雲路三段17之2號,新北市五股區,新北市五股區,121.43072,25.107778,149,True,淡水,38.0,6.58,Low Risk
瑞芳國小,瑞芳區中山路2號,新北市瑞芳區,新北市瑞芳區,121.8039,25.1079,447,True,基隆,36.0,5.01,Low Risk
嘉寶國小,22號,新北市林口區,新北市林口區,121.3393,25.1083,425,True,林口,150.0,4.28,High Risk
蘭雅國小,士林區磺溪57號,臺北市士林區,臺北市士林區,121.5231,25.1084,30,True,士林,31.0,0.86,Low Risk
八南里民活動中心,源遠路27號,基隆市暖暖區,基隆市暖暖區,121.7324,25.1086,66,True,基隆,36.0,3.6,Low Risk
海口社區活動中心,4鄰87-1號2樓,桃園市大園區,桃園市大園區,121.241381,25.108652,350,True,大園,58.0,6.59,Low Risk
瑞芳區公所,瑞芳區逢甲路82號,新北市瑞芳區,新北市瑞芳區,121.8095,25.1088,115,True,基隆,36.0,5.47,Low Risk
八中里民活動中心,金華街204號,基隆市暖暖區,基隆市暖暖區,121.7296,25.1096,42,True,基隆,36.0,3.76,Low Risk
瑪陵國小活動中心,大成街1號,基隆市七堵區,基隆市七堵區,121.6899,25.1099,46,True,汐止,52.0,6.93,Low Risk
芝山國小,臺北市士林區德行東路285號,臺北市士林區,臺北市士林區,121.5364,25.1104,40,True,士林,31.0,2.14,Low Risk
瑞芳高工,瑞芳區瑞芳街60號,新北市瑞芳區,新北市瑞芳區,121.8036,25.1104,1360,True,基隆,36.0,4.86,Low Risk
蘭雅國中,士林區忠誠路2段51號,臺北市士林區,臺北市士林區,121.531,25.1106,130,True,士林,31.0,1.65,Low Risk
八西里民活動中心,八堵路35-2號,基隆市暖暖區,基隆市暖暖區,121.7361,25.1106,10,True,基隆,36.0,3.17,Low Risk
勸濟堂,瑞芳區祈堂路53號,新北市瑞芳區,新北市瑞芳區,121.86,25.1107,50,True,基隆,36.0,10.27,Low Risk
瓜山國小,瑞芳區五號路306號,新北市瑞芳區,新北市瑞芳區,121.8569,25.1111,232,True,基隆,36.0,9.95,Low Risk
明德國小,北投區明德路190號,臺北市北投區,臺北市北投區,121.5218,25.1121,109,True,士林,31.0,1.1,Low Risk
和美國小,龍洞街1-9號,新北市貢寮區,新北市貢寮區,121.9193,25.1123,117,True,基隆,36.0,16.14,Low Risk
佛祖廟西側高地,佛祖廟西側高地,新北市貢寮區,新北市貢寮區,121.919336,25.112326,62,True,基隆,36.0,16.14,Low Risk
興福國小,下福10之1號,新北市林口區,新北市林口區,121.3126,25.1124,735,True,林口,150.0,6.56,High Risk
翠柏新村安養中心-服務大樓,永春一路5號,新北市汐止區,新北市汐止區,121.603216,25.112499,203,True,汐止,52.0,6.39,Low Risk
八德里民活動中心,八德路70號,基隆市七堵區,基隆市七堵區,121.7279,25.1129,14,True,基隆,36.0,3.71,Low Risk
石牌國中,臺北市北投區石牌路1段139號,臺北市北投區,臺北市北投區,121.5142,25.1149,100,True,士林,31.0,1.31,Low Risk
石牌國小,北投區致遠2路80號,臺北市北投區,臺北市北投區,121.5117,25.1157,112,True,士林,31.0,1.46,Low Risk
三玉國小,士林區天母東路116號,臺北市士林區,臺北市士林區,121.5373,25.118,30,True,士林,31.0,2.64,Low Risk
天母國中,士林區天母東路120號,臺北市士林區,臺北市士林區,121.5381,25.118,99,True,士林,31.0,2.7,Low Risk
南榮國小,南榮路321號,基隆市仁愛區,基隆市仁愛區,121.7439,25.1194,165,True,基隆,36.0,1.96,Low Risk
立農國小,北投區立農街1段250號,臺北市北投區,臺北市北投區,121.5053,25.1195,30,True,士林,31.0,2.13,Low Risk
天母國小,士林區天玉街12號,臺北市士林區,臺北市士林區,121.5274,25.1197,100,True,士林,31.0,2.12,Low Risk
陽明山國小,臺北市士林區新安里仰德大道3段 61 號,臺北市士林區,臺北市士林區,121.5529,25.1198,50,True,士林,31.0,4.08,Low Risk
溪山國小,臺北市士林區至善路三段199號,臺北市士林區,臺北市士林區,121.5796,25.1198,50,True,士林,31.0,6.6,Low Risk
關渡國中,北投區知行路212號,臺北市北投區,臺北市北投區,121.4673,25.1199,30,True,淡水,38.0,5.28,Low Risk
育仁里民活動中心,南榮路269巷28之1號,基隆市仁愛區,基隆市仁愛區,121.744,25.1204,25,True,基隆,36.0,1.89,Low Risk
東和市民活動中心,中山路20號,新北市瑞芳區,新北市瑞芳區,121.8879,25.1204,95,True,基隆,36.0,12.91,Low Risk
威遠廟,明里路7-1號,新北市瑞芳區,新北市瑞芳區,121.868114,25.120447,82,True,基隆,36.0,10.92,Low Risk
瑞濱國小,瑞濱路34號,新北市瑞芳區,新北市瑞芳區,121.820317,25.120495,877,True,基隆,36.0,6.14,Low Risk
鼻頭國小,瑞芳區鼻頭路99號,新北市瑞芳區,新北市瑞芳區,121.9194,25.1208,251,True,基隆,36.0,16.07,Low Risk
鶯歌里民活動中心,基隆市安樂區安樂路二段一六四號九樓,基隆市安樂區,基隆市安樂區,121.7232,25.121,127,True,基隆,36.0,3.82,Low Risk
安樂區公所二樓禮堂,基隆市安樂區安樂路二段一六四號二樓,基隆市安樂區,基隆市安樂區,121.7232,25.1211,76,True,基隆,36.0,3.82,Low Risk
瑞濱市民活動中心,瑞芳區建基路1段4之2號,新北市瑞芳區,新北市瑞芳區,121.8205,25.1212,115,True,基隆,36.0,6.15,Low Risk
壯觀里民活動中心,基隆市安樂區樂利二街62巷282號地下層,基隆市安樂區,基隆市安樂區,121.7155,25.1213,30,True,基隆,36.0,4.57,Low Risk
普宜苑,溪山里至善路3段181巷5弄7號,臺北市士林區,臺北市士林區,121.5773,25.1214,0,True,士林,31.0,6.43,Low Risk
瑪東里民活動中心,大同街29-3號,基隆市七堵區,基隆市七堵區,121.6984,25.1219,56,True,基隆,36.0,6.26,Low Risk
濂洞國小,瑞芳區凍頂路101巷80號,新北市瑞芳區,新北市瑞芳區,121.8598,25.1223,228,True,基隆,36.0,10.07,Low Risk
七賢里民活動中心,基隆市安樂區安和一街十號,基隆市安樂區,基隆市安樂區,121.7231,25.1228,54,True,基隆,36.0,3.79,Low Risk
吉仁里民活動中心,南新街29之6號,基隆市仁愛區,基隆市仁愛區,121.7442,25.1233,40,True,基隆,36.0,1.72,Low Risk
孝岡里民活動中心,深澳坑路256-1號,基隆市信義區,基隆市信義區,121.7913,25.1236,43,True,基隆,36.0,3.21,Low Risk
新安里臨時聚會場所,新安路85號,臺北市士林區,臺北市士林區,121.553582,25.124093,45,True,士林,31.0,4.38,Low Risk
獅球書院聯合里民活動中心,獅球路50號,基隆市仁愛區,基隆市仁愛區,121.7367,25.1241,42,True,基隆,36.0,2.42,Low Risk
長樂國小餐廳旁空間,基隆市安樂區樂利三街34巷52號,基隆市安樂區,基隆市安樂區,121.7136,25.1249,101,True,基隆,36.0,4.7,Low Risk
仁愛區公所,光一路28號6樓,基隆市仁愛區,基隆市仁愛區,121.7367,25.1252,67,True,基隆,36.0,2.39,Low Risk
光華里民活動中心,光一路28號5樓,基隆市仁愛區,基隆市仁愛區,121.7367,25.1252,70,True,基隆,36.0,2.39,Low Risk
兆連里民活動中心,獅球路25巷8號,基隆市仁愛區,基隆市仁愛區,121.7389,25.1253,49,True,基隆,36.0,2.17,Low Risk
林泉里民活動中心,復興街60巷2號,基隆市仁愛區,基隆市仁愛區,121.7525,25.1254,60,True,基隆,36.0,0.87,Low Risk
長坑市民活動中心,下罟子臨8-3號,新北市八里區,新北市八里區,121.3883,25.1257,100,True,林口,150.0,5.78,High Risk
長坑國小,長坑里25號,新北市八里區,新北市八里區,121.3905,25.1257,224,True,林口,150.0,5.87,High Risk
竹圍國小自強分校,自強路33號,新北市淡水區,新北市淡水區,121.464,25.1257,207,True,淡水,38.0,4.56,Low Risk
四維里民活動中心,基隆市安樂區安和一街一二八之一號,基隆市安樂區,基隆市安樂區,121.7239,25.1258,60,True,基隆,36.0,3.66,Low Risk
福仁里民活動中心,南榮路117巷31弄1號,基隆市仁愛區,基隆市仁愛區,121.7438,25.1258,34,True,基隆,36.0,1.68,Low Risk
長樂國小活動中心,基隆市安樂區樂利三街30巷123號,基隆市安樂區,基隆市安樂區,121.7116,25.1261,212,True,基隆,36.0,4.89,Low Risk
三民里民活動中心,基隆市安樂區麥金路439巷2號,基隆市安樂區,基隆市安樂區,121.719,25.1261,89,True,基隆,36.0,4.15,Low Risk
和明里民活動中心,仁二路137巷2弄1之3號,基隆市仁愛區,基隆市仁愛區,121.7459,25.1261,74,True,基隆,36.0,1.47,Low Risk
禮儀里民活動中心,東明路77巷68號,基隆市信義區,基隆市信義區,121.7617,25.1262,15,True,基隆,36.0,0.37,Low Risk
關渡國小,北投區中央北路4段581號,臺北市北投區,臺北市北投區,121.4668,25.1268,110,True,淡水,38.0,4.55,Low Risk
清江國小,北投區公?路220號,臺北市北投區,臺北市北投區,121.5076,25.1269,30,True,士林,31.0,2.77,Low Risk
孝深里民活動中心,深澳坑路75號,基隆市信義區,基隆市信義區,121.7854,25.1269,52,True,基隆,36.0,2.56,Low Risk
禮東里民活動中心,東明路67巷7號,基隆市信義區,基隆市信義區,121.7624,25.127,24,True,基隆,36.0,0.34,Low Risk
東明里民活動中心,東信路35巷47號1樓,基隆市信義區,基隆市信義區,121.767,25.127,27,True,基隆,36.0,0.74,Low Risk
文安里民活動中心,仁五路20號2樓,基隆市仁愛區,基隆市仁愛區,121.7411,25.1271,20,True,基隆,36.0,1.92,Low Risk
玉田里民活動中心,愛四路2巷22之1號,基隆市仁愛區,基隆市仁愛區,121.7438,25.1271,30,True,基隆,36.0,1.65,Low Risk
智仁里民活動中心,延平街7號,基隆市仁愛區,基隆市仁愛區,121.7486,25.1272,74,True,基隆,36.0,1.17,Low Risk
花崗里活動中心,劉銘傳路11巷24弄3號,基隆市仁愛區,基隆市仁愛區,121.7518,25.1272,26,True,基隆,36.0,0.86,Low Risk
新忠勇里民活動中心,仁三路3巷2弄1-1號,基隆市仁愛區,基隆市仁愛區,121.7445,25.1274,30,True,基隆,36.0,1.58,Low Risk
忠勇里民活動中心,愛五路6巷32號,基隆市仁愛區,基隆市仁愛區,121.745,25.1274,30,True,基隆,36.0,1.53,Low Risk
智慧里民活動中心,仁一路7巷61號,基隆市信義區,基隆市信義區,121.7544,25.1275,54,True,基隆,36.0,0.6,Low Risk
明德里民活動中心,自來街13巷5之2號,基隆市仁愛區,基隆市仁愛區,121.739,25.1276,29,True,基隆,36.0,2.13,Low Risk
仁愛國小,仁二路139號,基隆市仁愛區,基隆市仁愛區,121.746,25.128,171,True,基隆,36.0,1.42,Low Risk
博愛里民活動中心,愛一路8號3樓之7,基隆市仁愛區,基隆市仁愛區,121.7408,25.1282,53,True,基隆,36.0,1.94,Low Risk
虹橋水錦聯合里民活動中心,仁二路53號,基隆市仁愛區,基隆市仁愛區,121.7498,25.1282,62,True,基隆,36.0,1.04,Low Risk
朝棟里民活動中心,成功一路133巷5號,基隆市仁愛區,基隆市仁愛區,121.7362,25.1283,85,True,基隆,36.0,2.4,Low Risk
瑞平國小,後坑路34之1號,新北市林口區,新北市林口區,121.3493,25.1284,219,True,林口,150.0,5.84,High Risk
義民里民活動中心,信一路6號4樓,基隆市信義區,基隆市信義區,121.7553,25.1285,71,True,基隆,36.0,0.48,Low Risk
瑪西里民活動中心,大華三路75之1號,基隆市七堵區,基隆市七堵區,121.6774,25.1286,73,True,汐止,52.0,7.85,Low Risk
東安里民活動中心,東信路10-2號,基隆市信義區,基隆市信義區,121.7681,25.1286,78,True,基隆,36.0,0.81,Low Risk
新店里民活動中心,孝一路100之1號2樓旁通道,基隆市仁愛區,基隆市仁愛區,121.7406,25.1287,34,True,基隆,36.0,1.96,Low Risk
義和里民活動中心,信一路6號3樓,基隆市信義區,基隆市信義區,121.7575,25.1287,71,True,基隆,36.0,0.26,Low Risk
同風里民活動中心,孝二路39號七樓12室（忠孝大樓）,基隆市仁愛區,基隆市仁愛區,121.7394,25.1289,13,True,基隆,36.0,2.08,Low Risk
平等國小,士林區平等里平菁街101號,臺北市士林區,臺北市士林區,121.5763,25.1291,20,True,士林,31.0,6.65,Low Risk
市立體育館,信二路40-1號,基隆市信義區,基隆市信義區,121.7569,25.1293,817,True,基隆,36.0,0.32,Low Risk
義昭里民活動中心,信二路157號,基隆市信義區,基隆市信義區,121.7526,25.1294,118,True,基隆,36.0,0.75,Low Risk
新建里民活動中心,成功二路2之1號,基隆市中山區,基隆市中山區,121.7373,25.1295,20,True,基隆,36.0,2.29,Low Risk
基隆市信義區公所,信二路179號,基隆市信義區,基隆市信義區,121.7513,25.1295,117,True,基隆,36.0,0.88,Low Risk
深澳里市民活動中心,深澳路67 之1號,新北市瑞芳區,新北市瑞芳區,121.817974,25.129623,113,True,基隆,36.0,5.83,Low Risk
仁德里民活動中心,孝一路82之1號2樓旁通道,基隆市仁愛區,基隆市仁愛區,121.7412,25.1297,36,True,基隆,36.0,1.9,Low Risk
東信里民活動中心,東信路258巷54號,基隆市信義區,基隆市信義區,121.7627,25.1298,36,True,基隆,36.0,0.28,Low Risk
安樂國小活動中心,基隆市安樂區安一路177巷23號,基隆市安樂區,基隆市安樂區,121.7302,25.1302,274,True,基隆,36.0,3.01,Low Risk
孝德里民活動中心,東峰街154號,基隆市信義區,基隆市信義區,121.7767,25.1305,57,True,基隆,36.0,1.68,Low Risk
文昌里民活動中心,孝四路10之1號（陸橋下）,基隆市仁愛區,基隆市仁愛區,121.7385,25.1307,36,True,基隆,36.0,2.18,Low Risk
仁義里民活動中心,信二路246巷32號,基隆市信義區,基隆市信義區,121.7508,25.1307,37,True,基隆,36.0,0.95,Low Risk
安民里民活動中心,安一路94號,基隆市中山區,基隆市中山區,121.7361,25.1309,50,True,基隆,36.0,2.42,Low Risk
格致國中,士林區仰德大道4段75號,臺北市士林區,臺北市士林區,121.5468,25.1311,47,True,士林,31.0,4.33,Low Risk
西華里民活動中心,西定路102號,基隆市中山區,基隆市中山區,121.7354,25.1317,20,True,基隆,36.0,2.5,Low Risk
安和及慈仁里民活動中心,基隆市安樂區安一路一七七巷廿三之1號,基隆市安樂區,基隆市安樂區,121.7319,25.1318,140,True,基隆,36.0,2.85,Low Risk
安平里民活動中心,中山一路91號,基隆市中山區,基隆市中山區,121.7377,25.1319,25,True,基隆,36.0,2.27,Low Risk
龍米市民活動中心,龍源里龍米路1段223號,新北市八里區,新北市八里區,121.4511,25.132,125,True,淡水,38.0,3.62,Low Risk
東信國小,正信路26號,基隆市信義區,基隆市信義區,121.7605,25.1321,160,True,基隆,36.0,0.33,Low Risk
干城里民活動中心,基隆市安樂區安一路278巷31之1號,基隆市安樂區,基隆市安樂區,121.7296,25.1324,200,True,基隆,36.0,3.09,Low Risk
北投區區民活動中心,臺北市新市街30號6樓,臺北市北投區,臺北市北投區,121.5024,25.1325,90,True,士林,31.0,3.55,Low Risk
西榮里民活動中心,西定路80巷48號,基隆市中山區,基隆市中山區,121.7363,25.1332,50,True,基隆,36.0,2.43,Low Risk
安樂高中活動中心,基隆市安樂區安一路360號,基隆市安樂區,基隆市安樂區,121.7333,25.1336,175,True,基隆,36.0,2.74,Low Risk
北投國小,臺北市北投區中央北路1段173號,臺北市北投區,臺北市北投區,121.5003,25.1342,195,True,士林,31.0,3.81,Low Risk
北投國中,北投區溫泉路62號,臺北市北投區,臺北市北投區,121.5042,25.1345,30,True,士林,31.0,3.69,Low Risk
中山里民活動中心,中山一路219號二樓,基隆市中山區,基隆市中山區,121.7394,25.1345,40,True,基隆,36.0,2.16,Low Risk
民治里民活動中心,中山一路219號一樓,基隆市中山區,基隆市中山區,121.7395,25.1345,40,True,基隆,36.0,2.15,Low Risk
東光里民活動中心,崇法街133號地下室,基隆市信義區,基隆市信義區,121.7683,25.1345,107,True,基隆,36.0,1.02,Low Risk
桃源國中,北投區中央北路4段48號,臺北市北投區,臺北市北投區,121.4773,25.1347,55,True,淡水,38.0,4.35,Low Risk
港通及正義里民活動中心,義一路87號7樓之1,基隆市中正區,基隆市中正區,121.7467,25.1347,26,True,基隆,36.0,1.48,Low Risk
私立聖心女中,龍米路一段263號,新北市八里區,新北市八里區,121.4496,25.1348,902,True,淡水,38.0,3.3,Low Risk
信義里民活動中心,信六路21號2樓,基隆市中正區,基隆市中正區,121.7477,25.135,61,True,基隆,36.0,1.4,Low Risk
太平市民活動中心,汕頭32號,新北市林口區,新北市林口區,121.366375,25.135255,82,True,林口,150.0,6.37,High Risk
新豐里民活動中心,新豐街482號3樓,基隆市中正區,基隆市中正區,121.7852,25.1356,23,True,基隆,36.0,2.63,Low Risk
中正國小活動中心,中船路36巷4號,基隆市中正區,基隆市中正區,121.7511,25.1357,270,True,基隆,36.0,1.16,Low Risk
興寮里民活動中心,基隆市安樂區基金一路41號,基隆市安樂區,基隆市安樂區,121.7203,25.136,74,True,基隆,36.0,4.07,Low Risk
西川里民活動中心,基隆市安樂區新西街一號,基隆市安樂區,基隆市安樂區,121.7322,25.1365,70,True,基隆,36.0,2.92,Low Risk
文化國小,北投區文化3路1號,臺北市北投區,臺北市北投區,121.4967,25.1371,30,True,士林,31.0,4.26,Low Risk
西定里民活動中心,西定路230號三樓,基隆市中山區,基隆市中山區,121.7323,25.1371,100,True,基隆,36.0,2.93,Low Risk
中興里民活動中心,中山二路11號,基隆市中山區,基隆市中山區,121.7407,25.1371,40,True,基隆,36.0,2.14,Low Risk
三砂灣聯合里民活動中心,中船路11號2樓,基隆市中正區,基隆市中正區,121.7503,25.1374,40,True,基隆,36.0,1.34,Low Risk
外寮里民活動中心,基隆市安樂區基金一路129巷6-1號,基隆市安樂區,基隆市安樂區,121.7111,25.1375,70,True,基隆,36.0,5.01,Low Risk
民生活動中心,民生路27號,新北市淡水區,新北市淡水區,121.4613,25.138,72,True,淡水,38.0,3.19,Low Risk
復興崗營區,中央北路二段70號,臺北市北投區,臺北市北投區,121.4929,25.1381,200,True,士林,31.0,4.55,Low Risk
復興崗營區,台北市北投區中央北路二段70號,基隆市中正區,臺北市北投區,121.492879,25.138105,361,True,士林,31.0,4.55,Low Risk
逸仙國小,臺北市北投區新民路2號,臺北市北投區,臺北市北投區,121.5052,25.1383,164,True,士林,31.0,4.06,Low Risk
新民國中,臺北市北投區新民路10號,臺北市北投區,臺北市北投區,121.5065,25.1389,207,True,士林,31.0,4.08,Low Risk
臺北市北投運動中心,石牌路一段39巷100號,臺北市北投區,臺北市北投區,121.5065,25.1389,384,True,士林,31.0,4.08,Low Risk
復興公園,臺北市北投區中和街200號,臺北市北投區,臺北市北投區,121.5024,25.139,3623,False,士林,31.0,4.22,Low Risk
砂子里民活動中心,調和街3號3樓,基隆市中正區,基隆市中正區,121.7965,25.1391,72,True,基隆,36.0,3.83,Low Risk
桃源國小,北投區中央北路3段40巷45號,臺北市北投區,臺北市北投區,121.4845,25.1396,30,True,淡水,38.0,4.5,Low Risk
八里國中,荖阡坑路15號,新北市八里區,新北市八里區,121.4013,25.1399,2360,True,淡水,38.0,5.55,Low Risk
新西里民活動中心,基隆市安樂區新西街106-1號,基隆市安樂區,基隆市安樂區,121.7271,25.14,74,True,基隆,36.0,3.53,Low Risk
八斗高中活動中心,新豐街100號,基隆市中正區,基隆市中正區,121.7885,25.1401,84,True,基隆,36.0,3.11,Low Risk
中山高中分部活動中心,中山二路105巷144號,基隆市中山區,基隆市中山區,121.735,25.1405,200,True,基隆,36.0,2.82,Low Risk
仁正里民活動中心,中山二路109巷13號,基隆市中山區,基隆市中山區,121.7387,25.1407,50,True,基隆,36.0,2.5,Low Risk
中砂里民活動中心,豐稔街50號,基隆市中正區,基隆市中正區,121.7608,25.1408,22,True,基隆,36.0,1.3,Low Risk
碧砂里民活動中心,環港街84號2樓,基隆市中正區,基隆市中正區,121.7926,25.141,60,True,基隆,36.0,3.53,Low Risk
西康里民活動中心,復興路24號,基隆市中山區,基隆市中山區,121.727,25.1416,30,True,基隆,36.0,3.6,Low Risk
中和里民活動中心,中平街95號,基隆市中山區,基隆市中山區,121.7225,25.1418,70,True,基隆,36.0,4.03,Low Risk
義方國小,北投區珠海路155號,臺北市北投區,臺北市北投區,121.5093,25.142,120,True,士林,31.0,4.36,Low Risk
正砂里民活動中心,中正路211號,基隆市中正區,基隆市中正區,121.7604,25.142,60,True,基隆,36.0,1.43,Low Risk
砂灣里民活動中心,祥豐街66號3樓,基隆市中正區,基隆市中正區,121.7639,25.142,58,True,基隆,36.0,1.48,Low Risk
健民里民活動中心,健民街5號,基隆市中山區,基隆市中山區,121.7376,25.1423,50,True,基隆,36.0,2.69,Low Risk
和平里民活動中心,中山三路103巷82之2號,基隆市中山區,基隆市中山區,121.7444,25.1427,20,True,基隆,36.0,2.18,Low Risk
中崙里民活動中心,基隆市安樂區基金二路三巷三號,基隆市安樂區,基隆市安樂區,121.7023,25.143,131,True,基隆,36.0,6.01,Low Risk
八斗里民活動中心,八斗街57號,基隆市中正區,基隆市中正區,121.7967,25.1432,41,True,基隆,36.0,4.01,Low Risk
復興高中,北投區復興四路70號,臺北市北投區,臺北市北投區,121.5018,25.1437,300,True,士林,31.0,4.73,Low Risk
居仁里民活動中心,通仁街162號,基隆市中山區,基隆市中山區,121.7341,25.1438,55,True,基隆,36.0,3.08,Low Risk
八斗子環保公園,北寧路369巷,基隆市中正區,基隆市中正區,121.803422,25.144127,500,False,基隆,36.0,4.67,Low Risk
通化里民活動中心,復旦路10號,基隆市中山區,基隆市中山區,121.7393,25.1455,90,True,基隆,36.0,2.77,Low Risk
中山國小,通仁街28號,基隆市中山區,基隆市中山區,121.735939,25.14597,86,True,基隆,36.0,3.06,Low Risk
竹圍高中,竹林路35號,新北市淡水區,新北市淡水區,121.4617,25.146,612,True,淡水,38.0,2.41,Low Risk
建國里民活動中心,祥豐街467號2樓,基隆市中正區,基隆市中正區,121.7696,25.146,54,True,基隆,36.0,2.1,Low Risk
中和國小,中和路64號,基隆市中山區,基隆市中山區,121.7204,25.1462,50,True,基隆,36.0,4.42,Low Risk
德和里民活動中心,復興路206號,基隆市中山區,基隆市中山區,121.7268,25.1464,50,True,基隆,36.0,3.86,Low Risk
米倉國小,龍米路2段129巷1號,新北市八里區,新北市八里區,121.4454,25.1468,688,True,淡水,38.0,2.01,Low Risk
仙洞國小,仁安街141號,基隆市中山區,基隆市中山區,121.747111,25.147188,76,True,基隆,36.0,2.39,Low Risk
竹圍國小,中正東路2段145號,新北市淡水區,新北市淡水區,121.4602,25.1475,580,True,淡水,38.0,2.19,Low Risk
仙洞里民活動中心,太白街2之3號,基隆市中山區,基隆市中山區,121.7464,25.1477,60,True,基隆,36.0,2.48,Low Risk
通明里休閒活動中心,中華路42號,基隆市中山區,基隆市中山區,121.7382,25.1479,60,True,基隆,36.0,3.03,Low Risk
基隆海事活動中心,祥豐街246號,基隆市中正區,基隆市中正區,121.7715,25.148,148,True,基隆,36.0,2.39,Low Risk
通明里民活動中心,中華路46巷2號,基隆市中山區,基隆市中山區,121.7382,25.1483,60,True,基隆,36.0,3.06,Low Risk
中濱里民活動中心,武昌街70巷23號,基隆市中正區,基隆市中正區,121.7642,25.1485,40,True,基隆,36.0,2.19,Low Risk
文化活動中心,中山路2段251號1樓,新北市八里區,新北市八里區,121.4029,25.1487,50,True,淡水,38.0,4.98,Low Risk
泉源國小,臺北市北投區東昇路34號,臺北市北投區,臺北市北投區,121.5243,25.1492,30,True,陽明,36.0,3.77,Low Risk
八里國小,中山路二段338號,新北市八里區,新北市八里區,121.403,25.1495,1243,True,淡水,38.0,4.94,Low Risk
中正里民活動中心,中正路656巷146號,基隆市中正區,基隆市中正區,121.7672,25.1495,60,True,基隆,36.0,2.37,Low Risk
德安里民活動中心,復興路259巷1之1號,基隆市中山區,基隆市中山區,121.7264,25.1499,45,True,基隆,36.0,4.1,Low Risk
湖山國小,臺北市北投區湖底路11號,臺北市北投區,臺北市北投區,121.5355,25.15,20,True,陽明,36.0,3.69,Low Risk
國立臺灣海洋大學,北寧路2號,基隆市中正區,基隆市中正區,121.776731,25.150069,629,True,基隆,36.0,2.87,Low Risk
大慶活動中心,中和路168巷10弄37號,基隆市中山區,基隆市中山區,121.7153,25.151,120,True,基隆,36.0,5.12,Low Risk
中正區公所,中正路674號7樓,基隆市中正區,基隆市中正區,121.7678,25.1515,25,True,基隆,36.0,2.6,Low Risk
太白里民活動中心,光華路7號2樓,基隆市中山區,基隆市中山區,121.743,25.1518,40,True,基隆,36.0,3.05,Low Risk
基隆市中山區公所,文化路168號五樓,基隆市中山區,基隆市中山區,121.7295,25.1526,50,True,基隆,36.0,4.03,Low Risk
文化里民活動中心,文化路161巷44之5號,基隆市中山區,基隆市中山區,121.7317,25.1535,60,True,基隆,36.0,3.93,Low Risk
中山高中活動中心,文化路162號,基隆市中山區,基隆市中山區,121.7307,25.1542,160,True,基隆,36.0,4.06,Low Risk
和平島聯合里民活動中心,和一路155巷14號,基隆市中正區,基隆市中正區,121.7643,25.1546,55,True,基隆,36.0,2.86,Low Risk
大屯國小,北投區復興三路312號,臺北市北投區,臺北市北投區,121.5043,25.1547,20,True,陽明,36.0,4.02,Low Risk
平寮里民活動中心,和一路186號,基隆市中正區,基隆市中正區,121.7638,25.1551,21,True,基隆,36.0,2.91,Low Risk
和平國小活動中心,和一路84巷26號,基隆市中正區,基隆市中正區,121.766067,25.15565,100,True,基隆,36.0,3.01,Low Risk
內寮里民活動中心,基隆市安樂區武聖街九號,基隆市安樂區,基隆市安樂區,121.6965,25.1569,127,True,基隆,36.0,7.1,Low Risk
協和里民活動中心,協和路150號,基隆市中山區,基隆市中山區,121.7345,25.1573,50,True,基隆,36.0,4.05,Low Risk
坪頂國小,小坪頂18號,新北市淡水區,新北市淡水區,121.4839,25.1583,395,True,淡水,38.0,3.56,Low Risk
大崁老人活動中心,中山路1段21號,新北市八里區,新北市八里區,121.4221,25.1589,100,True,淡水,38.0,2.8,Low Risk
渡船頭市民活動中心,渡船頭街11巷8號,新北市八里區,新北市八里區,121.4344,25.1589,50,True,淡水,38.0,1.62,Low Risk
大埤頂市民活動中心,中山路1段95號,新北市八里區,新北市八里區,121.4152,25.1591,70,True,淡水,38.0,3.48,Low Risk
崁腳國小,崁腳里崁腳路59號,新北市萬里區,新北市萬里區,121.6486,25.1599,251,True,汐止,52.0,10.44,Low Risk
大崁國小,忠八街2號,新北市八里區,新北市八里區,121.4194,25.1603,1193,True,淡水,38.0,3.04,Low Risk
崁腳活動中心,崁腳里崁腳路55-1號,新北市萬里區,新北市萬里區,121.6497,25.1605,30,True,汐止,52.0,10.52,Low Risk
竿蓁活動中心,中正東路一段3巷6號,新北市淡水區,新北市淡水區,121.451437,25.163513,193,True,淡水,38.0,0.25,Low Risk
興音寺,興福寮1-6號,新北市淡水區,新北市淡水區,121.48835,25.163997,150,True,淡水,38.0,3.94,Low Risk
大坪國小,萬里區雙興里大坪路19號,新北市萬里區,新北市萬里區,121.6364,25.1642,240,True,汐止,52.0,10.9,Low Risk
真聖宮,興福寮6之1號,新北市淡水區,新北市淡水區,121.492159,25.165487,50,True,陽明,36.0,4.23,Low Risk
湖田國小,北投區竹子湖路17-2號,臺北市北投區,臺北市北投區,121.5387,25.1684,20,True,陽明,36.0,1.84,Low Risk
樹興里活動中心,樹林口14-2號,新北市淡水區,新北市淡水區,121.476943,25.168467,30,True,淡水,38.0,2.82,Low Risk
長青醫院,糞箕湖1-5號,新北市淡水區,新北市淡水區,121.482713,25.171075,100,True,淡水,38.0,3.45,Low Risk
長庚活動中心,中山路72巷1弄10號,新北市淡水區,新北市淡水區,121.4432,25.1711,74,True,淡水,38.0,0.95,Low Risk
鄧公國小,學府路99號,新北市淡水區,新北市淡水區,121.4493,25.1713,1066,True,淡水,38.0,0.76,Low Risk
中興活動中心,水源街一段29號,新北市淡水區,新北市淡水區,121.4432,25.1723,57,True,淡水,38.0,1.06,Low Risk
淡水國小,中山路160號,新北市淡水區,新北市淡水區,121.4414,25.1734,665,True,淡水,38.0,1.27,Low Risk
文化國小,真理街6號,新北市淡水區,新北市淡水區,121.4374,25.174,436,True,淡水,38.0,1.59,Low Risk
淡水國中,真理街10號,新北市淡水區,新北市淡水區,121.4367,25.1747,1608,True,淡水,38.0,1.7,Low Risk
萬里國小,萬里里瑪鋉路18號,新北市萬里區,新北市萬里區,121.689132,25.176187,897,True,基隆,36.0,8.85,Low Risk
萬里國中,獅頭路24號,新北市萬里區,新北市萬里區,121.694414,25.177791,475,True,基隆,36.0,8.54,Low Risk
萬里區行政大樓,萬里里瑪鋉路123號6樓,新北市萬里區,新北市萬里區,121.6854,25.1778,214,True,基隆,36.0,9.26,Low Risk
中華商業海事職業學校,瑪鋉路15號,新北市萬里區,新北市萬里區,121.685353,25.177827,125,True,基隆,36.0,9.26,Low Risk
獅頭路瑪鋉公園,中萬里加投瑪鋉港口小段269-20地號,新北市萬里區,新北市萬里區,121.691926,25.177832,225,False,基隆,36.0,8.74,Low Risk
水碓活動中心,中山北路158號,新北市淡水區,新北市淡水區,121.4442,25.178,102,True,淡水,38.0,1.58,Low Risk
萬里區行政大樓,萬里里瑪鋉路123號6樓,新北市萬里區,新北市萬里區,121.689623,25.178167,214,True,基隆,36.0,8.94,Low Risk
新興活動中心,大義街18號,新北市淡水區,新北市淡水區,121.443054,25.178396,446,True,淡水,38.0,1.67,Low Risk
正德國中,北新路109號,新北市淡水區,新北市淡水區,121.4476,25.179,2005,True,淡水,38.0,1.62,Low Risk
新興國小,新興街123號,新北市淡水區,新北市淡水區,121.44,25.1797,663,True,淡水,38.0,1.93,Low Risk
天生國小,淡海路72巷26號,新北市淡水區,新北市淡水區,121.4243,25.1816,798,True,淡水,38.0,3.15,Low Risk
淡海活動中心,淡海路111號,新北市淡水區,新北市淡水區,121.422969,25.181789,148,True,淡水,38.0,3.27,Low Risk
鎮北宮,玉田路4-2號,新北市萬里區,新北市萬里區,121.680262,25.183902,175,True,基隆,36.0,10.08,Low Risk
水源國小,北新路二段15號,新北市淡水區,新北市淡水區,121.4765,25.1858,614,True,淡水,38.0,3.62,Low Risk
水源里活動中心,北新路二段15號2樓,新北市淡水區,新北市淡水區,121.476527,25.185817,85,True,淡水,38.0,3.63,Low Risk
新市國小,中山北路二段200號,新北市淡水區,新北市淡水區,121.44451,25.186023,1490,True,淡水,38.0,2.44,Low Risk
淡水商工,商工路307號,新北市淡水區,新北市淡水區,121.454,25.1868,1264,True,淡水,38.0,2.53,Low Risk
基督教芥菜種營地,玉田路25號,新北市萬里區,新北市萬里區,121.678967,25.191878,200,False,基隆,36.0,10.73,Low Risk
育英國小,埤島里14號,新北市淡水區,新北市淡水區,121.4449,25.197,261,True,淡水,38.0,3.64,Low Risk
仁愛之家,龜吼里玉田路61號,新北市萬里區,新北市萬里區,121.6841,25.1978,269,True,基隆,36.0,10.8,Low Risk
忠山國小,行忠路899號,新北市淡水區,新北市淡水區,121.48,25.2011,213,True,淡水,38.0,5.11,Low Risk
磺潭社區親水公園,員潭路,新北市萬里區,新北市萬里區,121.646291,25.202226,225,False,陽明,36.0,11.94,Low Risk
野柳活動中心,野柳里港東路1-5號,新北市萬里區,新北市萬里區,121.6861,25.2029,216,True,基隆,36.0,11.07,Low Risk
新北市三芝區興華國民小學,田心子5號,新北市三芝區,新北市三芝區,121.501531,25.203711,408,True,陽明,36.0,3.66,Low Risk
野柳國小,港東路167號,新北市萬里區,新北市萬里區,121.689442,25.205606,658,True,基隆,36.0,11.08,Low Risk
大鵬國小,萬里加投14號,新北市萬里區,新北市萬里區,121.650866,25.208821,1306,True,陽明,36.0,12.54,Low Risk
頂寮活動中心,頂社路18號之6,新北市萬里區,新北市萬里區,121.655728,25.210529,69,True,陽明,36.0,13.06,Low Risk
公館崙公園,月眉路,新北市金山區,新北市金山區,121.631809,25.213216,500,True,陽明,36.0,10.83,Low Risk
興仁國小,興仁路101巷10號,新北市淡水區,新北市淡水區,121.4511,25.2175,450,True,淡水,38.0,5.9,Low Risk
金山朝天宮,六股林口38-3號,新北市金山區,新北市金山區,121.602476,25.218034,75,True,陽明,36.0,8.32,Low Risk
三和國小,金山區重和里六股林口38號,新北市金山區,新北市金山區,121.6029,25.2189,156,True,陽明,36.0,8.4,Low Risk
金山區運動休閒廣場,金山區五湖里南勢53號,新北市金山區,新北市金山區,121.6283,25.221,702,False,陽明,36.0,10.81,Low Risk
新北市三芝區圓山里活動中心,木屐寮32號,新北市三芝區,新北市三芝區,121.5295,25.221698,24,True,陽明,36.0,4.33,Low Risk
金美國小,金山區美田里忠孝一路111號,新北市金山區,新北市金山區,121.6327,25.2217,892,True,陽明,36.0,11.24,Low Risk
中山堂〈1樓禮堂〉,金山區大同里溫泉路2巷10號,新北市金山區,新北市金山區,121.6408,25.2217,501,True,陽明,36.0,12.0,Low Risk
金山國小,金山區大同里金包里街180號,新北市金山區,新北市金山區,121.6367,25.2237,503,True,陽明,36.0,11.7,Low Risk
中泰國小,中和里北勢子5號,新北市淡水區,新北市淡水區,121.4847,25.2241,915,True,陽明,36.0,6.45,Low Risk
金山高中,金山區美田里文化路2號,新北市金山區,新北市金山區,121.6372,25.2246,520,True,陽明,36.0,11.79,Low Risk
金山青年活動中心,金山區磺港里青年路1號,新北市金山區,新北市金山區,121.6411,25.2259,23369,True,陽明,36.0,12.2,Low Risk
六三社區活動中心,三界壇路101-1號,新北市金山區,新北市金山區,121.620711,25.230093,45,True,陽明,36.0,10.57,Low Risk
金山區獅頭山公園,溫泉路,新北市金山區,新北市金山區,121.649304,25.231103,500,False,陽明,36.0,13.19,Low Risk
聖德宮,三界壇路72號,新北市金山區,新北市金山區,121.619908,25.231106,187,True,陽明,36.0,10.56,Low Risk
新北市三芝區八賢里活動中心,八連溪41號,新北市三芝區,新北市三芝區,121.513105,25.237065,45,True,陽明,36.0,6.27,Low Risk
屯山國小,淡金路五段111號,新北市淡水區,新北市淡水區,121.4564,25.2373,251,True,淡水,38.0,8.13,Low Risk
中角國小,金山區萬壽里海興路49號,新北市金山區,新北市金山區,121.6306,25.2398,249,True,富貴角,62.0,11.38,Low Risk
萬壽活動中心,海興路69號之1,新北市金山區,新北市金山區,121.631354,25.2405,73,True,富貴角,62.0,11.4,Low Risk
妙濟寺,4鄰內阿里磅1號,新北市石門區,新北市石門區,121.592343,25.254077,62,True,富貴角,62.0,7.35,Low Risk
新北市三芝區公有市場,新北區三芝區民生街31號,新北市三芝區,新北市三芝區,121.5036,25.2564,90,True,富貴角,62.0,5.58,Low Risk
三芝區公所,新北區三芝區中山路一段32號,新北市三芝區,新北市三芝區,121.5011,25.2578,60,True,富貴角,62.0,5.62,Low Risk
新北市三芝區三芝國民小學,新北區三芝區育英街22號,新北市三芝區,新北市三芝區,121.5016,25.2579,956,True,富貴角,62.0,5.58,Low Risk
三芝農會,新北區三芝區中山路一段6號,新北市三芝區,新北市三芝區,121.5011,25.2585,63,True,富貴角,62.0,5.56,Low Risk
新北市三芝區橫山國民小學,大坑86號,新北市三芝區,新北市三芝區,121.529765,25.258894,319,True,富貴角,62.0,4.27,Low Risk
新北市立三芝國民中學,新北區三芝區淡金路一段38號,新北市三芝區,新北市三芝區,121.5028,25.26,1182,True,富貴角,62.0,5.32,Low Risk
乾華國小禮堂,石門區茂林社區74號,新北市石門區,新北市石門區,121.5923,25.2693,671,True,富貴角,62.0,6.38,Low Risk
茂林里活動中心,茂林社區1-1號,新北市石門區,新北市石門區,121.591831,25.27188,110,True,富貴角,62.0,6.21,Low Risk
草里里活動中心,草里里阿里荖33號之1,新北市石門區,新北市石門區,121.606719,25.28074,78,True,富貴角,62.0,7.28,Low Risk
北海岸風景管理處德茂里活動中心,德茂里下員坑 33-6號,新北市石門區,新北市石門區,121.519157,25.283263,25,True,富貴角,62.0,2.31,Low Risk
老梅國小教室,石門區老梅老梅路10號,新北市石門區,新北市石門區,121.545,25.2889,426,True,富貴角,62.0,1.22,Low Risk
富基里活動中心,富基里楓林37-6號,新北市石門區,新北市石門區,121.540628,25.289023,69,True,富貴角,62.0,0.96,Low Risk
老梅里活動中心,老梅里老梅路43號3樓,新北市石門區,新北市石門區,121.545195,25.289433,54,True,富貴角,62.0,1.19,Low Risk
山溪里活動中心,山溪里老崩山6-5號,新北市石門區,新北市石門區,121.55172,25.290889,275,True,富貴角,62.0,1.66,Low Risk
石門里活動中心,石門街一號,新北市石門區,新北市石門區,121.565885,25.291194,52,True,富貴角,62.0,3.01,Low Risk
石門區體育館,石門區石門里中央路1-9號,新北市石門區,新北市石門區,121.5645,25.2912,325,True,富貴角,62.0,2.88,Low Risk
石門區公所,石門區尖鹿里中山路66號,新北市石門區,新北市石門區,121.5679,25.2912,312,True,富貴角,62.0,3.21,Low Risk
石門國民中學,石門區尖鹿里中央路1--9號,新北市石門區,新北市石門區,121.5646,25.2913,435,True,富貴角,62.0,2.88,Low Risk
石門國小,中央路9號,新北市石門區,新北市石門區,121.56704,25.291855,695,True,富貴角,62.0,3.11,Low Risk
尖鹿里活動中心,尖鹿里中央路9之3號1樓,新北市石門區,新北市石門區,121.566842,25.292022,25,True,富貴角,62.0,3.09,Low Risk
馬祖綜合福利園區,100號,連江縣北竿鄉,連江縣南竿鄉,119.9428,26.1525,0,True,馬祖,32.0,1.0,Low Risk
國立馬祖高中,374號,連江縣南竿鄉,連江縣南竿鄉,119.9551,26.1541,0,True,馬祖,32.0,0.24,Low Risk
連江縣體育館,374-2號,連江縣南竿鄉,連江縣南竿鄉,119.9533,26.155,0,True,馬祖,32.0,0.15,Low Risk
老人活動中心,156號,連江縣南竿鄉,連江縣南竿鄉,119.9575,26.1551,0,True,馬祖,32.0,0.5,Low Risk
中正國中小學教室,4號,連江縣南竿鄉,連江縣南竿鄉,119.9254,26.1591,0,True,馬祖,32.0,2.79,Low Risk
介壽國中小學教室,13號,連江縣南竿鄉,連江縣南竿鄉,119.9551,26.1601,0,True,馬祖,32.0,0.75,Low Risk
福沃候船大樓,港口,連江縣南竿鄉,連江縣南竿鄉,119.9494,26.1605,0,True,馬祖,32.0,0.82,Low Risk
港務大樓,72號,連江縣北竿鄉,連江縣北竿鄉,119.969141,26.205717,100,True,馬祖,32.0,6.01,Low Risk
?里國小,59號,連江縣北竿鄉,連江縣北竿鄉,119.974369,26.215342,0,True,馬祖,32.0,7.18,Low Risk
塘岐國小,55號,連江縣北竿鄉,連江縣北竿鄉,119.997023,26.223545,0,True,馬祖,32.0,8.93,Low Risk
楊公八使廟,22號,連江縣北竿鄉,連江縣北竿鄉,120.007001,26.223712,0,True,馬祖,32.0,9.48,Low Risk
中山國中,84號,連江縣北竿鄉,連江縣北竿鄉,119.980487,26.224023,0,True,馬祖,32.0,8.29,Low Risk
老人活動中心,260-1號,連江縣北竿鄉,連江縣北竿鄉,119.997413,26.225534,0,True,馬祖,32.0,9.14,Low Risk
塘歧羽球館,北竿鄉塘岐村,連江縣北竿鄉,連江縣北竿鄉,119.996627,26.227096,0,True,馬祖,32.0,9.26,Low Risk
三合殿,100號,連江縣北竿鄉,連江縣北竿鄉,119.993381,26.234607,0,True,馬祖,32.0,9.87,Low Risk
東引鄉活動中心,72-1號,連江縣東引鄉,連江縣東引鄉,120.487955,26.366913,0,True,馬祖,32.0,58.4,Low Risk
東引國中小教室,94號,連江縣東引鄉,連江縣東引鄉,120.488451,26.367919,0,True,馬祖,32.0,58.49,Low Risk
東引鄉體育館,95號,連江縣東引鄉,連江縣東引鄉,120.487894,26.368364,0,True,馬祖,32.0,58.46,Low Risk
